,toMaturity,strike,bid,ask,midPrice,impliedVolatility
558,0.26575342465753427,105.0,120.4,122.95,121.67500000000001,0.91992267578125
559,0.26575342465753427,110.0,115.45,118.05,116.75,0.8789074609374999
560,0.26575342465753427,115.0,110.5,113.05,111.775,0.8339860351562498
561,0.26575342465753427,120.0,108.0,108.7,108.35,0.9190681921386719
562,0.26575342465753427,125.0,100.65,103.25,101.95,0.7605004418945314
563,0.26575342465753427,130.0,95.8,98.75,97.275,0.7443873217773438
564,0.26575342465753427,135.0,90.85,92.45,91.65,0.6506382592773439
565,0.26575342465753427,140.0,85.95,88.5,87.225,0.6568637829589845
566,0.26575342465753427,145.0,81.05,83.55,82.3,0.6223182299804688
567,0.26575342465753427,150.0,76.15,79.1,77.625,0.6040078662109377
568,0.26575342465753427,155.0,71.25,73.8,72.525,0.5593305786132813
569,0.26575342465753427,160.0,66.35,68.9,67.625,0.527470545654297
570,0.26575342465753427,165.0,61.45,64.05,62.75,0.5598188549804688
571,0.26575342465753427,170.0,56.6,59.15,57.875,0.5245408874511719
572,0.26575342465753427,175.0,51.8,54.45,53.125,0.49750258361816413
573,0.26575342465753427,180.0,47.0,49.65,48.325,0.46594772338867196
574,0.26575342465753427,185.0,43.35,43.9,43.625,0.39990834472656256
575,0.26575342465753427,190.0,38.6,39.2,38.900000000000006,0.37317521362304684
576,0.26575342465753427,195.0,34.2,34.6,34.400000000000006,0.3484562225341796
577,0.26575342465753427,200.0,29.9,30.25,30.075,0.3292913751220703
578,0.26575342465753427,205.0,25.7,26.1,25.9,0.3124458404541015
579,0.26575342465753427,210.0,21.8,22.15,21.975,0.2967599621582031
580,0.26575342465753427,215.0,18.15,18.5,18.325,0.2836070175170897
581,0.26575342465753427,220.0,14.85,15.35,15.1,0.27616080291748035
582,0.26575342465753427,225.0,11.95,12.3,12.125,0.2645947564697265
583,0.26575342465753427,230.0,9.4,9.6,9.5,0.25391371093750004
584,0.26575342465753427,235.0,7.2,7.55,7.375,0.2501906036376953
585,0.26575342465753427,240.0,5.4,5.6,5.5,0.24131007720947267
586,0.26575342465753427,245.0,3.95,4.1,4.025,0.23535920898437498
587,0.26575342465753427,250.0,2.75,3.05,2.9,0.23389437988281248
588,0.26575342465753427,255.0,2.03,2.14,2.085,0.22937782348632813
589,0.26575342465753427,260.0,1.44,1.61,1.525,0.23157506713867188
590,0.26575342465753427,265.0,1.01,1.14,1.075,0.2304764453125
591,0.26575342465753427,270.0,0.73,0.8,0.765,0.22974403076171873
592,0.26575342465753427,275.0,0.51,0.61,0.56,0.23365024169921872
593,0.26575342465753427,280.0,0.36,0.42,0.39,0.2329178271484375
594,0.26575342465753427,285.0,0.28,0.32,0.30000000000000004,0.2368240380859375
595,0.26575342465753427,290.0,0.21,0.25,0.22999999999999998,0.241218525390625
596,0.26575342465753427,295.0,0.15,0.2,0.175,0.24634542724609376
597,0.26575342465753427,300.0,0.13,0.16,0.14500000000000002,0.25098405273437496
598,0.26575342465753427,305.0,0.1,0.14,0.12000000000000001,0.25879647460937505
599,0.26575342465753427,310.0,0.08,0.11,0.095,0.2622144091796875
600,0.26575342465753427,315.0,0.07,0.1,0.085,0.2700268310546875
601,0.26575342465753427,320.0,0.05,0.09,0.07,0.27735097656249996
602,0.26575342465753427,325.0,0.04,0.08,0.06,0.2841868457031249
603,0.26575342465753427,330.0,0.04,0.07,0.05500000000000001,0.29004616210937495
604,0.26575342465753427,335.0,0.0,0.06,0.03,0.29492892578124996
605,0.26575342465753427,340.0,0.03,0.06,0.045,0.304694453125
606,0.26575342465753427,345.0,0.02,0.05,0.035,0.30762411132812495
607,0.26575342465753427,350.0,0.02,0.05,0.035,0.31641308593749995
608,0.26575342465753427,355.0,0.02,0.09,0.055,0.34668622070312494
609,0.26575342465753427,360.0,0.02,0.08,0.05,0.35156898437499995
610,0.26575342465753427,365.0,0.0,0.08,0.04,0.36035795898437495
611,0.26575342465753427,370.0,0.0,0.08,0.04,0.36914693359375
612,0.26575342465753427,375.0,0.0,0.08,0.04,0.37793590820312495
613,0.26575342465753427,380.0,0.0,0.03,0.015,0.34961587890624996
614,0.26575342465753427,100.0,0.04,0.07,0.05500000000000001,0.5898478515625001
615,0.26575342465753427,105.0,0.05,0.08,0.065,0.5644574804687501
616,0.26575342465753427,110.0,0.06,0.09,0.075,0.5410202148437502
617,0.26575342465753427,115.0,0.07,0.1,0.085,0.51758294921875
618,0.26575342465753427,120.0,0.08,0.12,0.1,0.507817421875
619,0.26575342465753427,125.0,0.1,0.13,0.115,0.4819387744140625
620,0.26575342465753427,130.0,0.11,0.14,0.125,0.45703667968750006
621,0.26575342465753427,135.0,0.13,0.16,0.14500000000000002,0.43555251953125
622,0.26575342465753427,140.0,0.15,0.98,0.565,0.5478560839843751
623,0.26575342465753427,145.0,0.17,0.21,0.19,0.39551385742187506
624,0.26575342465753427,150.0,0.2,0.24,0.22,0.3754945263671875
625,0.26575342465753427,155.0,0.24,0.28,0.26,0.3569400244140625
626,0.26575342465753427,160.0,0.29,0.35,0.31999999999999995,0.34229173339843744
627,0.26575342465753427,165.0,0.36,0.39,0.375,0.3215399877929687
628,0.26575342465753427,170.0,0.44,0.47,0.45499999999999996,0.30493859130859374
629,0.26575342465753427,175.0,0.55,0.59,0.5700000000000001,0.29077857666015616
630,0.26575342465753427,180.0,0.71,0.78,0.745,0.2797923583984374
631,0.26575342465753427,185.0,0.93,0.98,0.9550000000000001,0.2657544128417969
632,0.26575342465753427,190.0,1.24,1.36,1.3,0.25830819824218754
633,0.26575342465753427,195.0,1.66,1.79,1.725,0.24781025634765624
634,0.26575342465753427,200.0,2.22,2.39,2.305,0.2387771435546875
635,0.26575342465753427,205.0,3.0,3.2,3.1,0.23072058349609376
636,0.26575342465753427,210.0,4.0,4.15,4.075,0.22028367614746092
637,0.26575342465753427,215.0,5.35,5.5,5.425,0.21326470336914063
638,0.26575342465753427,220.0,6.9,7.15,7.025,0.20539124694824218
639,0.26575342465753427,225.0,6.9,9.2,8.05,0.1979450323486328
640,0.26575342465753427,230.0,11.25,11.65,11.45,0.19001054138183598
641,0.26575342465753427,235.0,14.15,14.75,14.45,0.1867146759033203
642,0.26575342465753427,240.0,17.0,18.85,17.925,0.19855537780761717
643,0.26575342465753427,245.0,20.65,22.6,21.625,0.1939777868652344
644,0.26575342465753427,250.0,25.25,26.6,25.925,0.18665364135742188
645,0.26575342465753427,255.0,29.8,31.15,30.475,0.1907429559326172
646,0.26575342465753427,260.0,33.0,36.25,34.625,0.2161943615722656
647,0.26575342465753427,265.0,38.3,41.25,39.775,0.2362136926269531
648,0.26575342465753427,270.0,43.3,46.25,44.775,0.2555006091308594
649,0.26575342465753427,280.0,52.45,53.4,52.925,1.0000000000000003e-05
650,0.26575342465753427,290.0,59.85,62.9,61.375,1.0000000000000003e-05
651,0.3424657534246575,5.0,221.0,223.45,222.225,5.0195349755859375
652,0.3424657534246575,40.0,189.85,192.35,191.1,2.4082071044921873
653,0.3424657534246575,45.0,179.7,182.3,181.0,1.4741237231445314
654,0.3424657534246575,50.0,178.55,181.4,179.97500000000002,1.9685060168457031
655,0.3424657534246575,55.0,169.85,172.45,171.14999999999998,1.3271518017578123
656,0.3424657534246575,60.0,164.95,167.6,166.27499999999998,1.2722204357910152
657,0.3424657534246575,65.0,156.9,159.65,158.275,1.0000000000000003e-05
658,0.3424657534246575,70.0,155.15,157.75,156.45,1.1596721704101562
659,0.3424657534246575,75.0,160.05,162.6,161.325,1.9019780291748047
660,0.3424657534246575,80.0,145.35,148.05,146.7,1.0698288696289064
661,0.3424657534246575,85.0,140.4,143.1,141.75,1.0185595947265624
662,0.3424657534246575,90.0,133.3,136.1,134.7,0.8798840136718749
663,0.3424657534246575,95.0,127.55,131.2,129.375,0.8466812207031249
664,0.3424657534246575,100.0,125.7,128.25,126.975,0.8876964355468748
665,0.3424657534246575,105.0,120.8,123.35,122.07499999999999,0.8499770861816407
666,0.3424657534246575,110.0,115.9,118.45,117.17500000000001,0.813478427734375
667,0.3424657534246575,115.0,111.0,113.55,112.275,0.7779563220214845
668,0.3424657534246575,120.0,106.1,108.7,107.4,0.7452418054199219
669,0.3424657534246575,125.0,101.2,103.8,102.5,0.7114286669921875
670,0.3424657534246575,130.0,96.3,98.9,97.6,0.6783479431152344
671,0.3424657534246575,135.0,92.15,94.05,93.1,0.6699251757812501
672,0.3424657534246575,140.0,86.55,89.15,87.85,0.6171913281250001
673,0.3424657534246575,145.0,81.65,84.3,82.975,0.5872233660888673
674,0.3424657534246575,150.0,76.8,79.35,78.07499999999999,0.5562788513183594
675,0.3424657534246575,155.0,71.95,74.2,73.075,0.5210008837890624
676,0.3424657534246575,160.0,67.1,69.7,68.4,0.5013477600097658
677,0.3424657534246575,165.0,62.3,64.55,63.425,0.5130663928222656
678,0.3424657534246575,170.0,57.6,60.05,58.825,0.495122236328125
679,0.3424657534246575,175.0,52.7,55.2,53.95,0.4642387561035156
680,0.3424657534246575,180.0,49.0,49.5,49.25,0.40595076477050784
681,0.3424657534246575,185.0,44.35,44.9,44.625,0.3842835009765625
682,0.3424657534246575,190.0,40.0,40.55,40.275,0.3684755535888672
683,0.3424657534246575,195.0,35.6,36.0,35.8,0.3451908743286133
684,0.3424657534246575,200.0,31.4,31.8,31.6,0.32898620239257803
685,0.3424657534246575,205.0,27.35,27.75,27.55,0.31357497955322267
686,0.3424657534246575,210.0,23.6,23.95,23.775,0.3004220349121094
687,0.3424657534246575,215.0,19.8,21.6,20.700000000000003,0.3127815304565429
688,0.3424657534246575,220.0,16.5,17.15,16.825,0.27851063293457035
689,0.3424657534246575,225.0,13.9,14.1,14.0,0.2675549319458008
690,0.3424657534246575,230.0,11.3,11.5,11.4,0.260047682800293
691,0.3424657534246575,235.0,9.0,9.25,9.125,0.25382215911865236
692,0.3424657534246575,240.0,7.05,7.25,7.15,0.2468642208862305
693,0.3424657534246575,245.0,5.45,5.65,5.550000000000001,0.24231714721679687
694,0.3424657534246575,250.0,4.15,4.35,4.25,0.23871610900878903
695,0.3424657534246575,260.0,2.38,2.45,2.415,0.2322464471435547
696,0.3424657534246575,270.0,1.32,1.38,1.35,0.23072058349609376
697,0.3424657534246575,280.0,0.75,0.8,0.775,0.23279575805664063
698,0.3424657534246575,290.0,0.45,0.48,0.46499999999999997,0.23706817626953125
699,0.3424657534246575,300.0,0.29,0.31,0.3,0.24390404541015626
700,0.3424657534246575,310.0,0.18,0.22,0.2,0.2534254345703125
701,0.3424657534246575,320.0,0.14,0.16,0.15000000000000002,0.26270268554687504
702,0.3424657534246575,330.0,0.09,0.12,0.105,0.27197993652343744
703,0.3424657534246575,340.0,0.08,0.1,0.09,0.2841868457031249
704,0.3424657534246575,350.0,0.05,0.08,0.065,0.29395237304687494
705,0.3424657534246575,360.0,0.05,0.06,0.055,0.3007882421875
706,0.3424657534246575,370.0,0.04,0.09,0.065,0.32959654785156245
707,0.3424657534246575,380.0,0.03,0.04,0.035,0.317389638671875
708,0.3424657534246575,5.0,0.0,0.07,0.035,2.3593791015624994
709,0.3424657534246575,10.0,0.0,0.01,0.005,1.5937520312499998
710,0.3424657534246575,15.0,0.0,0.03,0.015,1.5156274218749999
711,0.3424657534246575,20.0,0.0,0.0,0.0,0.500005
712,0.3424657534246575,25.0,0.0,0.0,0.0,0.500005
713,0.3424657534246575,30.0,0.0,0.02,0.01,1.0781296093750001
714,0.3424657534246575,35.0,0.0,0.0,0.0,0.500005
715,0.3424657534246575,40.0,0.0,0.03,0.015,0.9531254687499999
716,0.3424657534246575,45.0,0.0,0.03,0.015,0.8906260937499999
717,0.3424657534246575,50.0,0.0,0.03,0.015,0.8359391406249999
718,0.3424657534246575,55.0,0.01,0.03,0.02,0.8007832421875
719,0.3424657534246575,60.0,0.0,0.04,0.02,0.7500025
720,0.3424657534246575,65.0,0.02,0.12,0.06999999999999999,0.79883013671875
721,0.3424657534246575,70.0,0.03,0.07,0.05,0.726565234375
722,0.3424657534246575,75.0,0.03,0.07,0.05,0.68555001953125
723,0.3424657534246575,80.0,0.03,0.07,0.05,0.648441015625
724,0.3424657534246575,85.0,0.0,0.08,0.04,0.5976602734375001
725,0.3424657534246575,90.0,0.05,0.09,0.07,0.5976602734375001
726,0.3424657534246575,95.0,0.05,0.1,0.07500000000000001,0.56836369140625
727,0.3424657534246575,100.0,0.07,0.11,0.09,0.5478560839843751
728,0.3424657534246575,105.0,0.08,0.32,0.2,0.570316796875
729,0.3424657534246575,110.0,0.09,0.16,0.125,0.506840869140625
730,0.3424657534246575,115.0,0.13,0.14,0.135,0.48438015625
731,0.3424657534246575,120.0,0.13,0.16,0.14500000000000002,0.463872548828125
732,0.3424657534246575,125.0,0.14,0.18,0.16,0.44336494140625
733,0.3424657534246575,130.0,0.16,0.2,0.18,0.42236905761718746
734,0.3424657534246575,135.0,0.18,0.32,0.25,0.42407802490234375
735,0.3424657534246575,140.0,0.22,0.45,0.335,0.4194393994140625
736,0.3424657534246575,145.0,0.25,0.29,0.27,0.3657289990234375
737,0.3424657534246575,150.0,0.32,0.37,0.345,0.3540103662109374
738,0.3424657534246575,155.0,0.36,0.4,0.38,0.33350275878906255
739,0.3424657534246575,160.0,0.43,0.47,0.44999999999999996,0.31763377685546873
740,0.3424657534246575,165.0,0.53,0.57,0.55,0.30371790039062496
741,0.3424657534246575,170.0,0.66,0.71,0.685,0.2913889221191405
742,0.3424657534246575,175.0,0.85,0.89,0.87,0.27967028930664056
743,0.3424657534246575,180.0,1.09,1.18,1.135,0.2716747637939453
744,0.3424657534246575,185.0,1.41,1.46,1.435,0.2594068200683594
745,0.3424657534246575,190.0,1.83,1.88,1.855,0.25012956909179684
746,0.3424657534246575,195.0,2.37,2.51,2.44,0.24414818359375
747,0.3424657534246575,200.0,3.05,3.2,3.125,0.2350540362548828
748,0.3424657534246575,205.0,3.9,4.15,4.025,0.22827920166015625
749,0.3424657534246575,210.0,5.0,5.3,5.15,0.22083298706054685
750,0.3424657534246575,215.0,6.45,6.7,6.575,0.21323418609619144
751,0.3424657534246575,220.0,8.1,8.35,8.225,0.2046588323974609
752,0.3424657534246575,225.0,10.15,10.4,10.275,0.19739572143554687
753,0.3424657534246575,230.0,12.35,12.8,12.575,0.18967485137939455
754,0.3424657534246575,235.0,14.55,15.6,15.075,0.18198449859619142
755,0.3424657534246575,240.0,17.85,19.7,18.775,0.1938252005004883
756,0.3424657534246575,245.0,21.25,23.35,22.3,0.18994950683593753
757,0.3424657534246575,250.0,25.3,27.15,26.225,0.18158777404785154
758,0.3424657534246575,260.0,33.05,36.4,34.724999999999994,0.1966633068847656
759,0.3424657534246575,270.0,44.55,46.25,45.4,0.2254716125488281
760,0.3424657534246575,280.0,53.3,56.25,54.775,0.25763681823730467
761,0.3424657534246575,290.0,63.3,66.25,64.775,0.2877268493652343
762,0.3424657534246575,300.0,74.55,76.25,75.4,0.3161689477539062
763,0.3424657534246575,310.0,84.55,86.25,85.4,0.34290207885742185
764,0.3424657534246575,320.0,93.3,96.25,94.775,0.3684145190429688
765,0.3424657534246575,340.0,113.3,116.25,114.775,0.4158993957519531
766,0.3424657534246575,350.0,124.55,125.5,125.025,0.3746400427246094
767,0.3424657534246575,380.0,150.35,152.4,151.375,1.0000000000000003e-05
768,0.41643835616438357,110.0,116.35,118.9,117.625,0.77148666015625
769,0.41643835616438357,115.0,111.45,114.1,112.775,0.7404811108398437
770,0.41643835616438357,120.0,106.6,108.25,107.425,0.677859666748047
771,0.41643835616438357,125.0,101.7,104.35,103.025,0.6773713903808594
772,0.41643835616438357,130.0,96.85,99.5,98.175,0.6481968774414062
773,0.41643835616438357,135.0,92.0,94.55,93.275,0.6169471899414063
774,0.41643835616438357,140.0,87.15,89.85,88.5,0.5924113024902344
775,0.41643835616438357,145.0,82.3,84.9,83.6,0.5621992022705078
776,0.41643835616438357,150.0,77.45,80.1,78.775,0.5357102093505859
777,0.41643835616438357,155.0,72.65,75.3,73.975,0.5103198382568359
778,0.41643835616438357,160.0,67.9,70.55,69.225,0.5335129656982422
779,0.41643835616438357,165.0,63.1,65.75,64.425,0.5053150054931641
780,0.41643835616438357,170.0,59.1,61.0,60.05,0.4787039434814453
781,0.41643835616438357,175.0,54.7,55.35,55.025000000000006,0.4257259576416016
782,0.41643835616438357,180.0,50.05,50.65,50.349999999999994,0.40167834655761714
783,0.41643835616438357,185.0,45.5,46.15,45.825,0.3823914300537109
784,0.41643835616438357,190.0,41.15,41.7,41.425,0.36307399627685544
785,0.41643835616438357,195.0,36.95,37.45,37.2,0.3469913934326171
786,0.41643835616438357,200.0,32.85,33.25,33.05,0.3300237896728515
787,0.41643835616438357,205.0,28.85,29.3,29.075000000000003,0.31604687866210934
788,0.41643835616438357,210.0,25.15,25.6,25.375,0.3042061767578125
789,0.41643835616438357,215.0,21.65,22.05,21.85,0.2920297848510741
790,0.41643835616438357,220.0,18.5,18.8,18.65,0.2818064984130859
791,0.41643835616438357,225.0,15.55,15.8,15.675,0.2721630401611328
792,0.41643835616438357,230.0,12.95,14.15,13.55,0.28162339477539056
793,0.41643835616438357,235.0,10.65,10.95,10.8,0.2601392346191406
794,0.41643835616438357,240.0,8.6,8.8,8.7,0.25229629547119137
795,0.41643835616438357,245.0,6.85,7.2,7.025,0.24988543090820312
796,0.41643835616438357,250.0,5.45,5.65,5.550000000000001,0.2439650799560547
797,0.41643835616438357,255.0,4.3,4.45,4.375,0.24054714538574218
798,0.41643835616438357,260.0,3.35,3.5,3.425,0.23841093627929685
799,0.41643835616438357,265.0,2.58,2.7,2.64,0.23578645080566402
800,0.41643835616438357,270.0,1.99,2.16,2.075,0.2366409344482422
801,0.41643835616438357,275.0,1.52,1.63,1.575,0.23413851806640623
802,0.41643835616438357,280.0,1.2,1.27,1.2349999999999999,0.2342605871582031
803,0.41643835616438357,285.0,0.92,0.99,0.9550000000000001,0.23462679443359374
804,0.41643835616438357,290.0,0.71,0.78,0.745,0.23584748535156247
805,0.41643835616438357,295.0,0.58,0.62,0.6,0.23743438354492186
806,0.41643835616438357,300.0,0.47,0.5,0.485,0.2395095581054687
807,0.41643835616438357,305.0,0.37,0.41,0.39,0.24243921630859372
808,0.41643835616438357,310.0,0.3,0.34,0.32,0.24536887451171874
809,0.41643835616438357,315.0,0.25,0.28,0.265,0.24805439453125
810,0.41643835616438357,320.0,0.21,0.24,0.22499999999999998,0.25196060546875
811,0.41643835616438357,325.0,0.17,0.21,0.19,0.2563550927734375
812,0.41643835616438357,330.0,0.15,0.18,0.16499999999999998,0.2600171655273438
813,0.41643835616438357,335.0,0.13,0.16,0.14500000000000002,0.264655791015625
814,0.41643835616438357,340.0,0.11,0.14,0.125,0.26856200195312496
815,0.41643835616438357,110.0,0.11,0.15,0.13,0.47070841796875
816,0.41643835616438357,115.0,0.09,0.24,0.16499999999999998,0.471684970703125
817,0.41643835616438357,120.0,0.15,0.19,0.16999999999999998,0.43066975585937506
818,0.41643835616438357,125.0,0.18,0.25,0.215,0.42090422851562503
819,0.41643835616438357,130.0,0.2,0.25,0.225,0.39551385742187506
820,0.41643835616438357,135.0,0.24,0.28,0.26,0.37720349365234374
821,0.41643835616438357,140.0,0.28,0.33,0.30500000000000005,0.362311064453125
822,0.41643835616438357,145.0,0.34,0.42,0.38,0.3518131225585937
823,0.41643835616438357,150.0,0.41,0.49,0.44999999999999996,0.336920693359375
824,0.41643835616438357,155.0,0.5,0.54,0.52,0.3188544677734374
825,0.41643835616438357,160.0,0.61,0.65,0.63,0.30591514404296877
826,0.41643835616438357,165.0,0.75,0.8,0.775,0.2946847875976562
827,0.41643835616438357,170.0,0.94,0.99,0.965,0.2838206384277343
828,0.41643835616438357,175.0,1.18,1.3,1.24,0.2771678729248046
829,0.41643835616438357,180.0,1.48,1.61,1.545,0.26697510375976563
830,0.41643835616438357,185.0,1.85,2.01,1.93,0.25763681823730467
831,0.41643835616438357,190.0,2.35,2.5,2.425,0.24829853271484376
832,0.41643835616438357,195.0,2.98,3.15,3.065,0.24036404174804685
833,0.41643835616438357,200.0,3.75,4.0,3.875,0.2337417935180664
834,0.41643835616438357,205.0,4.75,4.95,4.85,0.22522747436523435
835,0.41643835616438357,210.0,5.9,6.1,6.0,0.2167131552124023
836,0.41643835616438357,215.0,7.35,7.65,7.5,0.21131159790039059
837,0.41643835616438357,220.0,9.1,9.4,9.25,0.2043536596679687
838,0.41643835616438357,225.0,11.15,11.45,11.3,0.19724313507080077
839,0.41643835616438357,230.0,13.5,13.85,13.675,0.1903767486572266
840,0.41643835616438357,235.0,14.9,16.6,15.75,0.183327258605957
841,0.41643835616438357,240.0,18.5,19.8,19.15,0.17786466674804688
842,0.41643835616438357,245.0,22.55,23.25,22.9,0.17017431396484378
843,0.41643835616438357,250.0,25.3,28.1,26.700000000000003,0.18860674682617187
844,0.41643835616438357,255.0,30.45,32.2,31.325000000000003,0.18555501953124998
845,0.41643835616438357,260.0,34.9,35.7,35.3,0.15021601745605473
846,0.41643835616438357,265.0,39.6,41.3,40.45,0.19117019775390626
847,0.41643835616438357,270.0,43.3,46.25,44.775,0.2046588323974609
848,0.41643835616438357,275.0,49.55,50.55,50.05,0.18396812133789062
849,0.41643835616438357,280.0,54.5,55.55,55.025,0.19678537597656248
850,0.41643835616438357,310.0,84.5,85.55,85.025,0.266608896484375
851,0.5917808219178082,5.0,219.05,221.65,220.35000000000002,2.4335976660156247
852,0.5917808219178082,40.0,184.0,187.8,185.9,1.183109553222656
853,0.5917808219178082,45.0,179.15,182.75,180.95,1.112797404785156
854,0.5917808219178082,50.0,175.0,177.55,176.275,1.0983931799316409
855,0.5917808219178082,55.0,170.15,172.85,171.5,1.0632371057128909
856,0.5917808219178082,60.0,165.3,167.85,166.575,1.009770576171875
857,0.5917808219178082,65.0,159.75,160.45,160.1,0.629886513671875
858,0.5917808219178082,70.0,155.65,158.2,156.925,0.9357916577148437
859,0.5917808219178082,75.0,150.8,153.45,152.125,0.903321279296875
860,0.5917808219178082,80.0,145.95,148.5,147.225,0.8631605480957032
861,0.5917808219178082,85.0,140.8,143.8,142.3,0.823243955078125
862,0.5917808219178082,90.0,136.35,138.85,137.6,0.8018818640136718
863,0.5917808219178082,95.0,131.55,134.25,132.9,0.7797873583984375
864,0.5917808219178082,100.0,126.7,129.4,128.05,0.7482935327148439
865,0.5917808219178082,105.0,121.9,124.45,123.17500000000001,0.7164334997558592
866,0.5917808219178082,110.0,117.05,119.55,118.3,0.685672088623047
867,0.5917808219178082,115.0,112.2,114.85,113.525,0.6608920629882813
868,0.5917808219178082,120.0,107.4,109.9,108.65,0.6317785845947266
869,0.5917808219178082,125.0,102.7,105.25,103.975,0.6121864953613283
870,0.5917808219178082,130.0,97.8,100.55,99.175,0.5871623315429688
871,0.5917808219178082,135.0,92.7,95.6,94.15,0.553837469482422
872,0.5917808219178082,140.0,88.2,91.0,89.6,0.5390060748291017
873,0.5917808219178082,145.0,83.25,86.2,84.725,0.5123339782714844
874,0.5917808219178082,150.0,78.8,81.2,80.0,0.5278367529296876
875,0.5917808219178082,155.0,74.1,76.8,75.44999999999999,0.5133715655517577
876,0.5917808219178082,160.0,69.25,71.95,70.6,0.48611964080810544
877,0.5917808219178082,165.0,65.75,66.4,66.075,0.44135080139160154
878,0.5917808219178082,170.0,61.2,62.8,62.0,0.44574528869628904
879,0.5917808219178082,175.0,56.75,57.35,57.05,0.4052183502197265
880,0.5917808219178082,180.0,52.4,52.9,52.65,0.3877624700927734
881,0.5917808219178082,185.0,47.1,49.6,48.35,0.39267575103759766
882,0.5917808219178082,190.0,43.9,45.35,44.625,0.3761964236450196
883,0.5917808219178082,195.0,39.85,40.4,40.125,0.3460453579711914
884,0.5917808219178082,200.0,35.95,36.4,36.175,0.3322515505981446
885,0.5917808219178082,205.0,32.15,32.7,32.425,0.32175360870361325
886,0.5917808219178082,210.0,28.6,29.0,28.8,0.3092110095214844
887,0.5917808219178082,215.0,25.25,25.65,25.45,0.2999642758178711
888,0.5917808219178082,220.0,22.1,22.5,22.3,0.2912973703002929
889,0.5917808219178082,225.0,19.3,19.7,19.5,0.2851328811645507
890,0.5917808219178082,230.0,16.7,16.9,16.799999999999997,0.2761913201904296
891,0.5917808219178082,235.0,14.25,14.5,14.375,0.27020993469238286
892,0.5917808219178082,240.0,12.15,12.4,12.275,0.26563234375
893,0.5917808219178082,245.0,10.2,10.45,10.325,0.26032233825683593
894,0.5917808219178082,250.0,8.6,8.8,8.7,0.25659923095703124
895,0.5917808219178082,260.0,5.95,6.15,6.050000000000001,0.25086198364257806
896,0.5917808219178082,270.0,4.05,4.2,4.125,0.246375944519043
897,0.5917808219178082,280.0,2.68,2.8,2.74,0.24262231994628902
898,0.5917808219178082,290.0,1.79,1.95,1.87,0.24353783813476562
899,0.5917808219178082,300.0,1.22,1.34,1.28,0.24414818359375
900,0.5917808219178082,310.0,0.84,0.89,0.865,0.24353783813476562
901,0.5917808219178082,320.0,0.55,0.67,0.6100000000000001,0.24890887817382812
902,0.5917808219178082,330.0,0.41,0.47,0.43999999999999995,0.2507399145507812
903,0.5917808219178082,340.0,0.29,0.35,0.31999999999999995,0.25489026367187506
904,0.5917808219178082,350.0,0.23,0.28,0.255,0.2612378564453125
905,0.5917808219178082,5.0,0.0,0.01,0.005,1.5000025
906,0.5917808219178082,10.0,0.0,0.02,0.01,1.2812535937499998
907,0.5917808219178082,15.0,0.0,0.22,0.11,1.40234673828125
908,0.5917808219178082,20.0,0.0,0.02,0.01,0.98437515625
909,0.5917808219178082,25.0,0.0,0.0,0.0,0.500005
910,0.5917808219178082,30.0,0.0,0.0,0.0,0.500005
911,0.5917808219178082,40.0,0.0,0.1,0.05,0.8125018749999999
912,0.5917808219178082,45.0,0.01,0.04,0.025,0.710940390625
913,0.5917808219178082,50.0,0.01,0.05,0.030000000000000002,0.6757844921875001
914,0.5917808219178082,55.0,0.0,0.06,0.03,0.632816171875
915,0.5917808219178082,60.0,0.02,0.09,0.055,0.63086306640625
916,0.5917808219178082,65.0,0.04,0.09,0.065,0.6035195898437502
917,0.5917808219178082,70.0,0.04,0.1,0.07,0.5742230078125
918,0.5917808219178082,75.0,0.08,0.11,0.095,0.559574716796875
919,0.5917808219178082,80.0,0.08,0.12,0.1,0.5312546875
920,0.5917808219178082,85.0,0.09,0.14,0.115,0.5097705273437501
921,0.5917808219178082,90.0,0.09,0.16,0.125,0.5009815527343751
922,0.5917808219178082,95.0,0.13,0.17,0.15000000000000002,0.476567734375
923,0.5917808219178082,100.0,0.14,0.19,0.165,0.45703667968750006
924,0.5917808219178082,105.0,0.17,0.21,0.19,0.4370173486328125
925,0.5917808219178082,110.0,0.19,0.24,0.215,0.41992767578125
926,0.5917808219178082,115.0,0.23,0.47,0.35,0.43774976318359377
927,0.5917808219178082,120.0,0.27,0.51,0.39,0.4182187084960937
928,0.5917808219178082,125.0,0.32,0.41,0.365,0.3803772900390625
929,0.5917808219178082,130.0,0.38,0.46,0.42000000000000004,0.3645083081054688
930,0.5917808219178082,135.0,0.46,0.55,0.505,0.35278967529296873
931,0.5917808219178082,140.0,0.55,0.65,0.6000000000000001,0.34058276611328125
932,0.5917808219178082,145.0,0.66,0.72,0.69,0.3249579223632812
933,0.5917808219178082,150.0,0.8,0.93,0.865,0.3189765368652343
934,0.5917808219178082,155.0,0.97,1.04,1.005,0.3042061767578125
935,0.5917808219178082,160.0,1.18,1.25,1.2149999999999999,0.29444064941406245
936,0.5917808219178082,165.0,1.43,1.51,1.47,0.28516339843749994
937,0.5917808219178082,170.0,1.75,1.92,1.835,0.27997546203613277
938,0.5917808219178082,175.0,2.13,2.31,2.2199999999999998,0.2712475219726562
939,0.5917808219178082,180.0,2.59,2.78,2.6849999999999996,0.2627637200927735
940,0.5917808219178082,185.0,3.1,3.35,3.225,0.25476819458007816
941,0.5917808219178082,190.0,3.8,4.05,3.925,0.2474440490722656
942,0.5917808219178082,195.0,4.6,4.75,4.675,0.23752593536376948
943,0.5917808219178082,200.0,5.55,5.85,5.699999999999999,0.23300937896728519
944,0.5917808219178082,205.0,6.65,7.0,6.825,0.22605144073486327
945,0.5917808219178082,210.0,7.95,8.35,8.15,0.21930712341308595
946,0.5917808219178082,215.0,9.5,9.9,9.7,0.21237970245361326
947,0.5917808219178082,220.0,11.4,11.65,11.525,0.2049945223999023
948,0.5917808219178082,225.0,13.45,13.8,13.625,0.19968451690673827
949,0.5917808219178082,230.0,14.75,16.15,15.45,0.19324537231445313
950,0.5917808219178082,235.0,18.3,18.8,18.55,0.18692829681396483
951,0.5917808219178082,240.0,20.45,22.85,21.65,0.19754830780029298
952,0.5917808219178082,245.0,24.25,26.2,25.225,0.19391675231933597
953,0.5917808219178082,250.0,27.85,29.5,28.675,0.18488363952636716
954,0.5917808219178082,260.0,34.4,37.35,35.875,0.17496552581787111
955,0.5917808219178082,270.0,44.65,45.6,45.125,0.14600463378906248
956,0.5917808219178082,280.0,54.5,55.5,55.0,0.1626060302734375
957,0.5917808219178082,290.0,57.35,58.2,57.775000000000006,1.0000000000000003e-05
958,0.5917808219178082,300.0,69.65,73.7,71.67500000000001,1.0000000000000003e-05
959,0.5917808219178082,310.0,144.1,146.5,145.3,1.2330970962524415
960,0.5917808219178082,320.0,92.95,96.95,94.95,0.30933307861328124
961,0.5917808219178082,330.0,102.95,105.65,104.30000000000001,0.2659985510253906
962,0.5917808219178082,350.0,121.6,122.85,122.225,1.0000000000000003e-05
963,0.7452054794520548,105.0,119.85,123.55,121.69999999999999,0.5526167785644531
964,0.7452054794520548,110.0,117.75,120.6,119.175,0.6508213629150392
965,0.7452054794520548,115.0,112.25,115.8,114.025,0.6107216662597659
966,0.7452054794520548,120.0,107.5,111.0,109.25,0.5874675042724609
967,0.7452054794520548,125.0,102.6,106.25,104.425,0.5627485131835939
968,0.7452054794520548,130.0,101.2,102.95,102.075,0.6176796044921876
969,0.7452054794520548,140.0,88.6,92.15,90.375,0.5045825909423829
970,0.7452054794520548,145.0,83.75,87.45,85.6,0.5327195166015625
971,0.7452054794520548,150.0,79.85,82.8,81.32499999999999,0.5113574255371094
972,0.7452054794520548,155.0,75.25,78.2,76.725,0.4911855081176758
973,0.7452054794520548,160.0,73.35,73.7,73.525,0.4731497998046875
974,0.7452054794520548,165.0,67.4,68.1,67.75,0.43140217041015627
975,0.7452054794520548,170.0,62.8,63.65,63.224999999999994,0.41498387756347654
976,0.7452054794520548,175.0,58.35,59.45,58.900000000000006,0.40277696838378907
977,0.7452054794520548,180.0,54.1,55.1,54.6,0.38684695190429685
978,0.7452054794520548,185.0,50.05,51.9,50.974999999999994,0.3899902310180664
979,0.7452054794520548,190.0,46.0,47.85,46.925,0.37662366546630854
980,0.7452054794520548,195.0,42.05,44.5,43.275,0.37308366180419916
981,0.7452054794520548,200.0,38.4,38.95,38.675,0.33481500152587884
982,0.7452054794520548,205.0,34.75,35.25,35.0,0.32379826599121087
983,0.7452054794520548,210.0,31.3,31.85,31.575000000000003,0.3154060159301757
984,0.7452054794520548,215.0,28.0,28.55,28.275,0.3065865240478516
985,0.7452054794520548,220.0,24.95,25.55,25.25,0.2998727239990234
986,0.7452054794520548,225.0,22.1,22.65,22.375,0.2924570266723632
987,0.7452054794520548,230.0,19.55,19.85,19.700000000000003,0.28424788024902337
988,0.7452054794520548,235.0,15.15,17.4,16.275,0.2783580465698242
989,0.7452054794520548,240.0,14.9,15.2,15.05,0.2735058001708984
990,0.7452054794520548,245.0,12.9,13.25,13.075,0.2696453651428223
991,0.7452054794520548,250.0,11.15,11.4,11.275,0.26486941192626956
992,0.7452054794520548,255.0,9.5,9.8,9.65,0.2612073391723633
993,0.7452054794520548,260.0,8.15,8.4,8.275,0.2581556118774414
994,0.7452054794520548,265.0,6.95,7.25,7.1,0.2567213000488281
995,0.7452054794520548,270.0,5.9,6.1,6.0,0.25312026184082037
996,0.7452054794520548,275.0,4.95,5.25,5.1,0.2524488818359375
997,0.7452054794520548,280.0,4.2,4.45,4.325,0.2507704318237304
998,0.7452054794520548,285.0,3.55,3.7,3.625,0.24799335998535155
999,0.7452054794520548,290.0,2.99,3.2,3.095,0.2486647399902344
1000,0.7452054794520548,295.0,2.4,2.72,2.56,0.24820698089599608
1001,0.7452054794520548,300.0,2.12,2.28,2.2,0.24701680725097658
1002,0.7452054794520548,305.0,1.71,1.97,1.8399999999999999,0.24793232543945312
1003,0.7452054794520548,310.0,1.47,1.69,1.58,0.24842060180664063
1004,0.7452054794520548,315.0,1.18,1.45,1.315,0.249030947265625
1005,0.7452054794520548,320.0,1.0,1.26,1.13,0.25025163818359375
1006,0.7452054794520548,325.0,0.83,1.09,0.96,0.2512281909179687
1007,0.7452054794520548,330.0,0.71,0.96,0.835,0.25299819274902346
1008,0.7452054794520548,340.0,0.59,0.67,0.63,0.25171646728515623
1009,0.7452054794520548,350.0,0.46,0.53,0.495,0.25586681640625003
1010,0.7452054794520548,105.0,0.24,0.34,0.29000000000000004,0.41699801757812494
1011,0.7452054794520548,110.0,0.24,0.42,0.32999999999999996,0.4062559375
1012,0.7452054794520548,115.0,0.3,0.47,0.385,0.39038695556640624
1013,0.7452054794520548,120.0,0.41,0.5,0.45499999999999996,0.37183245361328127
1014,0.7452054794520548,125.0,0.5,0.62,0.56,0.36304347900390627
1015,0.7452054794520548,130.0,0.53,0.72,0.625,0.3508365698242187
1016,0.7452054794520548,135.0,0.63,0.84,0.735,0.3393620751953125
1017,0.7452054794520548,140.0,0.77,0.99,0.88,0.32898620239257803
1018,0.7452054794520548,145.0,0.95,1.14,1.045,0.31726756958007807
1019,0.7452054794520548,150.0,1.18,1.34,1.26,0.3073189385986328
1020,0.7452054794520548,155.0,1.4,1.59,1.495,0.29834686035156244
1021,0.7452054794520548,160.0,1.69,1.89,1.79,0.2898020239257812
1022,0.7452054794520548,165.0,2.03,2.23,2.13,0.2810130493164062
1023,0.7452054794520548,170.0,2.35,2.67,2.51,0.27374993835449213
1024,0.7452054794520548,175.0,2.91,3.15,3.0300000000000002,0.26563234375
1025,0.7452054794520548,180.0,3.45,3.7,3.575,0.2574537145996094
1026,0.7452054794520548,185.0,4.1,4.4,4.25,0.2506788800048828
1027,0.7452054794520548,190.0,4.9,5.2,5.050000000000001,0.24375145904541018
1028,0.7452054794520548,195.0,5.8,6.15,5.975,0.23734283172607418
1029,0.7452054794520548,200.0,6.9,7.2,7.050000000000001,0.23023230712890624
1030,0.7452054794520548,205.0,8.05,8.45,8.25,0.2238847143554687
1031,0.7452054794520548,210.0,9.55,9.9,9.725000000000001,0.21790332885742186
1032,0.7452054794520548,215.0,11.15,11.55,11.350000000000001,0.21198297790527343
1033,0.7452054794520548,220.0,13.0,13.4,13.2,0.20586426467895508
1034,0.7452054794520548,225.0,15.05,15.55,15.3,0.20067632827758786
1035,0.7452054794520548,230.0,17.4,17.85,17.625,0.19425244232177735
1036,0.7452054794520548,235.0,19.85,20.45,20.15,0.18839312591552732
1037,0.7452054794520548,240.0,21.6,24.35,22.975,0.1964954618835449
1038,0.7452054794520548,245.0,24.5,26.8,25.65,0.18158777404785154
1039,0.7452054794520548,250.0,27.55,30.2,28.875,0.17594207855224608
1040,0.7452054794520548,255.0,31.0,34.65,32.825,0.18372398315429686
1041,0.7452054794520548,260.0,34.85,37.8,36.325,0.16535258483886722
1042,0.7452054794520548,265.0,39.4,42.85,41.125,0.18006191040039063
1043,0.7452054794520548,270.0,46.65,48.5,47.575,0.20655090332031245
1044,0.7452054794520548,275.0,47.8,50.0,48.9,0.08594664062500001
1045,0.7452054794520548,285.0,56.3,58.5,57.4,1.0000000000000003e-05
1046,0.7452054794520548,290.0,61.35,63.25,62.3,1.0000000000000003e-05
1047,0.7452054794520548,300.0,69.55,73.6,71.57499999999999,1.0000000000000003e-05
1048,0.7452054794520548,305.0,80.75,84.4,82.575,0.3089058367919921
1049,0.7452054794520548,315.0,90.4,94.1,92.25,0.3233405068969726
1050,0.8410958904109589,5.0,218.45,222.05,220.25,1.93359408203125
1051,0.8410958904109589,50.0,174.5,178.5,176.5,0.9511723632812499
1052,0.8410958904109589,55.0,168.0,171.35,169.675,0.8742688354492187
1053,0.8410958904109589,60.0,172.2,175.8,174.0,1.3325228686523434
1054,0.8410958904109589,65.0,160.0,164.15,162.075,0.8454605297851561
1055,0.8410958904109589,70.0,161.4,164.2,162.8,1.1303144070434574
1056,0.8410958904109589,75.0,150.85,154.35,152.6,0.7929708203125
1057,0.8410958904109589,80.0,142.35,144.65,143.5,1.0000000000000003e-05
1058,0.8410958904109589,85.0,141.55,144.7,143.125,0.7421900781249999
1059,0.8410958904109589,90.0,136.8,140.0,138.4,0.7181424670410157
1060,0.8410958904109589,95.0,131.95,135.25,133.6,0.6907989904785157
1061,0.8410958904109589,100.0,127.6,130.95,129.27499999999998,0.6856110540771485
1062,0.8410958904109589,105.0,117.4,119.0,118.2,1.0000000000000003e-05
1063,0.8410958904109589,110.0,118.2,121.45,119.825,0.6381872119140625
1064,0.8410958904109589,115.0,113.05,116.5,114.775,0.6033975207519533
1065,0.8410958904109589,120.0,108.6,111.55,110.07499999999999,0.5823406024169921
1066,0.8410958904109589,125.0,103.35,106.7,105.025,0.5500533276367189
1067,0.8410958904109589,130.0,98.85,101.55,100.19999999999999,0.5261888201904297
1068,0.8410958904109589,135.0,94.05,96.95,95.5,0.5065356964111327
1069,0.8410958904109589,140.0,89.6,92.15,90.875,0.5229539892578124
1070,0.8410958904109589,145.0,84.95,88.2,86.575,0.5195360546875
1071,0.8410958904109589,150.0,81.35,83.6,82.475,0.4996387927246094
1072,0.8410958904109589,155.0,76.65,78.25,77.45,0.4635063415527344
1073,0.8410958904109589,160.0,72.6,73.6,73.1,0.44336494140625
1074,0.8410958904109589,165.0,67.9,69.1,68.5,0.4261837167358399
1075,0.8410958904109589,170.0,63.95,64.65,64.30000000000001,0.40964335479736325
1076,0.8410958904109589,175.0,59.5,60.25,59.875,0.393560751953125
1077,0.8410958904109589,180.0,55.35,56.2,55.775000000000006,0.3828797064208984
1078,0.8410958904109589,185.0,51.2,52.15,51.675,0.3711305563354492
1079,0.8410958904109589,190.0,47.4,48.0,47.7,0.3568484725952148
1080,0.8410958904109589,195.0,43.5,44.05,43.775,0.34467208068847655
1081,0.8410958904109589,200.0,39.65,40.35,40.0,0.3348760360717773
1082,0.8410958904109589,205.0,36.05,36.95,36.5,0.32779602874755853
1083,0.8410958904109589,210.0,32.65,33.45,33.05,0.31784739776611326
1084,0.8410958904109589,215.0,29.4,30.2,29.799999999999997,0.309577216796875
1085,0.8410958904109589,220.0,26.35,27.2,26.775,0.3028023822021484
1086,0.8410958904109589,225.0,23.5,24.0,23.75,0.29183142257690414
1087,0.8410958904109589,230.0,21.0,21.35,21.175,0.2858042611694336
1088,0.8410958904109589,235.0,18.55,18.9,18.725,0.2802806347656249
1089,0.8410958904109589,240.0,16.3,16.65,16.475,0.2752452847290039
1090,0.8410958904109589,245.0,14.3,14.6,14.45,0.27066769378662114
1091,0.8410958904109589,250.0,12.5,12.75,12.625,0.266608896484375
1092,0.8410958904109589,255.0,10.75,11.1,10.925,0.2631299273681641
1093,0.8410958904109589,260.0,9.5,9.75,9.625,0.26166509826660156
1094,0.8410958904109589,265.0,8.1,8.3,8.2,0.2569349209594727
1095,0.8410958904109589,270.0,6.95,7.15,7.050000000000001,0.25449353912353523
1096,0.8410958904109589,275.0,5.95,6.15,6.050000000000001,0.2524488818359375
1097,0.8410958904109589,280.0,5.05,5.3,5.175,0.25107560455322264
1098,0.8410958904109589,285.0,4.35,4.55,4.449999999999999,0.249732844543457
1099,0.8410958904109589,290.0,3.7,3.95,3.825,0.24958025817871093
1100,0.8410958904109589,295.0,3.15,3.35,3.25,0.2478712908935547
1101,0.8410958904109589,300.0,2.69,2.9,2.795,0.24790180816650392
1102,0.8410958904109589,305.0,2.28,2.51,2.3949999999999996,0.24799335998535155
1103,0.8410958904109589,310.0,1.96,2.15,2.0549999999999997,0.2475661181640625
1104,0.8410958904109589,320.0,1.43,1.6,1.5150000000000001,0.24781025634765624
1105,0.8410958904109589,330.0,0.97,1.14,1.055,0.24616232360839846
1106,0.8410958904109589,340.0,0.79,0.87,0.8300000000000001,0.24805439453125
1107,0.8410958904109589,350.0,0.6,0.69,0.645,0.2514723291015625
1108,0.8410958904109589,10.0,0.0,0.41,0.205,1.484377578125
1109,0.8410958904109589,15.0,0.0,0.44,0.22,1.2832067089843748
1110,0.8410958904109589,20.0,0.0,0.03,0.015,0.85937640625
1111,0.8410958904109589,25.0,0.0,0.06,0.03,0.8281267187499999
1112,0.8410958904109589,40.0,0.01,0.14,0.07500000000000001,0.710940390625
1113,0.8410958904109589,45.0,0.01,0.07,0.04,0.6210975390625001
1114,0.8410958904109589,50.0,0.02,0.08,0.05,0.5937540625000001
1115,0.8410958904109589,55.0,0.03,0.09,0.06,0.56836369140625
1116,0.8410958904109589,60.0,0.05,0.14,0.095,0.56055126953125
1117,0.8410958904109589,65.0,0.02,0.19,0.105,0.534184345703125
1118,0.8410958904109589,70.0,0.03,0.2,0.115,0.508793974609375
1119,0.8410958904109589,75.0,0.06,0.23,0.14500000000000002,0.5224657128906249
1120,0.8410958904109589,80.0,0.08,0.26,0.17,0.5014698291015626
1121,0.8410958904109589,85.0,0.15,0.25,0.2,0.47119669433593747
1122,0.8410958904109589,90.0,0.18,0.23,0.20500000000000002,0.44043528320312497
1123,0.8410958904109589,95.0,0.17,0.3,0.235,0.43164630859375
1124,0.8410958904109589,100.0,0.25,0.3,0.275,0.40796490478515623
1125,0.8410958904109589,105.0,0.3,0.35,0.32499999999999996,0.3940490283203125
1126,0.8410958904109589,110.0,0.35,0.42,0.385,0.3825745336914062
1127,0.8410958904109589,115.0,0.41,0.48,0.44499999999999995,0.36865865722656255
1128,0.8410958904109589,120.0,0.5,0.56,0.53,0.3566958862304687
1129,0.8410958904109589,125.0,0.58,0.67,0.625,0.3464420825195312
1130,0.8410958904109589,130.0,0.7,0.78,0.74,0.33521172607421873
1131,0.8410958904109589,135.0,0.84,0.99,0.915,0.3298406860351562
1132,0.8410958904109589,140.0,1.0,1.09,1.045,0.31580274047851553
1133,0.8410958904109589,145.0,1.19,1.3,1.245,0.30725790405273434
1134,0.8410958904109589,150.0,1.43,1.52,1.475,0.297736514892578
1135,0.8410958904109589,155.0,1.71,1.8,1.755,0.2893747821044921
1136,0.8410958904109589,160.0,2.03,2.17,2.0999999999999996,0.2827220166015625
1137,0.8410958904109589,165.0,2.41,2.52,2.465,0.27368890380859373
1138,0.8410958904109589,170.0,2.85,3.0,2.925,0.2668530346679688
1139,0.8410958904109589,175.0,3.35,3.55,3.45,0.2599561309814453
1140,0.8410958904109589,180.0,3.95,4.2,4.075,0.2534254345703125
1141,0.8410958904109589,185.0,4.65,5.0,4.825,0.24793232543945312
1142,0.8410958904109589,190.0,5.5,5.85,5.675,0.241218525390625
1143,0.8410958904109589,195.0,6.45,6.7,6.575,0.23255161987304687
1144,0.8410958904109589,200.0,7.55,7.95,7.75,0.2282181671142578
1145,0.8410958904109589,205.0,8.85,9.1,8.975,0.2200700552368164
1146,0.8410958904109589,210.0,10.15,10.7,10.425,0.21591970611572264
1147,0.8410958904109589,215.0,11.95,12.4,12.175,0.21048763153076172
1148,0.8410958904109589,220.0,13.7,14.25,13.975,0.20438417694091793
1149,0.8410958904109589,225.0,15.85,16.15,16.0,0.19625132369995119
1150,0.8410958904109589,230.0,17.55,18.75,18.15,0.1938252005004883
1151,0.8410958904109589,235.0,20.5,21.2,20.85,0.18662312408447268
1152,0.8410958904109589,240.0,22.65,25.95,24.299999999999997,0.20514710876464842
1153,0.8410958904109589,245.0,24.7,27.1,25.9,0.1750265603637695
1154,0.8410958904109589,250.0,29.15,30.5,29.825,0.1700522448730469
1155,0.8410958904109589,255.0,32.5,34.35,33.425,0.16828224304199224
1156,0.8410958904109589,260.0,36.45,38.55,37.5,0.1692587957763672
1157,0.8410958904109589,265.0,40.6,42.9,41.75,0.17054052124023442
1158,0.8410958904109589,270.0,44.5,46.95,45.725,0.16248396118164063
1159,0.8410958904109589,275.0,49.55,51.0,50.275,0.14722532470703126
1160,0.8410958904109589,280.0,52.5,56.8,54.65,0.180672255859375
1161,0.8410958904109589,285.0,60.05,62.9,61.474999999999994,0.21735401794433595
1162,0.8410958904109589,290.0,65.15,67.9,66.525,0.22806558074951172
1163,0.8410958904109589,300.0,63.9,67.4,65.65,1.0000000000000003e-05
1164,0.8410958904109589,320.0,93.0,98.0,95.5,0.28852029846191396
1165,0.8410958904109589,340.0,113.1,116.8,114.94999999999999,0.28711650390624993
1166,0.8410958904109589,350.0,123.1,126.8,124.94999999999999,0.3020089331054688
1167,1.0904109589041096,5.0,218.0,223.0,220.5,1.9121098144531252
1168,1.0904109589041096,35.0,189.0,194.0,191.5,1.0346727954101564
1169,1.0904109589041096,40.0,184.0,189.0,186.5,0.958740646972656
1170,1.0904109589041096,50.0,175.3,179.5,177.4,0.92187578125
1171,1.0904109589041096,55.0,172.65,176.3,174.47500000000002,1.007329182128906
1172,1.0904109589041096,60.0,167.4,171.25,169.325,0.9387213159179688
1173,1.0904109589041096,65.0,158.7,161.75,160.225,0.5122119091796875
1174,1.0904109589041096,70.0,158.95,160.4,159.675,0.8531508825683594
1175,1.0904109589041096,75.0,151.35,155.85,153.6,0.7532983654785157
1176,1.0904109589041096,80.0,146.95,150.5,148.725,0.7192410888671875
1177,1.0904109589041096,85.0,141.8,145.75,143.775,0.6835969140625001
1178,1.0904109589041096,90.0,137.2,141.05,139.125,0.6632113757324221
1179,1.0904109589041096,95.0,132.75,136.3,134.525,0.6449620465087891
1180,1.0904109589041096,100.0,128.75,131.45,130.1,0.6328772064208985
1181,1.0904109589041096,105.0,122.5,126.9,124.7,0.5866130206298827
1182,1.0904109589041096,110.0,119.3,121.95,120.625,0.5866740551757812
1183,1.0904109589041096,115.0,114.05,118.15,116.1,0.5707440386962892
1184,1.0904109589041096,120.0,109.45,112.7,111.075,0.5407150421142579
1185,1.0904109589041096,125.0,105.5,108.7,107.1,0.5395553857421876
1186,1.0904109589041096,130.0,100.1,103.25,101.675,0.5009205181884766
1187,1.0904109589041096,135.0,96.25,98.7,97.475,0.5209703665161132
1188,1.0904109589041096,140.0,91.65,95.0,93.325,0.5205736419677733
1189,1.0904109589041096,145.0,87.7,90.2,88.95,0.4968312036132813
1190,1.0904109589041096,150.0,83.7,84.45,84.075,0.4555413333129883
1191,1.0904109589041096,155.0,79.35,80.1,79.725,0.44183907775878906
1192,1.0904109589041096,160.0,74.6,75.75,75.175,0.42774009765625004
1193,1.0904109589041096,165.0,70.55,71.5,71.025,0.41489232574462886
1194,1.0904109589041096,170.0,66.4,67.35,66.875,0.40311265838623045
1195,1.0904109589041096,175.0,62.45,63.2,62.825,0.3906921282958984
1196,1.0904109589041096,180.0,58.45,59.05,58.75,0.3776917700195312
1197,1.0904109589041096,185.0,54.3,55.1,54.7,0.36685813812255863
1198,1.0904109589041096,190.0,50.5,51.35,50.925,0.3578250253295898
1199,1.0904109589041096,195.0,46.75,47.9,47.325,0.3516300189208984
1200,1.0904109589041096,200.0,43.2,43.95,43.575,0.33815664291381836
1201,1.0904109589041096,205.0,39.7,40.8,40.25,0.33336543106079103
1202,1.0904109589041096,210.0,36.45,37.1,36.775000000000006,0.3209906768798828
1203,1.0904109589041096,215.0,33.3,34.15,33.724999999999994,0.3160163613891601
1204,1.0904109589041096,220.0,30.35,30.9,30.625,0.3064644549560547
1205,1.0904109589041096,225.0,27.45,28.05,27.75,0.29999479309082033
1206,1.0904109589041096,230.0,25.0,25.45,25.225,0.2948678912353515
1207,1.0904109589041096,235.0,22.55,22.95,22.75,0.2893900407409667
1208,1.0904109589041096,240.0,20.25,20.85,20.55,0.28676555526733394
1209,1.0904109589041096,245.0,18.1,18.5,18.3,0.28003649658203117
1210,1.0904109589041096,250.0,16.25,16.55,16.4,0.2761455442810058
1211,1.0904109589041096,260.0,12.75,13.35,13.05,0.2718273501586914
1212,1.0904109589041096,270.0,10.05,10.35,10.2,0.26413699737548824
1213,1.0904109589041096,280.0,7.8,8.1,7.949999999999999,0.2600171655273438
1214,1.0904109589041096,290.0,6.05,6.4,6.225,0.25821664642333986
1215,1.0904109589041096,300.0,4.65,4.85,4.75,0.2536695727539063
1216,1.0904109589041096,310.0,3.55,3.8,3.675,0.25284560638427733
1217,1.0904109589041096,320.0,2.71,2.97,2.84,0.2522352609252929
1218,1.0904109589041096,330.0,2.06,2.37,2.215,0.25318129638671877
1219,1.0904109589041096,340.0,1.59,1.73,1.6600000000000001,0.24927508544921873
1220,1.0904109589041096,350.0,1.24,1.35,1.295,0.2493971545410156
1221,1.0904109589041096,5.0,0.0,0.01,0.005,1.125004375
1222,1.0904109589041096,20.0,0.0,0.04,0.02,0.773439765625
1223,1.0904109589041096,30.0,0.0,0.25,0.125,0.77148666015625
1224,1.0904109589041096,40.0,0.04,0.15,0.095,0.64062859375
1225,1.0904109589041096,45.0,0.02,0.09,0.055,0.5644574804687501
1226,1.0904109589041096,50.0,0.07,0.12,0.095,0.5585981640625001
1227,1.0904109589041096,55.0,0.07,0.14,0.10500000000000001,0.5302781347656251
1228,1.0904109589041096,60.0,0.09,0.16,0.125,0.5083056982421875
1229,1.0904109589041096,65.0,0.11,0.19,0.15,0.5034229345703125
1230,1.0904109589041096,70.0,0.14,0.21,0.175,0.4804739453125
1231,1.0904109589041096,75.0,0.17,0.24,0.20500000000000002,0.46143116699218756
1232,1.0904109589041096,80.0,0.2,0.3,0.25,0.44922425781249997
1233,1.0904109589041096,85.0,0.35,0.41,0.38,0.4440973559570312
1234,1.0904109589041096,90.0,0.29,0.36,0.32499999999999996,0.4118711157226562
1235,1.0904109589041096,95.0,0.34,0.42,0.38,0.398443515625
1236,1.0904109589041096,100.0,0.39,0.49,0.44,0.3857483300781249
1237,1.0904109589041096,105.0,0.46,0.56,0.51,0.3723207299804688
1238,1.0904109589041096,110.0,0.54,0.65,0.595,0.3606020971679687
1239,1.0904109589041096,115.0,0.65,0.76,0.7050000000000001,0.34998208618164056
1240,1.0904109589041096,120.0,0.77,0.88,0.825,0.33924000610351557
1241,1.0904109589041096,125.0,0.92,1.02,0.97,0.32898620239257803
1242,1.0904109589041096,130.0,1.05,1.19,1.12,0.31958688232421867
1243,1.0904109589041096,135.0,1.29,1.41,1.35,0.3117134259033203
1244,1.0904109589041096,140.0,1.52,1.82,1.67,0.31037066589355466
1245,1.0904109589041096,145.0,1.74,1.9,1.8199999999999998,0.294379614868164
1246,1.0904109589041096,150.0,2.07,2.21,2.1399999999999997,0.2863840893554687
1247,1.0904109589041096,155.0,2.41,2.61,2.51,0.2799144274902343
1248,1.0904109589041096,160.0,2.83,3.0,2.915,0.2716747637939453
1249,1.0904109589041096,165.0,3.35,3.55,3.45,0.26618165466308596
1250,1.0904109589041096,170.0,3.9,4.05,3.9749999999999996,0.2580030255126954
1251,1.0904109589041096,175.0,4.55,4.9,4.725,0.2553785400390626
1252,1.0904109589041096,180.0,5.3,5.5,5.4,0.24631490997314454
1253,1.0904109589041096,185.0,6.1,6.5,6.3,0.2425918026733398
1254,1.0904109589041096,190.0,7.05,7.35,7.199999999999999,0.23471834625244142
1255,1.0904109589041096,195.0,8.15,8.4,8.275,0.22827920166015625
1256,1.0904109589041096,200.0,9.4,9.65,9.525,0.22283186843872066
1257,1.0904109589041096,205.0,10.75,11.05,10.9,0.21744556976318358
1258,1.0904109589041096,210.0,12.1,12.55,12.325,0.21140314971923824
1259,1.0904109589041096,215.0,14.0,14.55,14.275,0.20911435424804684
1260,1.0904109589041096,220.0,15.9,16.4,16.15,0.20302615829467768
1261,1.0904109589041096,225.0,17.95,18.55,18.25,0.19815865325927734
1262,1.0904109589041096,230.0,18.0,20.55,19.275,0.18952226501464847
1263,1.0904109589041096,235.0,22.7,23.1,22.9,0.18448691497802733
1264,1.0904109589041096,240.0,25.2,26.05,25.625,0.181374153137207
1265,1.0904109589041096,245.0,26.55,29.0,27.775,0.17583526809692385
1266,1.0904109589041096,250.0,30.5,32.6,31.55,0.1753012158203125
1267,1.0904109589041096,260.0,36.8,39.05,37.925,0.15628895477294924
1268,1.0904109589041096,270.0,45.35,47.45,46.400000000000006,0.15265739929199224
1269,1.0904109589041096,280.0,57.05,59.85,58.45,0.21418022155761718
1270,1.0904109589041096,290.0,63.15,67.5,65.325,0.192390888671875
1271,1.0904109589041096,300.0,73.15,76.8,74.975,0.1935505450439453
1272,1.0904109589041096,310.0,100.6,104.5,102.55,0.4673057420349121
1273,1.167123287671233,5.0,218.0,223.0,220.5,1.8486335693359375
1274,1.167123287671233,20.0,200.8,204.7,202.75,1.0000000000000003e-05
1275,1.167123287671233,25.0,194.5,198.25,196.375,1.0000000000000003e-05
1276,1.167123287671233,30.0,198.0,203.0,200.5,1.5003687091064453
1277,1.167123287671233,35.0,195.65,199.55,197.60000000000002,1.5241723010253905
1278,1.167123287671233,40.0,180.1,184.0,182.05,1.0000000000000003e-05
1279,1.167123287671233,45.0,174.95,178.6,176.77499999999998,1.0000000000000003e-05
1280,1.167123287671233,50.0,175.45,180.0,177.725,0.9172371557617188
1281,1.167123287671233,55.0,170.8,175.0,172.9,0.8730481445312499
1282,1.167123287671233,60.0,166.05,170.5,168.275,0.8454605297851561
1283,1.167123287671233,65.0,165.95,169.05,167.5,1.0038501956176757
1284,1.167123287671233,70.0,156.0,161.0,158.5,0.764772860107422
1285,1.167123287671233,75.0,151.5,155.6,153.55,0.7256497161865234
1286,1.167123287671233,80.0,146.8,151.5,149.15,0.7150297052001953
1287,1.167123287671233,85.0,139.9,143.8,141.85000000000002,0.5593305786132813
1288,1.167123287671233,90.0,138.35,141.55,139.95,0.6739534558105471
1289,1.167123287671233,95.0,132.95,137.45,135.2,0.6483189465332031
1290,1.167123287671233,100.0,128.4,132.85,130.625,0.6295813409423829
1291,1.167123287671233,105.0,124.0,127.3,125.65,0.5983316534423828
1292,1.167123287671233,110.0,118.5,122.75,120.625,0.5670819659423829
1293,1.167123287671233,115.0,114.8,118.25,116.525,0.563602996826172
1294,1.167123287671233,120.0,109.85,113.5,111.675,0.5387314193725586
1295,1.167123287671233,125.0,105.5,108.55,107.025,0.5197191583251952
1296,1.167123287671233,130.0,100.7,104.35,102.525,0.5043994873046875
1297,1.167123287671233,135.0,96.4,99.65,98.025,0.5236253692626953
1298,1.167123287671233,140.0,92.15,95.65,93.9,0.5159960510253907
1299,1.167123287671233,145.0,88.25,90.95,89.6,0.4943898217773438
1300,1.167123287671233,150.0,84.3,85.3,84.8,0.4559990924072266
1301,1.167123287671233,155.0,79.75,80.9,80.325,0.4410761459350586
1302,1.167123287671233,160.0,75.8,76.85,76.32499999999999,0.4316768258666992
1303,1.167123287671233,165.0,71.3,72.25,71.775,0.4129087030029296
1304,1.167123287671233,170.0,67.45,68.1,67.775,0.4009459320068359
1305,1.167123287671233,175.0,63.1,64.0,63.55,0.3891357473754883
1306,1.167123287671233,180.0,59.15,60.1,59.625,0.37949228912353516
1307,1.167123287671233,185.0,55.4,55.95,55.675,0.3657747749328613
1308,1.167123287671233,190.0,51.45,52.25,51.85,0.35722993850708
1309,1.167123287671233,195.0,47.7,48.5,48.1,0.34715923843383784
1310,1.167123287671233,200.0,44.2,44.95,44.575,0.33859914337158203
1311,1.167123287671233,205.0,40.9,41.55,41.224999999999994,0.33075620422363283
1312,1.167123287671233,210.0,37.65,38.6,38.125,0.32683473464965823
1313,1.167123287671233,215.0,34.5,35.2,34.85,0.3168098104858398
1314,1.167123287671233,220.0,31.55,32.2,31.875,0.30998919998168945
1315,1.167123287671233,225.0,28.75,29.25,29.0,0.30249720947265624
1316,1.167123287671233,230.0,26.1,26.6,26.35,0.2969125485229491
1317,1.167123287671233,235.0,23.6,24.15,23.875,0.29209081939697257
1318,1.167123287671233,240.0,21.3,21.8,21.55,0.2869944348144531
1319,1.167123287671233,245.0,19.15,19.6,19.375,0.2821269297790527
1320,1.167123287671233,250.0,17.15,17.6,17.375,0.2779918392944336
1321,1.167123287671233,255.0,15.45,15.75,15.6,0.2740856283569336
1322,1.167123287671233,260.0,13.65,14.1,13.875,0.2709728665161133
1323,1.167123287671233,265.0,12.2,12.6,12.399999999999999,0.2682263119506836
1324,1.167123287671233,270.0,10.95,11.2,11.075,0.265281395111084
1325,1.167123287671233,275.0,9.65,9.95,9.8,0.2627942373657227
1326,1.167123287671233,280.0,8.55,8.85,8.7,0.2609021664428711
1327,1.167123287671233,285.0,7.6,7.85,7.725,0.2590406127929688
1328,1.167123287671233,290.0,6.65,6.95,6.800000000000001,0.2573316455078125
1329,1.167123287671233,300.0,5.2,5.55,5.375,0.25629405822753903
1330,1.167123287671233,310.0,4.05,4.35,4.199999999999999,0.25427991821289064
1331,1.167123287671233,320.0,3.15,3.45,3.3,0.2536695727539063
1332,1.167123287671233,330.0,2.39,2.68,2.535,0.2520826745605469
1333,1.167123287671233,340.0,1.91,2.13,2.02,0.25214370910644535
1334,1.167123287671233,350.0,1.46,1.57,1.5150000000000001,0.24848163635253906
1335,1.167123287671233,5.0,0.0,0.04,0.02,1.21875390625
1336,1.167123287671233,10.0,0.0,0.41,0.205,1.259769326171875
1337,1.167123287671233,20.0,0.0,0.04,0.02,0.7500025
1338,1.167123287671233,30.0,0.0,0.14,0.07,0.6992217578125001
1339,1.167123287671233,35.0,0.0,0.15,0.075,0.65039412109375
1340,1.167123287671233,40.0,0.01,0.17,0.09000000000000001,0.6152382226562501
1341,1.167123287671233,45.0,0.07,0.19,0.13,0.5986368261718751
1342,1.167123287671233,50.0,0.06,0.13,0.095,0.5400436621093752
1343,1.167123287671233,55.0,0.06,0.23,0.14500000000000002,0.532231240234375
1344,1.167123287671233,60.0,0.09,0.18,0.135,0.5131884619140624
1345,1.167123287671233,65.0,0.13,0.21,0.16999999999999998,0.49268085449218757
1346,1.167123287671233,70.0,0.0,0.0,0.0,0.2500075
1347,1.167123287671233,75.0,0.19,0.28,0.23500000000000001,0.4555718505859375
1348,1.167123287671233,80.0,0.23,0.31,0.27,0.43628493408203123
1349,1.167123287671233,85.0,0.33,0.38,0.355,0.42456630126953127
1350,1.167123287671233,90.0,0.32,0.4,0.36,0.40430283203125
1351,1.167123287671233,95.0,0.38,0.46,0.42000000000000004,0.39038695556640624
1352,1.167123287671233,100.0,0.45,0.5,0.475,0.37402969726562496
1353,1.167123287671233,105.0,0.48,0.53,0.505,0.3566958862304687
1354,1.167123287671233,110.0,0.62,0.71,0.665,0.3540103662109374
1355,1.167123287671233,115.0,0.73,0.83,0.78,0.34363449340820307
1356,1.167123287671233,120.0,0.86,0.96,0.9099999999999999,0.3332586206054688
1357,1.167123287671233,125.0,0.97,1.12,1.045,0.3238593005371093
1358,1.167123287671233,130.0,1.15,1.3,1.225,0.31464308410644526
1359,1.167123287671233,135.0,1.35,1.53,1.44,0.30676962768554683
1360,1.167123287671233,140.0,1.6,1.79,1.695,0.29883513671874995
1361,1.167123287671233,145.0,1.87,2.14,2.005,0.2929758203124999
1362,1.167123287671233,150.0,2.25,2.39,2.3200000000000003,0.28247787841796873
1363,1.167123287671233,155.0,2.57,2.8,2.6849999999999996,0.275825112915039
1364,1.167123287671233,160.0,3.05,3.25,3.15,0.2688671746826171
1365,1.167123287671233,165.0,3.55,3.75,3.65,0.26178716735839846
1366,1.167123287671233,170.0,4.2,4.45,4.325,0.2574537145996094
1367,1.167123287671233,175.0,4.8,5.1,4.949999999999999,0.2505262936401367
1368,1.167123287671233,180.0,5.55,5.85,5.699999999999999,0.2439650799560547
1369,1.167123287671233,185.0,6.45,6.7,6.575,0.23758696990966793
1370,1.167123287671233,190.0,7.4,7.7,7.550000000000001,0.23191075714111326
1371,1.167123287671233,195.0,8.45,8.9,8.675,0.22731790756225584
1372,1.167123287671233,200.0,9.8,10.1,9.95,0.22101609069824218
1373,1.167123287671233,205.0,11.15,11.5,11.325,0.2155077229309082
1374,1.167123287671233,210.0,12.75,13.0,12.875,0.20941952697753902
1375,1.167123287671233,215.0,14.45,15.05,14.75,0.2075579733276367
1376,1.167123287671233,220.0,16.35,17.0,16.675,0.202583657836914
1377,1.167123287671233,225.0,18.45,18.75,18.6,0.19362683822631838
1378,1.167123287671233,230.0,20.45,21.35,20.9,0.19144485321044924
1379,1.167123287671233,235.0,21.15,23.6,22.375,0.18352562088012692
1380,1.167123287671233,240.0,23.5,26.55,25.025,0.1806417385864258
1381,1.167123287671233,245.0,27.4,29.5,28.45,0.1754843194580078
1382,1.167123287671233,250.0,30.9,33.05,31.974999999999998,0.1746603530883789
1383,1.167123287671233,255.0,33.4,36.3,34.849999999999994,0.16800758758544926
1384,1.167123287671233,260.0,38.05,39.95,39.0,0.16352154846191408
1385,1.167123287671233,265.0,41.35,44.6,42.975,0.17063207305908207
1386,1.167123287671233,270.0,44.85,47.8,46.325,0.15378653839111328
1387,1.167123287671233,275.0,49.7,51.5,50.6,0.13788703918457032
1388,1.167123287671233,280.0,53.95,56.25,55.1,0.14051152465820313
1389,1.167123287671233,285.0,58.2,61.8,60.0,0.16239240936279298
1390,1.167123287671233,290.0,63.15,66.8,64.975,0.17090672851562502
1391,1.167123287671233,300.0,72.5,76.8,74.65,0.1871419177246094
1392,1.167123287671233,310.0,83.15,86.8,84.975,0.20246158874511716
1393,1.167123287671233,330.0,103.1,106.8,104.94999999999999,0.23090368713378906
1394,1.167123287671233,340.0,108.8,111.9,110.35,1.0000000000000003e-05
1395,1.167123287671233,350.0,123.1,126.8,124.94999999999999,0.256843369140625
1396,1.5863013698630137,5.0,218.0,223.0,220.5,1.5859395703124997
1397,1.5863013698630137,15.0,212.7,216.55,214.625,1.762208220214844
1398,1.5863013698630137,30.0,196.45,200.2,198.325,1.1168257049560546
1399,1.5863013698630137,35.0,199.1,202.95,201.02499999999998,1.5056177062988283
1400,1.5863013698630137,40.0,185.0,189.5,187.25,0.8654798608398437
1401,1.5863013698630137,45.0,177.55,181.4,179.47500000000002,0.7307155834960937
1402,1.5863013698630137,50.0,0.0,0.0,0.0,1.0000000000000003e-05
1403,1.5863013698630137,55.0,171.0,176.0,173.5,0.7839377075195313
1404,1.5863013698630137,60.0,166.5,171.0,168.75,0.7501245690917968
1405,1.5863013698630137,65.0,161.5,166.5,164.0,0.7188748815917969
1406,1.5863013698630137,70.0,157.25,162.0,159.625,0.7054472814941408
1407,1.5863013698630137,75.0,152.5,157.5,155.0,0.6815827740478517
1408,1.5863013698630137,80.0,148.0,152.5,150.25,0.6542392974853517
1409,1.5863013698630137,85.0,144.5,148.3,146.4,0.6572910247802735
1410,1.5863013698630137,90.0,139.1,143.3,141.2,0.6174354663085939
1411,1.5863013698630137,95.0,134.0,139.0,136.5,0.5944864770507813
1412,1.5863013698630137,100.0,129.95,134.5,132.225,0.5836223278808592
1413,1.5863013698630137,105.0,125.0,130.0,127.5,0.5611005804443359
1414,1.5863013698630137,110.0,120.5,125.0,122.75,0.5387924539184571
1415,1.5863013698630137,115.0,116.0,120.5,118.25,0.5227708856201172
1416,1.5863013698630137,120.0,112.35,116.5,114.425,0.5206957110595702
1417,1.5863013698630137,125.0,107.4,111.95,109.67500000000001,0.5419052157592775
1418,1.5863013698630137,130.0,103.45,106.75,105.1,0.5114489773559571
1419,1.5863013698630137,135.0,98.55,102.5,100.525,0.4982960327148438
1420,1.5863013698630137,140.0,95.35,97.05,96.19999999999999,0.46570358520507815
1421,1.5863013698630137,145.0,90.9,92.65,91.775,0.45084167327880864
1422,1.5863013698630137,150.0,87.2,88.35,87.775,0.43741407318115233
1423,1.5863013698630137,155.0,82.95,84.1,83.525,0.4245815599060059
1424,1.5863013698630137,160.0,78.8,79.9,79.35,0.4122068057250976
1425,1.5863013698630137,165.0,74.75,75.85,75.3,0.4015257601928711
1426,1.5863013698630137,170.0,70.85,72.0,71.425,0.39288937194824214
1427,1.5863013698630137,175.0,67.35,68.15,67.75,0.3836731555175781
1428,1.5863013698630137,180.0,63.15,64.2,63.675,0.372778489074707
1429,1.5863013698630137,185.0,59.4,60.7,60.05,0.36641563766479496
1430,1.5863013698630137,190.0,55.85,57.2,56.525000000000006,0.35928985443115236
1431,1.5863013698630137,195.0,52.25,53.6,52.925,0.3504245866394042
1432,1.5863013698630137,200.0,49.2,50.15,49.675,0.34244431976318357
1433,1.5863013698630137,205.0,45.65,46.7,46.175,0.3337774142456055
1434,1.5863013698630137,210.0,42.75,43.6,43.175,0.32775025283813475
1435,1.5863013698630137,215.0,39.7,40.55,40.125,0.32138740142822264
1436,1.5863013698630137,220.0,36.75,37.75,37.25,0.316489379119873
1437,1.5863013698630137,225.0,33.75,34.95,34.35,0.31072161453247066
1438,1.5863013698630137,230.0,31.4,32.25,31.825,0.3049843672180175
1439,1.5863013698630137,235.0,29.05,29.95,29.5,0.30191738128662116
1440,1.5863013698630137,240.0,26.8,27.55,27.175,0.29704987625122065
1441,1.5863013698630137,245.0,24.5,25.35,24.925,0.293052113494873
1442,1.5863013698630137,250.0,22.6,23.1,22.85,0.28768107345581045
1443,1.5863013698630137,255.0,20.6,21.35,20.975,0.2858347784423828
1444,1.5863013698630137,260.0,18.75,19.55,19.15,0.28266098205566403
1445,1.5863013698630137,265.0,17.0,17.8,17.4,0.27901416793823236
1446,1.5863013698630137,270.0,15.7,16.3,16.0,0.27677114837646477
1447,1.5863013698630137,275.0,14.05,14.85,14.45,0.27413140426635746
1448,1.5863013698630137,280.0,12.85,13.55,13.2,0.2720562297058105
1449,1.5863013698630137,285.0,11.7,12.2,11.95,0.2686230364990234
1450,1.5863013698630137,290.0,10.65,11.05,10.850000000000001,0.26630372375488287
1451,1.5863013698630137,300.0,8.75,9.1,8.925,0.2629468237304688
1452,1.5863013698630137,310.0,7.05,7.45,7.25,0.2598188032531738
1453,1.5863013698630137,320.0,5.75,6.25,6.0,0.2594068200683594
1454,1.5863013698630137,330.0,4.75,5.15,4.95,0.2577894046020508
1455,1.5863013698630137,340.0,3.85,4.2,4.025,0.25580578186035163
1456,1.5863013698630137,350.0,3.15,3.5,3.325,0.2555616436767578
1457,1.5863013698630137,5.0,0.0,0.2,0.1,1.2421912890624998
1458,1.5863013698630137,10.0,0.0,0.36,0.18,1.0625046875000002
1459,1.5863013698630137,20.0,0.0,0.1,0.05,0.6992217578125001
1460,1.5863013698630137,30.0,0.01,0.18,0.095,0.6210975390625001
1461,1.5863013698630137,35.0,0.02,0.21,0.11499999999999999,0.584965087890625
1462,1.5863013698630137,40.0,0.04,0.24,0.13999999999999999,0.5556685058593751
1463,1.5863013698630137,45.0,0.09,0.17,0.13,0.5136767382812499
1464,1.5863013698630137,50.0,0.13,0.25,0.19,0.5029346582031251
1465,1.5863013698630137,55.0,0.15,0.3,0.22499999999999998,0.5004932763671875
1466,1.5863013698630137,60.0,0.16,0.35,0.255,0.4809622216796875
1467,1.5863013698630137,65.0,0.19,0.39,0.29000000000000004,0.459966337890625
1468,1.5863013698630137,70.0,0.23,0.43,0.33,0.43994700683593746
1469,1.5863013698630137,75.0,0.26,0.47,0.365,0.42090422851562503
1470,1.5863013698630137,80.0,0.35,0.48,0.415,0.39893179199218753
1471,1.5863013698630137,85.0,0.41,0.55,0.48,0.3852600537109374
1472,1.5863013698630137,90.0,0.5,0.61,0.5549999999999999,0.37036762451171873
1473,1.5863013698630137,95.0,0.49,0.76,0.625,0.3635317553710938
1474,1.5863013698630137,100.0,0.65,0.8,0.7250000000000001,0.3469303588867187
1475,1.5863013698630137,105.0,0.75,0.94,0.845,0.33777517700195314
1476,1.5863013698630137,110.0,0.88,1.07,0.9750000000000001,0.327155166015625
1477,1.5863013698630137,115.0,1.0,1.27,1.135,0.31976998596191397
1478,1.5863013698630137,120.0,1.21,1.43,1.3199999999999998,0.30951618225097655
1479,1.5863013698630137,125.0,1.41,1.66,1.535,0.30170376037597657
1480,1.5863013698630137,130.0,1.67,1.91,1.79,0.2937082348632812
1481,1.5863013698630137,135.0,1.94,2.21,2.075,0.286567192993164
1482,1.5863013698630137,140.0,2.28,2.58,2.4299999999999997,0.2804637384033203
1483,1.5863013698630137,145.0,2.64,2.98,2.81,0.27399407653808594
1484,1.5863013698630137,150.0,3.05,3.4,3.2249999999999996,0.26700562103271486
1485,1.5863013698630137,155.0,3.55,3.9,3.7249999999999996,0.2607800973510742
1486,1.5863013698630137,160.0,4.15,4.45,4.300000000000001,0.254463021850586
1487,1.5863013698630137,165.0,4.75,5.15,4.95,0.24970232727050778
1488,1.5863013698630137,170.0,5.55,5.9,5.725,0.24448387359619145
1489,1.5863013698630137,175.0,6.35,6.7,6.525,0.23883817810058594
1490,1.5863013698630137,180.0,7.3,7.7,7.5,0.23474886352539062
1491,1.5863013698630137,185.0,8.25,8.75,8.5,0.22995765167236326
1492,1.5863013698630137,190.0,9.4,9.9,9.65,0.22510540527343748
1493,1.5863013698630137,195.0,10.55,11.15,10.850000000000001,0.22011583114624017
1494,1.5863013698630137,200.0,11.95,12.45,12.2,0.2143938424682617
1495,1.5863013698630137,205.0,13.3,14.05,13.675,0.2104723728942871
1496,1.5863013698630137,210.0,15.2,15.55,15.375,0.20420107330322262
1497,1.5863013698630137,215.0,16.65,17.65,17.15,0.20223270919799802
1498,1.5863013698630137,220.0,18.9,19.6,19.25,0.1973804627990723
1499,1.5863013698630137,225.0,20.55,21.45,21.0,0.1901936450195313
1500,1.5863013698630137,230.0,22.95,23.75,23.35,0.18552450225830075
1501,1.5863013698630137,235.0,25.1,26.4,25.75,0.18238122314453126
1502,1.5863013698630137,240.0,27.5,29.35,28.425,0.18030604858398439
1503,1.5863013698630137,245.0,30.25,31.85,31.05,0.17247836807250982
1504,1.5863013698630137,250.0,32.95,34.8,33.875,0.16689370712280277
1505,1.5863013698630137,255.0,36.35,37.95,37.150000000000006,0.16123275299072265
1506,1.5863013698630137,260.0,39.75,41.35,40.55,0.15601429931640626
1507,1.5863013698630137,265.0,43.05,44.9,43.974999999999994,0.15012446563720705
1508,1.5863013698630137,270.0,46.25,48.65,47.45,0.14399049377441403
1509,1.5863013698630137,275.0,50.45,53.15,51.8,0.14594359924316402
1510,1.5863013698630137,280.0,54.3,57.25,55.775,0.14008428283691404
1511,1.5863013698630137,285.0,54.15,57.2,55.675,1.0000000000000003e-05
1512,1.5863013698630137,290.0,67.25,69.8,68.525,0.1943134768676758
1513,1.5863013698630137,300.0,78.0,81.2,79.6,0.22892006439208984
1514,1.5863013698630137,310.0,80.4,83.95,82.17500000000001,1.0000000000000003e-05
1515,1.5863013698630137,340.0,110.6,113.65,112.125,1.0000000000000003e-05
1516,1.5863013698630137,350.0,126.45,129.85,128.15,0.2793956338500976
1517,2.0876712328767124,5.0,218.0,223.0,220.5,1.3828155859374998
1518,2.0876712328767124,10.0,214.85,218.75,216.8,1.4030791564941407
1519,2.0876712328767124,15.0,208.0,213.0,210.5,0.918946123046875
1520,2.0876712328767124,20.0,201.3,205.25,203.275,0.73437765625
1521,2.0876712328767124,30.0,204.0,207.75,205.875,1.4405545550537109
1522,2.0876712328767124,35.0,189.5,194.5,192.0,0.793825303955078
1523,2.0876712328767124,40.0,185.0,190.0,187.5,0.7725852819824219
1524,2.0876712328767124,45.0,180.5,185.5,183.0,0.7506128454589844
1525,2.0876712328767124,50.0,176.0,181.0,178.5,0.7286404089355469
1526,2.0876712328767124,60.0,167.0,172.0,169.5,0.6859162268066408
1527,2.0876712328767124,70.0,158.0,163.0,160.5,0.6454503228759765
1528,2.0876712328767124,80.0,149.0,154.0,151.5,0.6073037316894532
1529,2.0876712328767124,85.0,144.5,149.5,147.0,0.5890544024658204
1530,2.0876712328767124,90.0,140.0,145.0,142.5,0.5712323150634766
1531,2.0876712328767124,95.0,135.5,140.5,138.0,0.5538679867553712
1532,2.0876712328767124,100.0,131.0,136.0,133.5,0.5369309002685547
1533,2.0876712328767124,105.0,126.5,131.5,129.0,0.5203295037841795
1534,2.0876712328767124,110.0,122.5,127.0,124.75,0.5088550091552735
1535,2.0876712328767124,115.0,118.0,123.0,120.5,0.5403183175659182
1536,2.0876712328767124,120.0,113.6,118.5,116.05,0.522068988342285
1537,2.0876712328767124,125.0,110.2,114.5,112.35,0.5119372537231445
1538,2.0876712328767124,130.0,105.5,110.0,107.75,0.4942372354125977
1539,2.0876712328767124,135.0,102.6,106.0,104.3,0.48389187988281257
1540,2.0876712328767124,140.0,98.25,101.5,99.875,0.4666801379394532
1541,2.0876712328767124,145.0,94.45,96.3,95.375,0.44086252502441403
1542,2.0876712328767124,150.0,90.2,91.7,90.95,0.42340664489746094
1543,2.0876712328767124,155.0,86.8,87.7,87.25,0.4133664620971679
1544,2.0876712328767124,160.0,82.55,83.95,83.25,0.40585921295166016
1545,2.0876712328767124,165.0,78.65,80.15,79.4,0.3973754110717773
1546,2.0876712328767124,170.0,75.15,76.3,75.725,0.38796083236694334
1547,2.0876712328767124,175.0,71.2,72.55,71.875,0.37924815093994135
1548,2.0876712328767124,180.0,67.65,68.95,68.30000000000001,0.3716035740661621
1549,2.0876712328767124,185.0,64.05,65.75,64.9,0.3672853799438477
1550,2.0876712328767124,190.0,60.7,62.3,61.5,0.36002226898193357
1551,2.0876712328767124,195.0,57.3,58.7,58.0,0.3509281216430663
1552,2.0876712328767124,200.0,54.15,55.6,54.875,0.345785961151123
1553,2.0876712328767124,210.0,48.4,49.4,48.9,0.33373163833618164
1554,2.0876712328767124,220.0,42.35,43.9,43.125,0.3250342155456542
1555,2.0876712328767124,230.0,37.5,38.45,37.975,0.3142463595581054
1556,2.0876712328767124,240.0,32.65,33.65,33.15,0.306021954498291
1557,2.0876712328767124,250.0,28.35,29.2,28.775,0.29790435989379876
1558,2.0876712328767124,260.0,24.4,25.3,24.85,0.2914346980285643
1559,2.0876712328767124,270.0,21.25,21.95,21.6,0.2866740034484863
1560,2.0876712328767124,280.0,17.85,18.85,18.35,0.28137925659179686
1561,2.0876712328767124,290.0,15.2,16.0,15.6,0.2756114920043945
1562,2.0876712328767124,300.0,13.2,13.7,13.45,0.2720562297058105
1563,2.0876712328767124,310.0,11.15,11.65,11.4,0.26842467422485344
1564,2.0876712328767124,320.0,9.55,9.9,9.725000000000001,0.26538820556640624
1565,2.0876712328767124,330.0,7.9,8.35,8.125,0.2621838919067383
1566,2.0876712328767124,340.0,6.85,7.2,7.025,0.2613446669006348
1567,2.0876712328767124,350.0,6.0,6.15,6.075,0.2599103550720215
1568,2.0876712328767124,360.0,5.0,5.3,5.15,0.2593152682495118
1569,2.0876712328767124,370.0,4.2,4.7,4.45,0.2607800973510742
1570,2.0876712328767124,380.0,3.65,4.05,3.8499999999999996,0.260200269165039
1571,2.0876712328767124,390.0,3.1,3.5,3.3,0.25989509643554687
1572,2.0876712328767124,400.0,2.51,2.92,2.715,0.25757578369140627
1573,2.0876712328767124,410.0,2.3,2.57,2.4349999999999996,0.25843026733398444
1574,2.0876712328767124,420.0,1.82,2.38,2.1,0.2618482019042969
1575,2.0876712328767124,430.0,1.58,2.1,1.84,0.2625195819091797
1576,2.0876712328767124,440.0,1.49,1.65,1.5699999999999998,0.25757578369140627
1577,2.0876712328767124,450.0,1.28,1.56,1.42,0.26154302917480465
1578,2.0876712328767124,5.0,0.0,0.15,0.075,1.0429735351562504
1579,2.0876712328767124,10.0,0.01,0.12,0.065,0.8203142968749999
1580,2.0876712328767124,20.0,0.02,0.09,0.055,0.6171913281250001
1581,2.0876712328767124,25.0,0.04,0.19,0.115,0.6035195898437502
1582,2.0876712328767124,30.0,0.09,0.15,0.12,0.5556685058593751
1583,2.0876712328767124,35.0,0.11,0.25,0.18,0.5380905566406251
1584,2.0876712328767124,40.0,0.13,0.24,0.185,0.5009815527343751
1585,2.0876712328767124,45.0,0.17,0.32,0.245,0.5014698291015626
1586,2.0876712328767124,50.0,0.21,0.3,0.255,0.46533737792968755
1587,2.0876712328767124,60.0,0.27,0.44,0.355,0.43335527587890627
1588,2.0876712328767124,70.0,0.35,0.54,0.445,0.3969786865234375
1589,2.0876712328767124,80.0,0.48,0.65,0.565,0.36499658447265626
1590,2.0876712328767124,85.0,0.52,0.76,0.64,0.3541324353027343
1591,2.0876712328767124,90.0,0.64,0.83,0.735,0.34009448974609374
1592,2.0876712328767124,95.0,0.73,0.94,0.835,0.32898620239257803
1593,2.0876712328767124,100.0,0.88,1.08,0.98,0.3193427441406249
1594,2.0876712328767124,105.0,1.0,1.25,1.125,0.3107979077148437
1595,2.0876712328767124,110.0,1.18,1.44,1.31,0.30249720947265624
1596,2.0876712328767124,115.0,1.37,1.66,1.5150000000000001,0.2947458221435546
1597,2.0876712328767124,120.0,1.62,1.9,1.76,0.28705546936035153
1598,2.0876712328767124,125.0,1.9,2.21,2.0549999999999997,0.2808299456787109
1599,2.0876712328767124,130.0,2.29,2.46,2.375,0.27210200561523434
1600,2.0876712328767124,135.0,2.59,2.89,2.74,0.2674023455810547
1601,2.0876712328767124,140.0,3.05,3.3,3.175,0.26117682189941405
1602,2.0876712328767124,145.0,3.55,3.9,3.7249999999999996,0.2579114736938477
1603,2.0876712328767124,150.0,4.1,4.35,4.225,0.2506788800048828
1604,2.0876712328767124,155.0,4.7,5.1,4.9,0.24777973907470702
1605,2.0876712328767124,160.0,5.35,5.8,5.574999999999999,0.24283594085693355
1606,2.0876712328767124,165.0,6.1,6.55,6.324999999999999,0.237663263092041
1607,2.0876712328767124,170.0,6.95,7.4,7.175000000000001,0.23287205123901367
1608,2.0876712328767124,175.0,7.9,8.4,8.15,0.22892006439208984
1609,2.0876712328767124,180.0,8.95,9.45,9.2,0.22449505981445309
1610,2.0876712328767124,185.0,10.0,10.65,10.325,0.2206346247863769
1611,2.0876712328767124,190.0,11.3,11.9,11.600000000000001,0.2162248788452148
1612,2.0876712328767124,195.0,12.65,13.2,12.925,0.21131159790039059
1613,2.0876712328767124,200.0,13.85,14.7,14.274999999999999,0.20720702468872065
1614,2.0876712328767124,210.0,17.45,18.05,17.75,0.19886055053710935
1615,2.0876712328767124,220.0,21.2,22.15,21.674999999999997,0.19225356094360352
1616,2.0876712328767124,230.0,25.35,26.55,25.950000000000003,0.18340355178833007
1617,2.0876712328767124,240.0,30.05,31.4,30.725,0.1732412998962402
1618,2.0876712328767124,250.0,35.25,36.95,36.1,0.1632621516418457
1619,2.0876712328767124,260.0,41.5,43.25,42.375,0.15351188293457033
1620,2.0876712328767124,270.0,48.1,51.2,49.650000000000006,0.152901537475586
1621,2.0876712328767124,280.0,55.35,58.65,57.0,0.14112187011718752
1622,2.0876712328767124,290.0,63.65,67.25,65.45,0.1356897955322266
1623,2.0876712328767124,300.0,0.0,0.0,0.0,1.0000000000000003e-05
1624,2.0876712328767124,310.0,92.0,95.95,93.975,0.2623975128173829
1625,2.0876712328767124,320.0,94.25,97.75,96.0,0.17990932403564452
1626,2.0876712328767124,330.0,99.55,103.6,101.57499999999999,1.0000000000000003e-05
1627,2.0876712328767124,340.0,112.5,117.5,115.0,0.19696847961425779
1628,2.0876712328767124,350.0,120.5,124.25,122.375,1.0000000000000003e-05
1629,2.0876712328767124,450.0,222.5,227.5,225.0,0.28784891845703114
1630,2.164383561643836,5.0,218.0,223.0,220.5,1.3574250878906249
1631,2.164383561643836,10.0,213.0,218.0,215.5,1.05859845703125
1632,2.164383561643836,15.0,208.0,213.0,210.5,0.9023447265625
1633,2.164383561643836,30.0,194.5,199.0,196.75,0.8237322314453124
1634,2.164383561643836,35.0,189.5,194.5,192.0,0.7796652893066407
1635,2.164383561643836,40.0,185.0,190.0,187.5,0.7587914746093751
1636,2.164383561643836,45.0,180.5,185.5,183.0,0.7371852453613281
1637,2.164383561643836,50.0,176.0,181.0,178.5,0.7155790161132812
1638,2.164383561643836,60.0,167.0,172.0,169.5,0.6736482830810548
1639,2.164383561643836,70.0,158.5,163.0,160.75,0.6421544573974609
1640,2.164383561643836,80.0,149.0,154.0,151.5,0.5964700997924804
1641,2.164383561643836,85.0,145.0,149.5,147.25,0.584965087890625
1642,2.164383561643836,100.0,131.5,136.5,134.0,0.5377853839111328
1643,2.164383561643836,105.0,127.0,132.0,129.5,0.5208788146972656
1644,2.164383561643836,110.0,128.8,132.7,130.75,0.6040689007568361
1645,2.164383561643836,115.0,118.5,123.5,121.0,0.5388840057373048
1646,2.164383561643836,120.0,114.0,119.0,116.5,0.5205736419677733
1647,2.164383561643836,125.0,110.35,114.6,112.475,0.5042774182128906
1648,2.164383561643836,130.0,105.5,110.5,108.0,0.49252826812744144
1649,2.164383561643836,135.0,102.5,104.6,103.55,0.45609064422607426
1650,2.164383561643836,140.0,98.8,100.45,99.625,0.44460089096069333
1651,2.164383561643836,145.0,94.95,97.2,96.075,0.4442499423217773
1652,2.164383561643836,150.0,90.2,92.4,91.30000000000001,0.42427638717651367
1653,2.164383561643836,155.0,87.15,88.85,88.0,0.4192257785034179
1654,2.164383561643836,160.0,83.3,84.9,84.1,0.4091245611572265
1655,2.164383561643836,165.0,79.45,81.15,80.30000000000001,0.4009001560974121
1656,2.164383561643836,170.0,75.4,77.1,76.25,0.38922729919433596
1657,2.164383561643836,175.0,71.55,73.65,72.6,0.3833374655151367
1658,2.164383561643836,180.0,67.95,69.9,68.92500000000001,0.37402969726562496
1659,2.164383561643836,185.0,64.05,66.75,65.4,0.3699556413269042
1660,2.164383561643836,190.0,61.05,63.95,62.5,0.3683840017700196
1661,2.164383561643836,195.0,57.75,59.5,58.625,0.351645277557373
1662,2.164383561643836,200.0,54.65,57.2,55.925,0.35323217575073235
1663,2.164383561643836,210.0,49.0,50.15,49.575,0.33386896606445315
1664,2.164383561643836,220.0,43.5,44.6,44.05,0.32474430145263666
1665,2.164383561643836,230.0,38.3,39.85,39.075,0.31940377868652337
1666,2.164383561643836,240.0,33.45,34.55,34.0,0.3073799731445312
1667,2.164383561643836,250.0,29.0,30.05,29.525,0.2990182403564453
1668,2.164383561643836,260.0,25.05,26.1,25.575000000000003,0.29233495758056627
1669,2.164383561643836,270.0,21.4,22.6,22.0,0.28659771026611325
1670,2.164383561643836,280.0,18.75,19.5,19.125,0.2815471015930175
1671,2.164383561643836,290.0,15.8,16.75,16.275,0.2769084761047363
1672,2.164383561643836,300.0,13.25,14.35,13.8,0.27283442016601556
1673,2.164383561643836,310.0,11.2,12.85,12.024999999999999,0.27457390472412113
1674,2.164383561643836,320.0,9.4,10.9,10.15,0.27034726242065427
1675,2.164383561643836,330.0,7.95,9.15,8.55,0.2658459646606446
1676,2.164383561643836,340.0,6.75,7.95,7.35,0.2650525155639648
1677,2.164383561643836,350.0,5.6,6.7,6.15,0.2619397537231446
1678,2.164383561643836,360.0,5.15,5.8,5.475,0.2612378564453125
1679,2.164383561643836,370.0,4.15,5.0,4.575,0.26035285552978515
1680,2.164383561643836,380.0,3.3,4.4,3.85,0.26093268371582035
1681,2.164383561643836,390.0,3.2,3.9,3.55,0.26187871917724614
1682,2.164383561643836,400.0,2.8,3.55,3.175,0.26438113555908205
1683,2.164383561643836,410.0,2.54,3.0,2.77,0.26233647827148443
1684,2.164383561643836,420.0,1.91,2.63,2.27,0.26248906463623045
1685,2.164383561643836,430.0,1.5,2.37,1.935,0.2640759628295898
1686,2.164383561643836,440.0,1.68,2.13,1.9049999999999998,0.26538820556640624
1687,2.164383561643836,450.0,1.45,1.55,1.5,0.25653819641113285
1688,2.164383561643836,5.0,0.0,0.3,0.15,1.12109814453125
1689,2.164383561643836,10.0,0.0,0.13,0.065,0.804689453125
1690,2.164383561643836,40.0,0.0,0.73,0.365,0.5380905566406251
1691,2.164383561643836,80.0,0.16,0.98,0.57,0.38440557006835935
1692,2.164383561643836,90.0,0.52,1.0,0.76,0.34534346069335936
1693,2.164383561643836,95.0,0.6,1.1,0.8500000000000001,0.33264827514648443
1694,2.164383561643836,100.0,0.9,1.25,1.075,0.32257757507324214
1695,2.164383561643836,105.0,0.85,1.54,1.195,0.31836619140624994
1696,2.164383561643836,110.0,1.19,1.47,1.33,0.29834686035156244
1697,2.164383561643836,115.0,1.4,1.77,1.585,0.2935251312255859
1698,2.164383561643836,120.0,1.67,2.03,1.8499999999999999,0.2862009857177734
1699,2.164383561643836,125.0,1.96,2.58,2.27,0.2863230548095703
1700,2.164383561643836,130.0,2.35,2.96,2.6550000000000002,0.28009753112792957
1701,2.164383561643836,135.0,2.66,3.1,2.88,0.2675549319458008
1702,2.164383561643836,140.0,3.1,3.35,3.225,0.25757578369140627
1703,2.164383561643836,145.0,3.6,4.4,4.0,0.26270268554687504
1704,2.164383561643836,150.0,3.75,5.05,4.4,0.25821664642333986
1705,2.164383561643836,155.0,4.4,5.65,5.025,0.25196060546875
1706,2.164383561643836,160.0,5.5,6.2,5.85,0.2443007699584961
1707,2.164383561643836,165.0,5.7,7.1,6.4,0.2407607662963867
1708,2.164383561643836,170.0,7.15,8.0,7.575,0.23613739944458007
1709,2.164383561643836,175.0,8.1,8.7,8.399999999999999,0.22830971893310548
1710,2.164383561643836,180.0,8.7,9.5,9.1,0.22101609069824218
1711,2.164383561643836,185.0,9.7,11.4,10.55,0.22431195617675775
1712,2.164383561643836,190.0,11.2,12.65,11.925,0.21958177886962887
1713,2.164383561643836,195.0,12.75,14.05,13.4,0.21530936065673828
1714,2.164383561643836,200.0,14.4,15.0,14.7,0.20615417877197262
1715,2.164383561643836,210.0,17.75,18.7,18.225,0.2006152937316894
1716,2.164383561643836,220.0,21.6,22.1,21.85,0.18843890182495115
1717,2.164383561643836,230.0,26.15,26.75,26.45,0.18164880859375
1718,2.164383561643836,240.0,30.55,32.05,31.299999999999997,0.1751181121826172
1719,2.164383561643836,250.0,35.4,37.45,36.425,0.16434551483154297
1720,2.164383561643836,260.0,41.25,43.6,42.425,0.15383231430053712
1721,2.164383561643836,270.0,48.05,50.75,49.4,0.14576049560546872
1722,2.164383561643836,280.0,55.6,59.0,57.3,0.14278506149291992
1723,2.164383561643836,290.0,63.75,67.2,65.475,0.13251599914550782
1724,2.164383561643836,300.0,73.1,76.8,74.94999999999999,0.1380091082763672
1725,2.164383561643836,320.0,92.5,97.5,95.0,0.17264621307373051
1726,2.164383561643836,330.0,102.5,107.05,104.775,0.17517914672851562
1727,2.164383561643836,350.0,122.5,127.5,125.0,0.20322452056884766
1728,2.164383561643836,400.0,172.5,177.5,175.0,0.24643697906494144
1729,2.164383561643836,430.0,202.5,207.5,205.0,0.26892820922851557
1730,2.164383561643836,440.0,212.5,217.5,215.0,0.2759471820068359
