0,90,90.202,90.404,90.6061,90.8081,91.0101,91.2121,91.4141,91.6162,91.8182,92.0202,92.2222,92.4242,92.6263,92.8283,93.0303,93.2323,93.4343,93.6364,93.8384,94.0404,94.2424,94.4444,94.6465,94.8485,95.0505,95.2525,95.4545,95.6566,95.8586,96.0606,96.2626,96.4646,96.6667,96.8687,97.0707,97.2727,97.4747,97.6768,97.8788,98.0808,98.2828,98.4848,98.6869,98.8889,99.0909,99.2929,99.4949,99.697,99.899,100.101,100.303,100.505,100.707,100.909,101.111,101.313,101.515,101.717,101.919,102.121,102.323,102.525,102.727,102.929,103.131,103.333,103.535,103.737,103.939,104.141,104.343,104.545,104.747,104.949,105.152,105.354,105.556,105.758,105.96,106.162,106.364,106.566,106.768,106.97,107.172,107.374,107.576,107.778,107.98,108.182,108.384,108.586,108.788,108.99,109.192,109.394,109.596,109.798,110
0,0,0,0,0,0,0,0,0,0,0,0,0,0,0,0,0,0,0,0,0,0,0,0,0,0,0,0,0,0,0,0,0,0,0,0,0,0,0,0,0,0,0,0,0,0,0,0,0,0,0,0.10101,0.30303,0.505051,0.707071,0.909091,1.11111,1.31313,1.51515,1.71717,1.91919,2.12121,2.32323,2.52525,2.72727,2.92929,3.13131,3.33333,3.53535,3.73737,3.93939,4.14141,4.34343,4.54545,4.74747,4.94949,5.15152,5.35354,5.55556,5.75758,5.9596,6.16162,6.36364,6.56566,6.76768,6.9697,7.17172,7.37374,7.57576,7.77778,7.9798,8.18182,8.38384,8.58586,8.78788,8.9899,9.19192,9.39394,9.59596,9.79798,10
0.010101,0,0,0,0,0,0,0,0,0,0,0,0,0,0,0,0,0,0,0,0,0,0,0,0,0,0,0,0,0,0,0,0,0,-1.82776e-16,2.17535e-15,7.80993e-15,3.36439e-13,1.13647e-11,2.94772e-10,5.90371e-09,9.1622e-08,1.10622e-06,1.04385e-05,7.73986e-05,0.000453868,0.00212145,0.00798046,0.024449,0.0618925,0.131767,0.240925,0.387406,0.56174,0.752422,0.95066,1.15165,1.35343,1.5554,1.75739,1.95939,2.16139,2.36339,2.56539,2.76739,2.96939,3.17139,3.37339,3.57539,3.77739,3.97939,4.18139,4.38339,4.58539,4.78739,4.98939,5.19139,5.39339,5.59539,5.79739,5.99939,6.20139,6.40339,6.60539,6.80738,7.00938,7.21138,7.41338,7.61538,7.81738,8.01938,8.22138,8.42338,8.62538,8.82738,9.02938,9.23138,9.43338,9.63538,9.83738,10.0394
0.020202,0,0,0,0,0,0,0,0,0,0,0,0,0,0,0,0,0,0,0,0,0,0,0,0,0,0,0,-1.98232e-15,4.93052e-16,8.10387e-15,1.58903e-13,2.191e-12,2.57227e-11,2.63513e-10,2.36201e-09,1.85527e-08,1.27898e-07,7.75158e-07,4.13805e-06,1.94968e-05,8.12594e-05,0.00030035,0.000987342,0.00289608,0.00760811,0.0179772,0.0383954,0.0745381,0.132369,0.216589,0.329157,0.468627,0.630669,0.809465,0.999272,1.19549,1.39502,1.59606,1.79772,1.9996,2.20155,2.40352,2.6055,2.80748,3.00946,3.21144,3.41342,3.6154,3.81738,4.01936,4.22134,4.42332,4.6253,4.82727,5.02925,5.23123,5.43321,5.63519,5.83717,6.03915,6.24113,6.44311,6.64509,6.84707,7.04905,7.25103,7.45301,7.65499,7.85697,8.05895,8.26092,8.4629,8.66488,8.86686,9.06884,9.27082,9.4728,9.67478,9.87676,10.0787
0.030303,0,0,0,0,0,0,0,0,0,0,0,0,0,0,0,0,0,0,0,0,0,-3.1279e-16,2.8285e-15,-1.90402e-15,9.18098e-15,4.75427e-14,4.56659e-13,3.78195e-12,2.85553e-11,1.96636e-10,1.23587e-09,7.0955e-09,3.72488e-08,1.78978e-07,7.87955e-07,3.18208e-06,1.18019e-05,4.02516e-05,0.000126421,0.000366208,0.000980031,0.00242753,0.00557696,0.0119106,0.0237072,0.0441029,0.0769234,0.126231,0.195637,0.287573,0.402731,0.539923,0.696355,0.868267,1.05165,1.24289,1.43906,1.63812,1.83872,2.04009,2.24181,2.44368,2.6456,2.84755,3.04951,3.25147,3.45343,3.65538,3.85734,4.0593,4.26126,4.46322,4.66518,4.86714,5.0691,5.27106,5.47302,5.67497,5.87693,6.07889,6.28085,6.48281,6.68477,6.88673,7.08869,7.29065,7.49261,7.69456,7.89652,8.09848,8.30044,8.5024,8.70436,8.90632,9.10828,9.31024,9.5122,9.71415,9.91611,10.1181
0.040404,0,0,0,0,0,0,0,0,0,0,0,0,0,0,0,0,0,4.82919e-15,7.2182e-16,-8.40429e-16,4.19957e-15,3.58263e-14,2.64459e-13,1.71297e-12,1.04333e-11,5.91088e-11,3.1207e-10,1.53648e-09,7.05932e-09,3.02879e-08,1.21438e-07,4.55349e-07,1.59801e-06,5.25311e-06,1.61894e-05,4.68194e-05,0.000127182,0.000324857,0.000781121,0.00177027,0.00378651,0.00765505,0.0146508,0.0265908,0.0458546,0.0752865,0.117954,0.176778,0.254109,0.351343,0.468671,0.605057,0.758428,0.92603,1.10484,1.29197,1.48489,1.68162,1.88071,2.08116,2.28237,2.48397,2.68576,2.88763,3.08954,3.29147,3.49341,3.69535,3.89728,4.09922,4.30116,4.5031,4.70504,4.90698,5.10892,5.31085,5.51279,5.71473,5.91667,6.11861,6.32055,6.52249,6.72442,6.92636,7.1283,7.33024,7.53218,7.73412,7.93606,8.13799,8.33993,8.54187,8.74381,8.94575,9.14769,9.34963,9.55157,9.7535,9.95544,10.1574
0.0505051,0,0,0,0,0,0,0,0,0,0,0,0,0,-3.97921e-16,2.44342e-15,2.24679e-15,2.14881e-16,1.73618e-14,7.94539e-14,4.45132e-13,2.37364e-12,1.20243e-11,5.74164e-11,2.58769e-10,1.10174e-09,4.43334e-09,1.68697e-08,6.07356e-08,2.07009e-07,6.68343e-07,2.04522e-06,5.93591e-06,1.63505e-05,4.27735e-05,0.000106351,0.000251519,0.000566272,0.00121476,0.00248534,0.00485458,0.00906299,0.0161905,0.0277125,0.0455116,0.07182,0.10908,0.159724,0.225905,0.309229,0.410529,0.529755,0.665977,0.817535,0.982261,1.15775,1.34162,1.5317,1.72616,1.92358,2.12289,2.32336,2.52451,2.72604,2.92777,3.1296,3.33147,3.53338,3.73529,3.9372,4.13912,4.34104,4.54296,4.74487,4.94679,5.14871,5.35063,5.55255,5.75446,5.95638,6.1583,6.36022,6.56214,6.76406,6.96597,7.16789,7.36981,7.57173,7.77365,7.97556,8.17748,8.3794,8.58132,8.78324,8.98516,9.18707,9.38899,9.59091,9.79283,9.99475,10.1967
0.0606061,0,0,0,0,0,0,0,0,0,0,-8.58533e-16,-3.18507e-16,-9.69605e-16,2.21424e-15,2.0406e-14,8.35131e-14,4.19638e-13,1.97738e-12,8.84479e-12,3.77298e-11,1.53277e-10,5.93244e-10,2.18851e-09,7.69846e-09,2.5834e-08,8.27396e-08,2.53029e-07,7.39217e-07,2.06412e-06,5.51166e-06,1.40814e-05,3.44407e-05,8.06882e-05,0.000181187,0.000390218,0.000806572,0.00160122,0.00305538,0.00560843,0.00991197,0.0168821,0.0277381,0.0440122,0.0675167,0.100259,0.144301,0.201583,0.273727,0.361863,0.466486,0.587415,0.723804,0.874255,1.03698,1.20999,1.39127,1.57893,1.77133,1.96711,2.16519,2.3648,2.56537,2.76652,2.96801,3.1697,3.37149,3.57334,3.77521,3.9771,4.17899,4.38089,4.58279,4.78468,4.98658,5.18848,5.39038,5.59228,5.79417,5.99607,6.19797,6.39987,6.60176,6.80366,7.00556,7.20746,7.40936,7.61125,7.81315,8.01505,8.21695,8.41884,8.62074,8.82264,9.02454,9.22644,9.42833,9.63023,9.83213,10.034,10.2359
0.0707071,0,0,0,0,0,0,0,-1.38182e-15,3.87264e-15,3.22694e-15,-5.98825e-16,1.48339e-14,6.3824e-14,2.80801e-13,1.2125e-12,4.98599e-12,1.96577e-11,7.42801e-11,2.69004e-10,9.3416e-10,3.11165e-09,9.94577e-09,3.0516e-08,8.99141e-08,2.54513e-07,6.92392e-07,1.81106e-06,4.55661e-06,1.10324e-05,2.57169e-05,5.77422e-05,0.000124943,0.000260675,0.00052468,0.0010194,0.001913,0.00346962,0.00608608,0.0103322,0.0169896,0.0270802,0.041877,0.0628851,0.0917883,0.130358,0.180332,0.24327,0.320414,0.412572,0.520022,0.642508,0.779247,0.929028,1.09033,1.26145,1.44065,1.62628,1.81685,2.01109,2.20794,2.40663,2.60653,2.80722,3.0084,3.20989,3.41156,3.61332,3.81514,4.01699,4.21885,4.42072,4.6226,4.82447,5.02635,5.22823,5.4301,5.63198,5.83386,6.03574,6.23761,6.43949,6.64137,6.84324,7.04512,7.247,7.44888,7.65075,7.85263,8.05451,8.25639,8.45826,8.66014,8.86202,9.0639,9.26577,9.46765,9.66953,9.87141,10.0733,10.2752
0.0808081,0,0,0,0,-9.83885e-16,-2.40112e-16,8.80353e-16,2.92557e-15,9.98279e-15,3.29766e-14,1.53338e-13,6.10378e-13,2.36205e-12,8.79919e-12,3.15367e-11,1.08833e-10,3.6177e-10,1.15859e-09,3.57609e-09,1.06416e-08,3.05398e-08,8.45542e-08,2.25924e-07,5.82773e-07,1.45179e-06,3.49407e-06,8.12736e-06,1.82779e-05,3.97589e-05,8.36867e-05,0.000170522,0.000336513,0.000643465,0.00119279,0.00214457,0.0037419,0.00633968,0.0104358,0.0167011,0.0260023,0.0394128,0.0582028,0.0838059,0.117758,0.161611,0.21683,0.284679,0.366123,0.461741,0.571662,0.695588,0.832787,0.982185,1.14245,1.31211,1.48964,1.67356,1.86252,2.05534,2.25102,2.44877,2.64796,2.84813,3.04895,3.25019,3.45168,3.65333,3.85507,4.05687,4.25869,4.46053,4.66238,4.86424,5.06609,5.26795,5.4698,5.67166,5.87352,6.07537,6.27723,6.47909,6.68095,6.8828,7.08466,7.28652,7.48837,7.69023,7.89209,8.09395,8.2958,8.49766,8.69952,8.90137,9.10323,9.30509,9.50694,9.7088,9.91066,10.1125,10.3144
0.0909091,0,4.4794e-15,1.94147e-15,5.50184e-16,4.75388e-15,5.49132e-15,1.46432e-14,7.01367e-14,2.71535e-13,9.88275e-13,3.53475e-12,1.21857e-11,4.058e-11,1.30568e-10,4.06197e-10,1.22204e-09,3.55639e-09,1.00147e-08,2.72955e-08,7.20281e-08,1.84078e-07,4.55746e-07,1.09346e-06,2.54318e-06,5.73575e-06,1.25484e-05,2.66393e-05,5.48966e-05,0.000109854,0.000213552,0.000403438,0.000740996,0.00132375,0.00230113,0.00389428,0.0064191,0.0103112,0.0161496,0.0246764,0.0368069,0.053626,0.0763673,0.106372,0.145026,0.193687,0.253592,0.325775,0.410988,0.509643,0.621772,0.747041,0.884767,1.03398,1.1935,1.36201,1.53817,1.72064,1.9082,2.09974,2.29431,2.49115,2.68962,2.88924,3.08965,3.29059,3.49188,3.69339,3.89503,4.09676,4.29853,4.50033,4.70215,4.90398,5.10581,5.30765,5.50948,5.71132,5.91315,6.11499,6.31683,6.51866,6.7205,6.92234,7.12417,7.32601,7.52785,7.72968,7.93152,8.13336,8.33519,8.53703,8.73887,8.9407,9.14254,9.34438,9.54621,9.74805,9.94989,10.1517,10.3536
0.10101,-2.4597e-15,8.37697e-16,1.11578e-15,9.35497e-15,2.79588e-14,1.09564e-13,3.79905e-13,1.31435e-12,4.38939e-12,1.42077e-11,4.46267e-11,1.35858e-10,4.01038e-10,1.1482e-09,3.18934e-09,8.59693e-09,2.24937e-08,5.71437e-08,1.40988e-07,3.37928e-07,7.87067e-07,1.78184e-06,3.92213e-06,8.3965e-06,1.74875e-05,3.54445e-05,6.99355e-05,0.000134375,0.00025151,0.000458737,0.000815645,0.00141427,0.00239238,0.00394974,0.00636703,0.010026,0.0154293,0.0232169,0.0341762,0.0492423,0.0694854,0.0960824,0.130274,0.173306,0.226364,0.290496,0.366553,0.455122,0.556489,0.670615,0.797148,0.935441,1.08461,1.24359,1.4112,1.58623,1.76748,1.9538,2.14419,2.33774,2.5337,2.73146,2.93051,3.13049,3.3311,3.53215,3.73349,3.93501,4.13665,4.33837,4.54012,4.74191,4.9437,5.14551,5.34732,5.54914,5.75095,5.95277,6.15458,6.3564,6.55821,6.76003,6.96185,7.16366,7.36548,7.56729,7.76911,7.97093,8.17274,8.37456,8.57638,8.77819,8.98001,9.18182,9.38364,9.58546,9.78727,9.98909,10.1909,10.3927
0.111111,2.44665e-15,1.28036e-14,4.07598e-14,1.36303e-13,4.57941e-13,1.49298e-12,4.7342e-12,1.45957e-11,4.37103e-11,1.27218e-10,3.59917e-10,9.90004e-10,2.64825e-09,6.89073e-09,1.74447e-08,4.29792e-08,1.03075e-07,2.40689e-07,5.47364e-07,1.21262e-06,2.61764e-06,5.50743e-06,1.12969e-05,2.25973e-05,4.40927e-05,8.39484e-05,0.000156,0.000283031,0.000501508,0.00086816,0.00146874,0.00242921,0.00392934,0.00621831,0.00963151,0.0146071,0.0217004,0.0315937,0.0450987,0.0631496,0.0867842,0.117113,0.155276,0.202389,0.259488,0.327466,0.407021,0.498617,0.602435,0.718391,0.846118,0.985003,1.13423,1.29283,1.45973,1.63383,1.81403,1.99928,2.18863,2.38124,2.57638,2.77343,2.97192,3.17145,3.37172,3.57251,3.77365,3.97503,4.17657,4.37821,4.57991,4.78165,4.98341,5.18519,5.38698,5.58877,5.79056,5.99235,6.19415,6.39594,6.59774,6.79954,7.00133,7.20313,7.40492,7.60672,7.80851,8.01031,8.21211,8.4139,8.6157,8.81749,9.01929,9.22109,9.42288,9.62468,9.82647,10.0283,10.2301,10.4319
0.121212,4.64607e-14,1.49899e-13,4.86482e-13,1.51403e-12,4.6e-12,1.36009e-11,3.91771e-11,1.09888e-10,3.00224e-10,7.99076e-10,2.07241e-09,5.23845e-09,1.29082e-08,3.10139e-08,7.26732e-08,1.66118e-07,3.70493e-07,8.06431e-07,1.71348e-06,3.5548e-06,7.20251e-06,1.42558e-05,2.75706e-05,5.21146e-05,9.63042e-05,0.000174029,0.000307616,0.000532025,0.000900569,0.00149244,0.0024222,0.00385118,0.00600067,0.00916596,0.0137305,0.0201787,0.0291048,0.0412177,0.0573369,0.0783808,0.105344,0.139267,0.181192,0.232118,0.292951,0.364452,0.447197,0.541548,0.647607,0.765254,0.894114,1.03361,1.18297,1.34131,1.50765,1.68098,1.86028,2.04459,2.23302,2.42476,2.61912,2.81551,3.01344,3.21251,3.41242,3.61293,3.81387,4.01509,4.21651,4.41806,4.61969,4.82138,5.02311,5.22485,5.42661,5.62838,5.83015,6.03192,6.23369,6.43547,6.63724,6.83902,7.04079,7.24257,7.44434,7.64612,7.84789,8.04967,8.25144,8.45322,8.655,8.85677,9.05855,9.26032,9.4621,9.66387,9.86565,10.0674,10.2692,10.471
0.131313,4.69521e-13,1.3983e-12,4.10515e-12,1.17432e-11,3.275e-11,8.90811e-11,2.36397e-10,6.12192e-10,1.54742e-09,3.81846e-09,9.20053e-09,2.16507e-08,4.97682e-08,1.11775e-07,2.45323e-07,5.26292e-07,1.10383e-06,2.26389e-06,4.54134e-06,8.91221e-06,1.71142e-05,3.21662e-05,5.91854e-05,0.000106637,0.000188186,0.000325357,0.000551243,0.000915486,0.00149075,0.00238083,0.00373033,0.00573583,0.00865788,0.0128332,0.018686,0.0267366,0.0376064,0.0520177,0.0707855,0.0948023,0.125014,0.162389,0.207878,0.262376,0.326674,0.401423,0.487099,0.583978,0.692104,0.811325,0.941267,1.08137,1.23093,1.3891,1.55501,1.72769,1.90623,2.08971,2.27731,2.46826,2.6619,2.85765,3.05504,3.25366,3.45321,3.65343,3.85413,4.05518,4.25647,4.45792,4.65948,4.86111,5.06279,5.2645,5.46623,5.66797,5.86971,6.07146,6.27321,6.47497,6.67672,6.87847,7.08023,7.28198,7.48374,7.68549,7.88725,8.089,8.29076,8.49251,8.69427,8.89602,9.09778,9.29953,9.50129,9.70304,9.9048,10.1066,10.3083,10.5101
0.141414,3.43357e-12,9.5365e-12,2.5883e-11,6.86056e-11,1.7766e-10,4.49624e-10,1.11223e-09,2.68976e-09,6.3604e-09,1.47092e-08,3.32745e-08,7.36432e-08,1.59491e-07,3.38071e-07,7.01507e-07,1.42526e-06,2.83585e-06,5.52695e-06,1.05534e-05,1.97467e-05,3.62147e-05,6.51117e-05,0.000114792,0.000198493,0.000336711,0.000560473,0.000915677,0.00146869,0.00231331,0.00357903,0.00544062,0.00812841,0.011939,0.017245,0.0245038,0.0342626,0.0471596,0.06392,0.0853452,0.112295,0.145664,0.186349,0.235219,0.293071,0.3606,0.438361,0.526746,0.625961,0.736006,0.856704,0.98768,1.1284,1.27819,1.43628,1.60184,1.77399,1.95187,2.13463,2.32148,2.51172,2.70468,2.89984,3.0967,3.29488,3.49405,3.69398,3.89445,4.09531,4.29646,4.4978,4.69927,4.90084,5.10247,5.30413,5.50583,5.70754,5.90925,6.11098,6.31271,6.51444,6.71617,6.91791,7.11964,7.32138,7.52311,7.72485,7.92658,8.12831,8.33005,8.53178,8.73352,8.93525,9.13699,9.33872,9.54046,9.74219,9.94393,10.1457,10.3474,10.5491
0.151515,1.95376e-11,5.0654e-11,1.28484e-10,3.18889e-10,7.74565e-10,1.84151e-09,4.28615e-09,9.76816e-09,2.18016e-08,4.76619e-08,1.02079e-07,2.14224e-07,4.40596e-07,8.88249e-07,1.75562e-06,3.4026e-06,6.46782e-06,1.20602e-05,2.20641e-05,3.96132e-05,6.98078e-05,0.000120772,0.000205174,0.000342343,0.000561155,0.000903823,0.00143075,0.00222654,0.00340712,0.00512796,0.00759306,0.0110642,0.01587,0.0224135,0.0311779,0.0427292,0.0577138,0.0768518,0.100924,0.130754,0.167183,0.211043,0.263121,0.324131,0.394683,0.475251,0.566157,0.667544,0.779382,0.901471,1.03344,1.17477,1.32483,1.4829,1.6482,1.81991,1.99722,2.17934,2.36553,2.5551,2.74745,2.94203,3.13839,3.33614,3.53495,3.73458,3.9348,4.13547,4.33647,4.53769,4.73907,4.94056,5.14213,5.34376,5.54541,5.74709,5.94878,6.15048,6.35218,6.55389,6.7556,6.95732,7.15903,7.36074,7.56246,7.76417,7.96589,8.1676,8.36932,8.57103,8.77274,8.97446,9.17617,9.37789,9.5796,9.78132,9.98303,10.1847,10.3865,10.5882
0.161616,8.99629e-11,2.19609e-10,5.25189e-10,1.23067e-09,2.82619e-09,6.36161e-09,1.40381e-08,3.03739e-08,6.44486e-08,1.34129e-07,2.73842e-07,5.48556e-07,1.07835e-06,2.08062e-06,3.94092e-06,7.32908e-06,1.33853e-05,2.40111e-05,4.2314e-05,7.32697e-05,0.000124686,0.000208569,0.000343011,0.000554728,0.000882385,0.00138082,0.00212622,0.00322236,0.00480767,0.00706308,0.0102202,0.0145694,0.020467,0.0283409,0.0386939,0.0521033,0.0692168,0.0907432,0.117439,0.150087,0.189479,0.23638,0.291508,0.355501,0.428893,0.512088,0.605349,0.708767,0.822288,0.945693,1.07861,1.22055,1.37091,1.52901,1.69411,1.86546,2.04228,2.22384,2.40943,2.5984,2.79018,2.98423,3.18011,3.37744,3.57589,3.77522,3.9752,4.17567,4.3765,4.57759,4.77887,4.98029,5.1818,5.38337,5.58498,5.78662,5.98828,6.18996,6.39164,6.59332,6.79501,6.9967,7.1984,7.40009,7.60178,7.80348,8.00517,8.20686,8.40856,8.61025,8.81194,9.01364,9.21533,9.41703,9.61872,9.82041,10.0221,10.2238,10.4255,10.6272
0.171717,3.48005e-10,8.05469e-10,1.82871e-09,4.07325e-09,8.90241e-09,1.90947e-08,4.01998e-08,8.30826e-08,1.68594e-07,3.3596e-07,6.57533e-07,1.26416e-06,2.3879e-06,4.43227e-06,8.08553e-06,1.44989e-05,2.55614e-05,4.43127e-05,7.55519e-05,0.000126711,0.000209081,0.000339491,0.000542548,0.000853548,0.00132217,0.00201698,0.00303085,0.00448712,0.00654651,0.00941429,0.0133476,0.0186622,0.0257378,0.035022,0.0470311,0.0623482,0.0816163,0.105528,0.134813,0.170214,0.212469,0.262287,0.320319,0.387135,0.463202,0.548866,0.644338,0.749664,0.864771,0.989426,1.12326,1.26581,1.41649,1.57465,1.73962,1.91066,2.08706,2.26812,2.45318,2.64161,2.83285,3.0264,3.22183,3.41875,3.61686,3.81589,4.01562,4.21588,4.41655,4.61751,4.81869,5.02001,5.22145,5.42297,5.62454,5.82614,6.02777,6.22941,6.43107,6.63273,6.8344,7.03607,7.23774,7.43941,7.64108,7.84275,8.04443,8.2461,8.44777,8.64945,8.85112,9.05279,9.25447,9.45614,9.65782,9.85949,10.0612,10.2628,10.4645,10.6662
0.181818,1.16377e-09,2.56909e-09,5.56941e-09,1.18582e-08,2.48016e-08,5.09624e-08,1.02896e-07,2.04169e-07,3.98189e-07,7.63423e-07,1.43907e-06,2.66754e-06,4.86315e-06,8.7211e-06,1.53865e-05,2.67115e-05,4.56367e-05,7.6747e-05,0.000127061,0.000207131,0.000332532,0.000525843,0.000819204,0.00125754,0.00190252,0.00283727,0.00417177,0.00604892,0.00865098,0.0122061,0.0169945,0.023354,0.0316835,0.0424457,0.0561654,0.0734259,0.0948617,0.121146,0.152978,0.191061,0.236085,0.288701,0.349502,0.418996,0.497593,0.585585,0.683137,0.790265,0.906872,1.03272,1.16744,1.31058,1.4616,1.61987,1.78474,1.95554,2.13158,2.3122,2.49678,2.68471,2.87546,3.06854,3.26354,3.46008,3.65785,3.85658,4.05606,4.25612,4.45662,4.65744,4.8585,5.05974,5.26111,5.46256,5.66408,5.86564,6.06724,6.26885,6.47048,6.67212,6.87376,7.07541,7.27705,7.4787,7.68036,7.88201,8.08366,8.28531,8.48697,8.68862,8.89027,9.09193,9.29358,9.49523,9.69689,9.89854,10.1002,10.3018,10.5035,10.7052
0.191919,3.44175e-09,7.28289e-09,1.51488e-08,3.09788e-08,6.22909e-08,1.23174e-07,2.39561e-07,4.58323e-07,8.62684e-07,1.59779e-06,2.91233e-06,5.22489e-06,9.22776e-06,1.60459e-05,2.74754e-05,4.63349e-05,7.69702e-05,0.000125967,0.000203134,0.000322827,0.000505701,0.000780959,0.00118918,0.0017858,0.00264521,0.00386555,0.00557404,0.00793271,0.0111443,0.015458,0.0211746,0.0286505,0.0383004,0.0505971,0.0660697,0.0852981,0.108904,0.13754,0.171873,0.212568,0.260267,0.31557,0.379014,0.451054,0.532048,0.622242,0.72176,0.830594,0.948627,1.07561,1.21119,1.35492,1.50628,1.66468,1.8295,2.0001,2.17584,2.35608,2.54022,2.7277,2.91799,3.11065,3.30523,3.5014,3.69884,3.89729,4.09652,4.29638,4.4967,4.69738,4.89832,5.09947,5.30075,5.50215,5.70361,5.90513,6.10669,6.30827,6.50987,6.71148,6.9131,7.11472,7.31635,7.51798,7.71961,7.92124,8.12287,8.3245,8.52614,8.72777,8.9294,9.13104,9.33267,9.5343,9.73593,9.93757,10.1392,10.3408,10.5425,10.7441
0.20202,9.16712e-09,1.86727e-08,3.74214e-08,7.37958e-08,1.43219e-07,2.73583e-07,5.14462e-07,9.5248e-07,1.73643e-06,3.11757e-06,5.5131e-06,9.60413e-06,1.64841e-05,2.78793e-05,4.64697e-05,7.63476e-05,0.000123659,0.00019748,0.000310999,0.000483062,0.000740154,0.0011189,0.00166909,0.00245733,0.00357125,0.0051242,0.00726039,0.0101603,0.0140457,0.0191849,0.0258967,0.034553,0.0455802,0.0594581,0.076716,0.0979271,0.123698,0.154658,0.191442,0.234678,0.284962,0.342847,0.408819,0.483285,0.566557,0.65884,0.760221,0.870675,0.990065,1.11814,1.25455,1.39886,1.55058,1.70913,1.87394,2.04438,2.21985,2.39975,2.58351,2.77057,2.96045,3.15269,3.3469,3.54272,3.73984,3.938,4.137,4.33664,4.53679,4.73732,4.93815,5.13919,5.3404,5.54172,5.74313,5.94461,6.14612,6.34767,6.54924,6.75082,6.95242,7.15402,7.35562,7.55723,7.75884,7.96045,8.16206,8.36367,8.56528,8.76689,8.96851,9.17012,9.37173,9.57334,9.77496,9.97657,10.1782,10.3798,10.5814,10.783
0.212121,2.23172e-08,4.39175e-08,8.50995e-08,1.62392e-07,3.05218e-07,5.65088e-07,1.03072e-06,1.85245e-06,3.28086e-06,5.72694e-06,9.85397e-06,1.67153e-05,2.79569e-05,4.61104e-05,7.50075e-05,0.000120356,0.000190526,0.000297596,0.000458722,0.000697895,0.00104813,0.00155415,0.0022756,0.00329074,0.00470066,0.00663386,0.0092511,0.0127502,0.0173707,0.0233978,0.0311657,0.0410588,0.0535121,0.0690088,0.0880756,0.111276,0.1392,0.172452,0.211636,0.257342,0.310125,0.370493,0.438887,0.515669,0.601108,0.695379,0.798532,0.910527,1.03121,1.16034,1.29755,1.44244,1.59451,1.75324,1.91806,2.08838,2.26363,2.44324,2.62664,2.81333,3.00282,3.19469,3.38853,3.58401,3.78082,3.97872,4.17748,4.37691,4.57689,4.77727,4.97798,5.17892,5.38004,5.58129,5.78265,5.98407,6.18554,6.38705,6.58859,6.79015,6.99171,7.19329,7.39487,7.59645,7.79804,7.99963,8.20122,8.40281,8.6044,8.80599,9.00759,9.20918,9.41077,9.61236,9.81395,10.0155,10.2171,10.4187,10.6203,10.8219
0.222222,5.02634e-08,9.58594e-08,1.80148e-07,3.3365e-07,6.09079e-07,1.09606e-06,1.94457e-06,3.40174e-06,5.86842e-06,9.98485e-06,1.67578e-05,2.77465e-05,4.53285e-05,7.30742e-05,0.000116264,0.000182591,0.000283089,0.000433351,0.000655076,0.000978011,0.00144231,0.00210139,0.00302518,0.0043039,0.00605216,0.00841332,0.0115639,0.0157181,0.0211315,0.0281041,0.0369829,0.0481623,0.0620828,0.0792281,0.10012,0.12531,0.155369,0.190877,0.232409,0.280516,0.335716,0.398475,0.469191,0.548186,0.635696,0.731861,0.836702,0.950169,1.0721,1.20223,1.34022,1.48567,1.63812,1.79703,1.96189,2.13213,2.30719,2.48653,2.66962,2.85597,3.04511,3.23662,3.43012,3.62528,3.8218,4.01943,4.21795,4.41719,4.61699,4.81723,5.0178,5.21864,5.41967,5.62085,5.82214,6.02352,6.22495,6.42642,6.62792,6.82945,7.03099,7.23254,7.4341,7.63566,7.83722,8.03879,8.24036,8.44193,8.6435,8.84507,9.04664,9.24821,9.44979,9.65136,9.85293,10.0545,10.2561,10.4576,10.6592,10.8608
0.232323,1.05783e-07,1.9605e-07,3.5828e-07,6.45705e-07,1.14777e-06,2.01252e-06,3.48128e-06,5.94167e-06,1.00069e-05,1.6633e-05,2.72881e-05,4.41942e-05,7.06644e-05,0.000111567,0.000173952,0.00026788,0.000407498,0.000612413,0.000909408,0.00133454,0.00193562,0.0027752,0.00393383,0.0055138,0.00764308,0.0104794,0.0142143,0.0190769,0.0253372,0.033308,0.043347,0.0558556,0.0712774,0.0900944,0.112821,0.139994,0.172167,0.209895,0.25372,0.304162,0.361701,0.426762,0.499708,0.580825,0.670314,0.768286,0.874742,0.989616,1.11273,1.24384,1.38259,1.5286,1.68141,1.84053,2.00545,2.17563,2.35053,2.52964,2.71245,2.89849,3.0873,3.27848,3.47166,3.66652,3.86276,4.06013,4.25843,4.45747,4.65709,4.85718,5.05763,5.25836,5.4593,5.66041,5.86163,6.06295,6.26434,6.46577,6.66724,6.86873,7.07024,7.27177,7.4733,7.67484,7.87638,8.07793,8.27947,8.48102,8.68257,8.88412,9.08567,9.28723,9.48878,9.69033,9.89188,10.0934,10.295,10.4965,10.6981,10.8996
0.242424,2.09778e-07,3.78717e-07,6.74591e-07,1.18574e-06,2.0569e-06,3.52176e-06,5.95228e-06,9.93196e-06,1.63632e-05,2.66215e-05,4.27743e-05,6.78848e-05,0.000106428,0.00016485,0.000252304,0.000381609,0.000570466,0.000842976,0.0012315,0.00177887,0.00254101,0.0035899,0.00501691,0.00693634,0.00948922,0.012847,0.0172153,0.0228369,0.0299943,0.0390115,0.0502542,0.0641288,0.08108,0.101585,0.12615,0.155298,0.18956,0.229468,0.275534,0.328246,0.388047,0.45533,0.53042,0.613571,0.704955,0.804656,0.912659,1.02888,1.15314,1.28518,1.42468,1.57123,1.72442,1.88375,2.04875,2.21889,2.39367,2.57258,2.75514,2.94089,3.1294,3.32027,3.51315,3.70772,3.90369,4.10082,4.2989,4.49774,4.69719,4.89713,5.09745,5.29807,5.49892,5.69995,5.90111,6.10237,6.30371,6.5051,6.70653,6.90799,7.10948,7.31097,7.51248,7.714,7.91552,8.11704,8.31857,8.52009,8.72162,8.92315,9.12468,9.32621,9.52774,9.72927,9.93081,10.1323,10.3339,10.5354,10.7369,10.9385
0.252525,3.94762e-07,6.9567e-07,1.21029e-06,2.07895e-06,3.52627e-06,5.9068e-06,9.77249e-06,1.59707e-05,2.57845e-05,4.11303e-05,6.48311e-05,0.000100989,0.000155485,0.000236635,0.00035604,0.000529665,0.000779188,0.00113365,0.00163141,0.00232251,0.0032713,0.0045594,0.00628901,0.00858628,0.0116049,0.0155292,0.0205779,0.0270059,0.0351069,0.0452139,0.0576988,0.072971,0.0914739,0.113679,0.140082,0.17119,0.207515,0.249562,0.297817,0.352735,0.414728,0.484154,0.561309,0.646414,0.739618,0.840975,0.950463,1.06798,1.19334,1.32629,1.4665,1.6136,1.76715,1.92672,2.09181,2.26194,2.43661,2.61535,2.79768,2.98317,3.1714,3.36199,3.55459,3.74888,3.9446,4.14149,4.33935,4.538,4.73728,4.93707,5.13727,5.33778,5.53854,5.73949,5.94058,6.14178,6.34307,6.54442,6.74581,6.94724,7.14869,7.35016,7.55164,7.75313,7.95463,8.15613,8.35763,8.55914,8.76065,8.96216,9.16367,9.36518,9.56669,9.7682,9.96971,10.1712,10.3727,10.5742,10.7758,10.9773
0.262626,7.09129e-07,1.22212e-06,2.08041e-06,3.49846e-06,5.81226e-06,9.54119e-06,1.54774e-05,2.48129e-05,3.9318e-05,6.1587e-05,9.53718e-05,0.000146027,0.000221097,0.000331068,0.000490331,0.000718375,0.00104125,0.00149334,0.00211939,0.00297696,0.00413904,0.00569701,0.00776382,0.0104772,0.0140027,0.0185372,0.0243109,0.0315899,0.0406772,0.051913,0.0656738,0.0823701,0.102442,0.126355,0.154591,0.187642,0.226001,0.270146,0.320538,0.377602,0.441719,0.513216,0.59236,0.679346,0.774298,0.877246,0.988159,1.10692,1.23335,1.36717,1.50808,1.65571,1.80964,1.96944,2.13464,2.30477,2.47936,2.65795,2.84009,3.02534,3.21332,3.40364,3.59597,3.79,3.98547,4.18214,4.37979,4.57825,4.77737,4.97701,5.17708,5.37748,5.57814,5.77901,5.98003,6.18118,6.38241,6.58371,6.78507,6.98646,7.18788,7.38932,7.59078,7.79224,7.99372,8.1952,8.39668,8.59816,8.79965,9.00114,9.20263,9.40412,9.60561,9.8071,10.0086,10.2101,10.4116,10.6131,10.8145,11.016
0.272727,1.22218e-06,2.0633e-06,3.44227e-06,5.67582e-06,9.25042e-06,1.49035e-05,2.37388e-05,3.73866e-05,5.8225e-05,8.96783e-05,0.000136615,0.000205867,0.000306907,0.000452696,0.000660749,0.000954436,0.00136455,0.00193116,0.00270573,0.00375355,0.0051564,0.00701542,0.0094541,0.0126213,0.0166941,0.0218805,0.0284215,0.0365929,0.0467054,0.0591051,0.074171,0.0923131,0.113967,0.13959,0.169652,0.204628,0.244989,0.291193,0.343671,0.402822,0.468998,0.542498,0.623561,0.712359,0.808993,0.91347,1.02575,1.14572,1.27317,1.40785,1.54944,1.69759,1.85189,2.01193,2.17725,2.34741,2.52194,2.7004,2.88236,3.0674,3.25513,3.44521,3.63729,3.83108,4.02631,4.22276,4.42021,4.61849,4.81744,5.01694,5.21688,5.41717,5.61774,5.81852,6.01948,6.22056,6.42174,6.623,6.82431,7.02567,7.22706,7.42847,7.6299,7.83134,8.03279,8.23424,8.4357,8.63716,8.83863,9.0401,9.24156,9.44303,9.6445,9.84597,10.0474,10.2489,10.4504,10.6518,10.8533,11.0548
0.282828,2.02984e-06,3.36175e-06,5.50452e-06,8.91189e-06,1.4268e-05,2.25912e-05,3.53793e-05,5.48069e-05,8.39934e-05,0.000127357,0.000191082,0.000283713,0.000416917,0.00060643,0.000873211,0.00124485,0.0017572,0.00245632,0.00340063,0.00466334,0.00633506,0.00852656,0.0113716,0.0150297,0.0196887,0.025567,0.0329152,0.0420172,0.0531905,0.066785,0.0831812,0.102787,0.126033,0.153365,0.185242,0.222121,0.264454,0.312675,0.36719,0.428371,0.496545,0.571983,0.6549,0.745445,0.843698,0.949651,1.06326,1.18438,1.31282,1.44832,1.59058,1.73924,1.89392,2.0542,2.21966,2.38985,2.56434,2.74269,2.92449,3.10934,3.29686,3.4867,3.67854,3.8721,4.06712,4.26335,4.46061,4.65871,4.8575,5.05686,5.25667,5.45685,5.65733,5.85803,6.05891,6.25993,6.46105,6.66226,6.86354,7.06485,7.26621,7.46759,7.66899,7.87041,8.07183,8.27326,8.4747,8.67614,8.87758,9.07903,9.28048,9.48192,9.68337,9.88482,10.0863,10.2877,10.4892,10.6906,10.8921,11.0935
0.292929,3.2609e-06,5.30506e-06,8.53645e-06,1.35875e-05,2.13956e-05,3.33329e-05,5.13842e-05,7.83861e-05,0.000118344,0.000176846,0.000261596,0.000383091,0.00055546,0.000797501,0.00113393,0.00159684,0.00222745,0.00307805,0.00421419,0.00571708,0.00768614,0.0102416,0.0135271,0.0177124,0.0229952,0.0296033,0.0377959,0.047864,0.06013,0.0749467,0.0926945,0.113778,0.138621,0.16766,0.201339,0.240099,0.284372,0.334568,0.391073,0.454231,0.524343,0.601658,0.686367,0.778599,0.878411,0.985789,1.10067,1.22291,1.35231,1.48862,1.63153,1.78069,1.93574,2.09628,2.26188,2.43212,2.60658,2.78484,2.9665,3.15117,3.33849,3.52811,3.71974,3.91308,4.10788,4.30392,4.50098,4.69891,4.89755,5.09676,5.29645,5.49652,5.6969,5.89752,6.09832,6.29928,6.50035,6.70151,6.90274,7.10402,7.30534,7.50669,7.70806,7.90945,8.11085,8.31226,8.51367,8.71509,8.91652,9.11794,9.31937,9.52079,9.72222,9.92365,10.1251,10.3265,10.5279,10.7294,10.9308,11.1322
0.30303,5.0837e-06,8.13392e-06,1.28773e-05,2.0174e-05,3.12787e-05,4.79993e-05,7.29114e-05,0.000109641,0.000163233,0.000240629,0.000351266,0.000507828,0.000727168,0.00103142,0.00144933,0.00201779,0.0027836,0.00380548,0.00515624,0.0069251,0.00922016,0.0121709,0.0159304,0.020678,0.0266205,0.0339944,0.0430663,0.0541328,0.0675205,0.0835833,0.102701,0.125272,0.151715,0.182455,0.217921,0.258539,0.304719,0.356852,0.415298,0.48038,0.552376,0.63151,0.717953,0.811815,0.913134,1.02189,1.138,1.26132,1.39165,1.52874,1.67228,1.82195,1.97737,2.13815,2.3039,2.47421,2.64865,2.82684,3.00838,3.19289,3.38002,3.56945,3.76087,3.954,4.1486,4.34444,4.54133,4.73909,4.93758,5.13665,5.33622,5.53618,5.73646,5.93699,6.13773,6.33862,6.53963,6.74074,6.94193,7.14317,7.34446,7.54578,7.74712,7.94848,8.14985,8.35124,8.55263,8.75402,8.95542,9.15683,9.35823,9.55964,9.76104,9.96245,10.1639,10.3653,10.5667,10.7681,10.9695,11.1709
0.313131,7.71306e-06,1.21501e-05,1.8945e-05,2.92425e-05,4.46865e-05,6.76122e-05,0.000101298,0.000150295,0.000220853,0.000321451,0.000463472,0.000662023,0.000936932,0.00131393,0.00182604,0.00251519,0.00343396,0.00464763,0.00623633,0.00829724,0.010947,0.0143239,0.0185903,0.0239341,0.0305708,0.0387444,0.0487278,0.0608224,0.0753574,0.0926873,0.113189,0.137257,0.1653,0.197732,0.234969,0.277419,0.325474,0.379504,0.439847,0.506804,0.580629,0.661528,0.749651,0.84509,0.947864,1.05795,1.17525,1.29962,1.43085,1.5687,1.71287,1.86302,2.01881,2.17985,2.34576,2.51613,2.69058,2.86871,3.05013,3.2345,3.42147,3.61071,3.80194,3.99488,4.18928,4.38494,4.58165,4.77925,4.97758,5.17653,5.37597,5.57583,5.77601,5.97645,6.17711,6.37794,6.5789,6.77996,6.9811,7.1823,7.38355,7.58484,7.78615,7.98748,8.18883,8.39019,8.59156,8.79293,8.99431,9.19569,9.39707,9.59846,9.79984,10.0012,10.2026,10.404,10.6054,10.8068,11.0082,11.2096
0.323232,1.14173e-05,1.77244e-05,2.72453e-05,4.14728e-05,6.25209e-05,9.33508e-05,0.000138065,0.000202284,0.000293625,0.0004223,0.000601848,0.000850026,0.00118987,0.00165095,0.0022708,0.00309655,0.00418674,0.00561331,0.00746366,0.00984287,0.0128759,0.0167095,0.0215146,0.0274874,0.034851,0.0438561,0.0547808,0.0679305,0.0836358,0.102251,0.124148,0.149718,0.179358,0.213473,0.252463,0.29672,0.346618,0.402506,0.464702,0.533485,0.609089,0.691701,0.781451,0.878418,0.982601,1.09397,1.21243,1.33781,1.46992,1.60851,1.75328,1.90392,2.06007,2.22137,2.38745,2.5579,2.73236,2.91044,3.09177,3.27601,3.46282,3.6519,3.84294,4.03569,4.22992,4.4254,4.62194,4.81938,5.01757,5.21638,5.41571,5.61545,5.81554,6.0159,6.21649,6.41725,6.61815,6.81916,7.02025,7.22141,7.42263,7.62388,7.82516,8.02646,8.22779,8.42912,8.63046,8.83181,9.03317,9.23453,9.43589,9.63725,9.83862,10.04,10.2414,10.4427,10.6441,10.8455,11.0468,11.2482
0.333333,1.6525e-05,2.53041e-05,3.83788e-05,5.76608e-05,8.58222e-05,0.000126557,0.000184918,0.000267745,0.000384194,0.000546397,0.000770257,0.0010764,0.00149129,0.00204855,0.00279041,0.00376939,0.00505006,0.00671105,0.00884704,0.0115708,0.0150153,0.0193356,0.0247103,0.0313434,0.0394649,0.0493312,0.0612249,0.075454,0.0923499,0.112265,0.135568,0.162642,0.193876,0.229662,0.270386,0.316424,0.368132,0.42584,0.489846,0.560409,0.637745,0.72202,0.813349,0.911795,1.01734,1.12996,1.24953,1.3759,1.50887,1.64817,1.79354,1.94465,2.10117,2.26273,2.42897,2.59952,2.774,2.95204,3.1333,3.31742,3.50409,3.693,3.88388,4.07646,4.27051,4.46582,4.6622,4.85949,5.05754,5.25622,5.45543,5.65507,5.85506,6.05534,6.25584,6.45654,6.65738,6.85834,7.05939,7.26051,7.46168,7.6629,7.86415,8.06543,8.26672,8.46803,8.66935,8.87068,9.07201,9.27335,9.47469,9.67603,9.87737,10.0787,10.2801,10.4814,10.6828,10.8841,11.0855,11.2868
0.343434,2.34317e-05,3.54197e-05,5.30479e-05,7.87247e-05,0.000115774,0.000168737,0.000243749,0.000349019,0.000495416,0.000697178,0.00097277,0.00134589,0.00184665,0.00251288,0.00339171,0.00454112,0.00603183,0.00794914,0.0103949,0.0134894,0.0173732,0.0222092,0.0281835,0.0355069,0.0444155,0.0551707,0.0680588,0.0833893,0.101494,0.122721,0.147437,0.176015,0.208837,0.246281,0.28872,0.336513,0.39,0.449491,0.515266,0.587565,0.666585,0.752476,0.845339,0.945217,1.05209,1.16592,1.28657,1.4139,1.54769,1.6877,1.83365,1.98523,2.14211,2.30393,2.47035,2.64099,2.8155,2.99352,3.17471,3.35873,3.54527,3.73403,3.92475,4.11716,4.31105,4.5062,4.70242,4.89957,5.09748,5.29603,5.49513,5.69466,5.89456,6.09475,6.29519,6.49581,6.6966,6.8975,7.0985,7.29958,7.50072,7.7019,7.90312,8.10437,8.30563,8.50692,8.70821,8.90951,9.11082,9.31214,9.51346,9.71478,9.9161,10.1174,10.3187,10.5201,10.7214,10.9227,11.1241,11.3254
0.353535,3.26063e-05,4.86916e-05,7.20629e-05,0.000105709,0.000153707,0.000221561,0.000316628,0.000448639,0.000630343,0.00087827,0.00121364,0.0016634,0.00226149,0.00305016,0.00408149,0.00541908,0.00713977,0.00933549,0.0121151,0.0156062,0.0199568,0.0253368,0.0319394,0.0399817,0.049705,0.0613749,0.0752804,0.091732,0.11106,0.133611,0.159744,0.189826,0.224227,0.263316,0.307449,0.356971,0.412204,0.473442,0.540946,0.614938,0.695599,0.783062,0.877414,0.978682,1.08684,1.20184,1.32355,1.45181,1.58641,1.7271,1.87362,2.02566,2.18289,2.34498,2.51158,2.68233,2.85688,3.03489,3.21601,3.39994,3.58636,3.77499,3.96556,4.15782,4.35154,4.54654,4.74262,4.93961,5.13739,5.33583,5.5348,5.73424,5.93404,6.13415,6.33451,6.53507,6.73579,6.93664,7.1376,7.33863,7.53973,7.74088,7.94207,8.14328,8.34452,8.54578,8.74705,8.94833,9.14962,9.35091,9.5522,9.7535,9.95481,10.1561,10.3574,10.5587,10.76,10.9613,11.1626,11.3639
0.363636,4.45961e-05,6.58347e-05,9.63464e-05,0.00013979,0.000201099,0.000286865,0.000405801,0.000569319,0.000792213,0.00109348,0.00149726,0.00203396,0.00274148,0.0036666,0.0048665,0.00641043,0.00838133,0.0108777,0.0140152,0.0179285,0.0227726,0.0287241,0.0359827,0.0447708,0.0553347,0.0679432,0.0828871,0.100477,0.121042,0.144925,0.172478,0.204061,0.240033,0.280751,0.326558,0.377783,0.434731,0.49768,0.566874,0.642519,0.724778,0.813771,0.909571,1.01219,1.1216,1.23774,1.36047,1.48963,1.62502,1.76638,1.91346,2.06595,2.22354,2.38589,2.55267,2.72353,2.89813,3.07613,3.25721,3.44106,3.62737,3.81587,4.0063,4.19841,4.39199,4.58684,4.78277,4.97963,5.17728,5.37559,5.57446,5.77379,5.97351,6.17353,6.37382,6.57431,6.77497,6.97577,7.17668,7.37767,7.57873,7.77984,7.981,8.18218,8.38339,8.58462,8.78587,8.98712,9.18838,9.38965,9.59093,9.79221,9.99349,10.1948,10.3961,10.5973,10.7986,10.9999,11.2012,11.4025
0.373737,6.00325e-05,8.76636e-05,0.000126936,0.000182272,0.000259573,0.00036664,0.000513685,0.000713947,0.000984429,0.00134676,0.00182818,0.00246268,0.00329228,0.0043684,0.0057534,0.00752216,0.00976371,0.012583,0.0161022,0.0204629,0.0258265,0.0323761,0.0403169,0.0498766,0.0613052,0.0748743,0.0908759,0.10962,0.131434,0.156654,0.185628,0.218708,0.256241,0.298572,0.346031,0.398933,0.457566,0.522192,0.593039,0.670296,0.754114,0.844596,0.941805,1.04573,1.15636,1.2736,1.39733,1.52737,1.66353,1.80555,1.95317,2.10611,2.26405,2.42666,2.59362,2.7646,2.93925,3.11726,3.29831,3.48208,3.6683,3.85668,4.04698,4.23895,4.43239,4.62709,4.82289,5.01962,5.21714,5.41534,5.6141,5.81333,6.01295,6.2129,6.41311,6.61353,6.81414,7.01488,7.21574,7.41668,7.6177,7.81878,8.0199,8.22106,8.42224,8.62344,8.82466,9.02589,9.22713,9.42838,9.62963,9.83089,10.0321,10.2334,10.4347,10.6359,10.8372,11.0385,11.2397,11.441
0.383838,7.96346e-05,0.000115095,0.000164988,0.000234596,0.000330899,0.000463036,0.000642851,0.000885565,0.00121054,0.0016422,0.00221102,0.00295473,0.00391958,0.00516172,0.00674871,0.00876105,0.0112938,0.0144581,0.0183827,0.0232154,0.0291239,0.0362971,0.0449454,0.0553009,0.0676167,0.0821667,0.0992432,0.119155,0.142226,0.168789,0.199185,0.233755,0.272838,0.316766,0.365856,0.420408,0.480696,0.546965,0.619429,0.698262,0.783598,0.875532,0.97411,1.07932,1.19113,1.30944,1.43414,1.56504,1.70194,1.8446,1.99276,2.14614,2.30442,2.4673,2.63445,2.80555,2.98027,3.15829,3.3393,3.52301,3.70914,3.89742,4.08759,4.27944,4.47274,4.66731,4.86297,5.05958,5.25698,5.45506,5.65371,5.85284,6.05238,6.25224,6.45238,6.65274,6.85328,7.05397,7.25478,7.45568,7.65666,7.8577,8.05879,8.25991,8.46106,8.66224,8.86343,9.06464,9.26585,9.46708,9.66831,9.86954,10.0708,10.272,10.4733,10.6745,10.8757,11.077,11.2782,11.4795
0.393939,0.000104213,0.000149153,0.000211777,0.00029833,0.000416987,0.000578345,0.000796024,0.00108736,0.00147424,0.00198399,0.0026505,0.00351533,0.00462906,0.00605262,0.00785879,0.0101337,0.0129782,0.0165096,0.0208628,0.0261916,0.0326695,0.0404909,0.0498706,0.0610446,0.0742687,0.0898181,0.107985,0.129077,0.153413,0.181322,0.213137,0.24919,0.289812,0.33532,0.38602,0.442196,0.504108,0.571989,0.646034,0.726405,0.813224,0.906572,1.00648,1.11293,1.22589,1.34526,1.47089,1.60263,1.74026,1.88355,2.03224,2.18605,2.34468,2.50782,2.67516,2.84638,3.02116,3.1992,3.3802,3.56386,3.7499,3.93808,4.12814,4.31986,4.51304,4.70748,4.90302,5.0995,5.29678,5.49475,5.6933,5.89234,6.09178,6.29156,6.49163,6.69192,6.8924,7.09304,7.2938,7.49466,7.6956,7.8966,8.09765,8.29874,8.49987,8.70102,8.90218,9.10336,9.30456,9.50576,9.70696,9.90817,10.1094,10.3106,10.5118,10.7131,10.9143,11.1155,11.3167,11.5179
0.40404,0.000134672,0.000190964,0.000268695,0.000375174,0.000519881,0.000715002,0.000976061,0.00132266,0.00177931,0.00237642,0.00315138,0.0041497,0.00542634,0.00704707,0.00908985,0.0116463,0.0148231,0.0187434,0.023548,0.0293964,0.0364676,0.0449605,0.0550944,0.0671083,0.0812602,0.0978259,0.117097,0.139379,0.164987,0.194243,0.227474,0.265004,0.30715,0.354221,0.406509,0.464283,0.527792,0.597251,0.672844,0.754719,0.842985,0.937712,1.03892,1.14659,1.26066,1.38105,1.5076,1.64015,1.7785,1.9224,2.07161,2.22584,2.38481,2.54822,2.71575,2.8871,3.06195,3.24002,3.421,3.60461,3.79059,3.97867,4.16863,4.36024,4.55329,4.74761,4.94302,5.13938,5.33656,5.53442,5.73287,5.93181,6.13117,6.33087,6.53086,6.73109,6.93151,7.13209,7.3328,7.53361,7.73451,7.93548,8.1365,8.33756,8.53865,8.73977,8.94091,9.14207,9.34323,9.54441,9.74559,9.94678,10.148,10.3492,10.5504,10.7516,10.9528,11.154,11.3552,11.5564
0.414141,0.000172011,0.000241766,0.000337253,0.000466949,0.000641757,0.000875571,0.00118595,0.00159487,0.00212964,0.00282384,0.00371846,0.00486304,0.00631699,0.00815089,0.0104479,0.013305,0.0168345,0.0211653,0.0264437,0.0328345,0.0405217,0.0497087,0.0606183,0.0734922,0.0885898,0.106187,0.126575,0.150055,0.176939,0.207544,0.242187,0.281183,0.324842,0.373458,0.427311,0.48666,0.551736,0.622743,0.699851,0.783196,0.872875,0.968948,1.07142,1.18027,1.29544,1.41681,1.54426,1.67761,1.81665,1.96116,2.11087,2.26552,2.42483,2.5885,2.75622,2.9277,3.10264,3.28074,3.46171,3.64528,3.8312,4.0192,4.20905,4.40055,4.59349,4.78769,4.98299,5.17924,5.3763,5.57406,5.7724,5.97125,6.17053,6.37015,6.57007,6.77023,6.97059,7.17112,7.37178,7.57255,7.77341,7.97433,8.17532,8.37635,8.57741,8.7785,8.97961,9.18074,9.38189,9.58304,9.7842,9.98537,10.1865,10.3877,10.5889,10.7901,10.9913,11.1924,11.3936,11.5948
0.424242,0.000217329,0.000302901,0.000419074,0.0005756,0.000784913,0.00106274,0.00142878,0.00190754,0.0025292,0.00333065,0.00435654,0.00566052,0.00730647,0.00936977,0.0119387,0.0151155,0.019018,0.0237804,0.0295544,0.0365098,0.044835,0.0547376,0.0664432,0.0801957,0.0962557,0.114899,0.136414,0.1611,0.189263,0.221215,0.257265,0.297719,0.342876,0.393019,0.448417,0.509314,0.575929,0.648454,0.727046,0.811829,0.902888,1.00027,1.10398,1.21398,1.33021,1.45256,1.58088,1.71501,1.85473,1.99982,2.15003,2.3051,2.46474,2.62867,2.79659,2.9682,3.14322,3.32136,3.50233,3.68587,3.87173,4.05965,4.24942,4.44081,4.63364,4.82773,5.02292,5.21906,5.41601,5.61367,5.81192,6.01068,6.20987,6.40941,6.60926,6.80936,7.00966,7.21013,7.41074,7.61147,7.81228,8.01317,8.21412,8.41512,8.61615,8.81721,9.0183,9.2194,9.42052,9.62165,9.82279,10.0239,10.2251,10.4262,10.6274,10.8286,11.0297,11.2309,11.432,11.6332
0.434343,0.000271817,0.000375816,0.000515896,0.000703185,0.000951762,0.00127929,0.00170776,0.00226427,0.00298202,0.00390126,0.00507041,0.00654725,0.00840013,0.0107092,0.0135678,0.0170833,0.0213788,0.0265937,0.0328846,0.0404259,0.0494104,0.0600488,0.0725695,0.0872182,0.104256,0.123957,0.146609,0.172506,0.201952,0.235248,0.272699,0.314601,0.361242,0.412894,0.469814,0.532235,0.600363,0.674377,0.754422,0.84061,0.933019,1.03169,1.13659,1.24772,1.36499,1.48828,1.61746,1.75234,1.89273,2.0384,2.1891,2.34458,2.50455,2.66873,2.83685,3.0086,3.18371,3.36189,3.54287,3.72638,3.91218,4.10004,4.28972,4.48102,4.67375,4.86773,5.06281,5.25884,5.45569,5.65325,5.8514,6.05008,6.24918,6.44865,6.64843,6.84846,7.04871,7.24912,7.44968,7.65036,7.85114,8.05199,8.2529,8.45386,8.65487,8.8559,9.05696,9.25804,9.45913,9.66024,9.86135,10.0625,10.2636,10.4647,10.6659,10.867,11.0681,11.2693,11.4704,11.6716
0.444444,0.000336765,0.000462061,0.000629562,0.000851872,0.00114482,0.00152813,0.00202615,0.00266874,0.00349216,0.0045401,0.00586483,0.00752826,0.00960322,0.0121746,0.0153405,0.0192136,0.0239219,0.0296096,0.0364381,0.0445861,0.0542499,0.0656435,0.0789975,0.0945583,0.112587,0.133358,0.157154,0.184269,0.214996,0.249636,0.28848,0.331819,0.379929,0.433073,0.491494,0.555414,0.625028,0.700502,0.78197,0.869535,0.963262,1.06318,1.16926,1.28149,1.39977,1.52398,1.65399,1.78962,1.93066,2.07689,2.22808,2.38395,2.54425,2.7087,2.87701,3.0489,3.2241,3.40232,3.58331,3.76681,3.95257,4.14036,4.32996,4.52117,4.7138,4.90768,5.10266,5.29859,5.49534,5.6928,5.89086,6.08945,6.28847,6.48787,6.68758,6.88755,7.08773,7.28809,7.48861,7.68924,7.88997,8.09078,8.29166,8.49259,8.69356,8.89456,9.0956,9.29665,9.49772,9.6988,9.89989,10.101,10.3021,10.5032,10.7043,10.9054,11.1066,11.3077,11.5088,11.7099
0.454545,0.000413557,0.000563287,0.000762017,0.00102393,0.00136671,0.00181223,0.00238733,0.00312468,0.0040637,0.00525161,0.00674452,0.00860851,0.0109208,0.013771,0.0172621,0.0215114,0.0266518,0.0328323,0.0402184,0.048993,0.0593556,0.0715227,0.0857266,0.102215,0.121248,0.143098,0.168046,0.19638,0.228391,0.264368,0.3046,0.349364,0.398928,0.453545,0.513446,0.578841,0.649915,0.726821,0.809685,0.898596,0.993613,1.09475,1.20199,1.31528,1.43455,1.55967,1.69049,1.82684,1.96852,2.11531,2.26697,2.42324,2.58386,2.74856,2.91707,3.0891,3.26439,3.44267,3.62368,3.80716,3.99288,4.18061,4.37014,4.56126,4.7538,4.94759,5.14247,5.3383,5.53495,5.73232,5.9303,6.1288,6.32774,6.52706,6.7267,6.92661,7.12673,7.32704,7.52751,7.72809,7.92878,8.12956,8.3304,8.53129,8.73223,8.93321,9.13421,9.33524,9.53628,9.73734,9.93841,10.1395,10.3406,10.5417,10.7427,10.9438,11.1449,11.346,11.5471,11.7482
0.464646,0.00050367,0.00068124,0.000915304,0.00122172,0.00162013,0.00213465,0.0027947,0.00363585,0.00470074,0.00604018,0.00771412,0.00979282,0.0123579,0.0155035,0.0193372,0.0239812,0.0295729,0.0362655,0.0442288,0.053649,0.0647288,0.0776867,0.0927565,0.110186,0.130234,0.153173,0.179278,0.208835,0.242127,0.279439,0.321048,0.367226,0.41823,0.474301,0.535661,0.602508,0.675016,0.753328,0.837559,0.927789,1.02407,1.1264,1.23476,1.3491,1.46933,1.59533,1.72695,1.86401,2.00632,2.15365,2.30577,2.46243,2.62337,2.78833,2.95704,3.12921,3.3046,3.48294,3.66396,3.84744,4.03312,4.2208,4.41026,4.60131,4.79376,4.98745,5.18224,5.37797,5.57453,5.77181,5.9697,6.16812,6.36699,6.56624,6.76581,6.96565,7.16571,7.36597,7.56638,7.76693,7.96757,8.16831,8.36911,8.56998,8.77088,8.97183,9.17281,9.37381,9.57482,9.77586,9.9769,10.178,10.379,10.5801,10.7811,10.9822,11.1833,11.3844,11.5855,11.7865
0.474747,0.000608668,0.000817756,0.00109156,0.0014477,0.00190786,0.00249852,0.00325173,0.00420604,0.00540739,0.00691017,0.00877822,0.0110859,0.0139192,0.0173767,0.0215706,0.0266275,0.032689,0.0399127,0.0484719,0.0585562,0.0703706,0.0841357,0.100086,0.118469,0.139544,0.163578,0.190846,0.221626,0.256198,0.294838,0.337818,0.385397,0.437825,0.495332,0.55813,0.626406,0.700324,0.780016,0.865587,0.957109,1.05462,1.15812,1.26758,1.38294,1.50412,1.63098,1.76338,1.90113,2.04405,2.19192,2.34449,2.50154,2.6628,2.82801,2.99691,3.16924,3.34472,3.52312,3.70417,3.88764,4.0733,4.26093,4.45032,4.64129,4.83367,5.02727,5.22197,5.41761,5.61408,5.81127,6.00908,6.20741,6.40621,6.60538,6.80489,7.00467,7.20468,7.40488,7.60524,7.80574,8.00634,8.20704,8.40781,8.60864,8.80951,9.01043,9.21138,9.41235,9.61334,9.81435,10.0154,10.2164,10.4174,10.6185,10.8195,11.0206,11.2216,11.4227,11.6238,11.8248
0.484848,0.000730204,0.000974762,0.001293,0.00170439,0.00223276,0.002907,0.00376191,0.00483905,0.00618771,0.00786589,0.00994129,0.0124924,0.0156094,0.0193953,0.0239666,0.0294541,0.0360038,0.0437769,0.0529503,0.0637161,0.0762819,0.0908696,0.107714,0.127063,0.149173,0.174309,0.202743,0.234748,0.270597,0.31056,0.3549,0.403868,0.457705,0.51663,0.580845,0.650528,0.725831,0.806877,0.893762,0.98655,1.08527,1.18991,1.30044,1.41681,1.53891,1.66661,1.79977,1.9382,2.08172,2.23011,2.38314,2.54057,2.70214,2.8676,3.0367,3.20917,3.38476,3.56322,3.7443,3.92777,4.1134,4.30099,4.49033,4.68123,4.87352,5.06705,5.26166,5.45721,5.6536,5.8507,6.04842,6.24668,6.4454,6.64451,6.84394,7.04366,7.24361,7.44376,7.64408,7.84453,8.04509,8.24575,8.44648,8.64728,8.84812,9.04901,9.24993,9.45087,9.65184,9.85282,10.0538,10.2548,10.4558,10.6569,10.8579,11.0589,11.26,11.461,11.662,11.8631
0.494949,0.000870014,0.00115426,0.00152192,0.0019944,0.00259773,0.00336333,0.00432877,0.00553869,0.00704576,0.00891158,0.0112077,0.0140167,0.0174329,0.0215635,0.0265293,0.0324651,0.0395208,0.0478611,0.0576659,0.0691302,0.0824632,0.0978878,0.115639,0.135964,0.159118,0.185363,0.214965,0.248194,0.285317,0.326596,0.372287,0.422632,0.477861,0.538186,0.603798,0.674866,0.75153,0.833906,0.92208,1.01611,1.11601,1.22177,1.33335,1.4507,1.5737,1.70222,1.83613,1.97523,2.11934,2.26824,2.42171,2.57951,2.74139,2.90711,3.0764,3.24902,3.42471,3.60324,3.78435,3.96782,4.15344,4.34099,4.53028,4.72111,4.91333,5.10678,5.3013,5.49678,5.69308,5.8901,6.08774,6.28592,6.48457,6.6836,6.88298,7.08263,7.28253,7.48263,7.68289,7.8833,8.08382,8.28444,8.48513,8.68589,8.88671,9.08756,9.28845,9.48937,9.69031,9.89127,10.0922,10.2932,10.4942,10.6952,10.8962,11.0972,11.2982,11.4993,11.7003,11.9013
0.505051,0.00102991,0.00135835,0.00178069,0.00232038,0.00300574,0.00387075,0.00495582,0.00630874,0.00798553,0.0100514,0.0125818,0.0156632,0.019394,0.0238855,0.0292625,0.0356638,0.0432428,0.0521675,0.0626207,0.0747995,0.0889145,0.10519,0.12386,0.145171,0.169375,0.196733,0.227506,0.261959,0.300351,0.34294,0.38997,0.441679,0.498286,0.559993,0.626982,0.699412,0.777415,0.861097,0.950535,1.04578,1.14684,1.25369,1.36631,1.48461,1.60849,1.73782,1.87245,2.01221,2.1569,2.3063,2.46021,2.61838,2.78057,2.94653,3.11602,3.28879,3.46459,3.64318,3.82433,4.00781,4.19342,4.38093,4.57017,4.76095,4.9531,5.14647,5.34091,5.5363,5.73252,5.92946,6.12703,6.32514,6.52371,6.72268,6.92199,7.12158,7.32142,7.52147,7.72169,7.92205,8.12253,8.3231,8.52376,8.72449,8.92527,9.1261,9.32696,9.52785,9.72876,9.9297,10.1306,10.3316,10.5326,10.7335,10.9345,11.1355,11.3365,11.5375,11.7385,11.9395
0.515152,0.00121178,0.00158916,0.00207174,0.00268505,0.00345979,0.00443254,0.00564662,0.00715296,0.00901098,0.0112895,0.0140677,0.017436,0.0214968,0.0263652,0.03217,0.0390536,0.0471727,0.0566985,0.0678162,0.0807246,0.095636,0.112774,0.132374,0.15468,0.179942,0.208416,0.240361,0.276035,0.315693,0.359583,0.407944,0.461003,0.518972,0.582043,0.65039,0.72416,0.803479,0.888443,0.979123,1.07556,1.17775,1.28568,1.3993,1.51854,1.64328,1.7734,1.90875,2.04915,2.1944,2.34431,2.49864,2.65717,2.81966,2.98587,3.15556,3.32848,3.50438,3.68305,3.86424,4.04773,4.23333,4.42081,4.61,4.80073,4.99281,5.18611,5.38048,5.57579,5.77193,5.9688,6.16629,6.36432,6.56282,6.76173,6.96097,7.16051,7.36029,7.56029,7.76046,7.96077,8.16121,8.36175,8.56237,8.76306,8.96381,9.16461,9.36544,9.5663,9.76719,9.9681,10.169,10.37,10.5709,10.7719,10.9728,11.1738,11.3748,11.5757,11.7767,11.9777
0.525253,0.00141758,0.00184892,0.00239756,0.00309118,0.0039629,0.00505199,0.00640468,0.00807508,0.010126,0.0126299,0.0156695,0.0193392,0.0237451,0.0290063,0.0352551,0.0426373,0.051313,0.061456,0.0732535,0.0869062,0.102627,0.12064,0.14118,0.164488,0.190813,0.220407,0.253525,0.290418,0.331336,0.376519,0.426199,0.480596,0.539911,0.604329,0.674013,0.749104,0.829717,0.915941,1.00784,1.10544,1.20874,1.31772,1.43233,1.55249,1.67808,1.80897,1.94502,2.08604,2.23185,2.38225,2.537,2.69589,2.85868,3.02514,3.19502,3.36809,3.54411,3.72284,3.90408,4.08759,4.27317,4.46063,4.64979,4.84045,5.03248,5.22571,5.42001,5.61525,5.81131,6.0081,6.20552,6.40348,6.60191,6.80075,6.99993,7.19941,7.39914,7.59908,7.79921,7.99948,8.19987,8.40037,8.60096,8.80162,9.00233,9.2031,9.4039,9.60474,9.8056,10.0065,10.2074,10.4083,10.6092,10.8101,11.0111,11.212,11.413,11.6139,11.8149,12.0158
0.535354,0.00164933,0.00213991,0.00276068,0.00354157,0.00451814,0.00573238,0.00723351,0.00907879,0.0113344,0.0140763,0.0173911,0.0213765,0.0261427,0.0318123,0.0385209,0.0464179,0.055666,0.0664415,0.0789337,0.0933445,0.109887,0.128787,0.150275,0.174593,0.201985,0.232702,0.266991,0.305101,0.347273,0.393741,0.44473,0.500451,0.561097,0.626844,0.697847,0.774237,0.856123,0.943584,1.03668,1.13543,1.23982,1.34983,1.4654,1.58646,1.71288,1.84453,1.98126,2.1229,2.26926,2.42013,2.5753,2.73454,2.89763,3.06433,3.23441,3.40763,3.58376,3.76257,3.94385,4.12738,4.31296,4.5004,4.68951,4.88013,5.0721,5.26527,5.45949,5.65466,5.85065,6.04737,6.24471,6.44261,6.64097,6.83975,7.03887,7.23829,7.43797,7.63786,7.83793,8.03816,8.23851,8.43897,8.63952,8.84015,9.04083,9.24156,9.44234,9.64315,9.84398,10.0448,10.2457,10.4466,10.6475,10.8484,11.0493,11.2502,11.4512,11.6521,11.853,12.054
0.545455,0.00190912,0.00246446,0.0031637,0.00403904,0.00512856,0.00647702,0.00813659,0.0101677,0.01264,0.0156327,0.0192362,0.0235518,0.0286932,0.0347864,0.0419705,0.0503978,0.0602337,0.0716566,0.0848575,0.100039,0.117416,0.137211,0.159657,0.18499,0.213455,0.245295,0.280756,0.320078,0.363498,0.411243,0.46353,0.520561,0.582522,0.649581,0.721883,0.799554,0.882691,0.971368,1.06563,1.16551,1.27096,1.38199,1.49851,1.62044,1.74767,1.88007,2.01748,2.15972,2.30661,2.45795,2.61353,2.77313,2.93651,3.10345,3.27372,3.44709,3.62333,3.80222,3.98355,4.1671,4.35268,4.54011,4.72919,4.91976,5.11167,5.30478,5.49894,5.69404,5.88996,6.08661,6.28388,6.48171,6.68001,6.87872,7.07778,7.27715,7.47677,7.67661,7.87664,8.07682,8.27713,8.47755,8.67806,8.87865,9.07931,9.28001,9.48075,9.68153,9.88234,10.0832,10.284,10.4849,10.6858,10.8866,11.0875,11.2884,11.4893,11.6903,11.8912,12.0921
0.555556,0.00219906,0.00282494,0.00360922,0.00458644,0.00579725,0.00728917,0.00911737,0.0113455,0.0140463,0.0173028,0.0212085,0.0258685,0.0313997,0.0379317,0.0456065,0.0545792,0.0650177,0.0771023,0.0910255,0.106991,0.125213,0.145913,0.169323,0.195678,0.225218,0.258183,0.294813,0.335344,0.380006,0.429018,0.482591,0.540919,0.60418,0.672534,0.746118,0.825048,0.909416,0.999289,1.09471,1.19568,1.30219,1.4142,1.53165,1.65445,1.78247,1.9156,2.05366,2.1965,2.34392,2.49573,2.65171,2.81164,2.97532,3.1425,3.31296,3.48648,3.66284,3.84181,4.02319,4.20677,4.39235,4.57976,4.76881,4.95934,5.1512,5.34425,5.53835,5.73338,5.92923,6.12581,6.32302,6.52078,6.71901,6.91766,7.11667,7.31598,7.51555,7.71534,7.91532,8.11545,8.31572,8.51611,8.71658,8.91714,9.11776,9.31843,9.51915,9.7199,9.92068,10.1215,10.3223,10.5231,10.724,10.9249,11.1257,11.3266,11.5275,11.7284,11.9293,12.1302
0.565657,0.00252135,0.00322376,0.00409989,0.00518665,0.00652728,0.00817209,0.0101792,0.0126155,0.015557,0.01909,0.0233115,0.02833,0.0342657,0.0412511,0.0494315,0.0589643,0.0700197,0.0827797,0.0974379,0.114199,0.133275,0.15489,0.179272,0.206653,0.237271,0.271361,0.309158,0.350893,0.396789,0.447061,0.501908,0.56152,0.626065,0.695697,0.770544,0.850714,0.936294,1.02734,1.12389,1.22595,1.33348,1.44647,1.56483,1.68847,1.81728,1.95111,2.08983,2.23325,2.38119,2.53345,2.68982,2.8501,3.01406,3.18148,3.35214,3.52581,3.70228,3.88133,4.06276,4.24637,4.43196,4.61935,4.80838,4.99887,5.19069,5.38368,5.57772,5.77268,5.96847,6.16498,6.36213,6.55982,6.75799,6.95658,7.15553,7.35478,7.5543,7.75404,7.95397,8.15407,8.3543,8.55464,8.75508,8.9556,9.15619,9.35683,9.55752,9.75824,9.95899,10.1598,10.3606,10.5614,10.7622,10.9631,11.1639,11.3648,11.5656,11.7665,11.9674,12.1682
0.575758,0.00287822,0.00366338,0.00463838,0.00584254,0.00732171,0.00912901,0.0113256,0.0139813,0.0171756,0.0209979,0.0255486,0.0309395,0.0372939,0.0447473,0.0534477,0.0635549,0.075241,0.0886895,0.104095,0.121662,0.141603,0.16414,0.189499,0.217911,0.249608,0.284823,0.323785,0.36672,0.413844,0.465364,0.521475,0.582356,0.648171,0.719063,0.795155,0.876548,0.963319,1.05552,1.15319,1.2563,1.36485,1.47878,1.59804,1.72251,1.85208,1.98662,2.12597,2.26996,2.41841,2.57111,2.72788,2.88849,3.05274,3.22039,3.39124,3.56507,3.74165,3.92079,4.10227,4.28591,4.47151,4.65889,4.8479,5.03835,5.23012,5.42306,5.61704,5.81195,6.00768,6.20412,6.4012,6.59883,6.79694,6.99547,7.19436,7.39356,7.59303,7.79272,7.99261,8.19266,8.39285,8.59315,8.79356,8.99404,9.1946,9.39521,9.59586,9.79656,9.99729,10.198,10.3988,10.5996,10.8004,11.0012,11.2021,11.4029,11.6037,11.8046,12.0054,12.2063
0.585859,0.00327191,0.00414627,0.00522737,0.00655698,0.00818358,0.0101631,0.0125597,0.0154462,0.0189053,0.0230298,0.0279231,0.0337001,0.0404872,0.0484228,0.0576572,0.0683526,0.0806826,0.0948322,0.110996,0.12938,0.150195,0.173661,0.200003,0.229449,0.262227,0.298566,0.33869,0.382819,0.431162,0.483922,0.541284,0.603423,0.670492,0.742629,0.819948,0.902544,0.990488,1.08383,1.18258,1.28674,1.39628,1.51115,1.63128,1.75656,1.88689,2.02211,2.16208,2.30664,2.45558,2.60873,2.76589,2.92683,3.09135,3.25924,3.43028,3.60426,3.78096,3.96018,4.14172,4.32539,4.511,4.69838,4.88736,5.07779,5.26952,5.4624,5.65633,5.85118,6.04684,6.24323,6.44025,6.63782,6.83587,7.03434,7.23317,7.43232,7.63173,7.83138,8.03122,8.23123,8.43138,8.63164,8.83201,9.03246,9.23298,9.43356,9.63419,9.83486,10.0356,10.2363,10.437,10.6378,10.8386,11.0394,11.2402,11.441,11.6418,11.8426,12.0435,12.2443
0.59596,0.00370473,0.00467493,0.00586956,0.00733285,0.00911594,0.0112776,0.0138847,0.0170135,0.0207496,0.0251888,0.0304379,0.0366146,0.0438483,0.0522799,0.062062,0.0733589,0.0863456,0.101208,0.118142,0.137352,0.159049,0.183451,0.210781,0.241264,0.275124,0.312585,0.353868,0.399184,0.44874,0.502729,0.561332,0.624713,0.693022,0.766387,0.844916,0.928698,1.0178,1.11225,1.21208,1.31726,1.42777,1.54356,1.66455,1.79063,1.92169,2.05759,2.19818,2.34328,2.49272,2.64631,2.80384,2.96511,3.12991,3.29803,3.46926,3.64339,3.82021,3.99951,4.18111,4.36482,4.55044,4.73782,4.92678,5.11718,5.30886,5.50171,5.69558,5.89037,6.08598,6.2823,6.47926,6.67677,6.87476,7.07318,7.27196,7.47105,7.67042,7.87001,8.06981,8.26977,8.46988,8.67011,8.87044,9.07086,9.27135,9.47189,9.67249,9.87313,10.0738,10.2745,10.4752,10.676,10.8767,11.0775,11.2783,11.4791,11.6799,11.8807,12.0815,12.2823
0.606061,0.004179,0.00525187,0.00656763,0.00817301,0.0101218,0.0124754,0.015304,0.0186865,0.0227115,0.0274782,0.0330961,0.0396859,0.0473796,0.0563206,0.0666638,0.078575,0.0922307,0.107818,0.125532,0.145577,0.168163,0.193508,0.22183,0.253351,0.288294,0.326876,0.369313,0.415812,0.466572,0.52178,0.581611,0.646222,0.715756,0.790333,0.870055,0.955004,1.04524,1.14079,1.24167,1.34786,1.45933,1.57602,1.69785,1.82472,1.9565,2.09306,2.23425,2.3799,2.52982,2.68383,2.84174,3.00333,3.16841,3.33676,3.50818,3.68245,3.85939,4.03878,4.22044,4.40418,4.58983,4.7772,4.96615,5.15652,5.34817,5.54096,5.73479,5.92953,6.12508,6.32134,6.51824,6.71569,6.91363,7.11199,7.31072,7.50976,7.70907,7.90862,8.10837,8.30829,8.50836,8.70855,8.90885,9.10923,9.30969,9.5102,9.71077,9.91138,10.112,10.3127,10.5134,10.7141,10.9149,11.1156,11.3164,11.5171,11.7179,11.9187,12.1195,12.3202
0.616162,0.00469706,0.00587962,0.0073243,0.00908029,0.011204,0.0137598,0.0168205,0.0204681,0.0247942,0.0299008,0.0359004,0.0429164,0.0510833,0.060547,0.0714641,0.084002,0.0983384,0.114661,0.133164,0.154053,0.177536,0.203828,0.233146,0.265709,0.301733,0.341434,0.385021,0.432696,0.484652,0.54107,0.602117,0.667945,0.738688,0.814461,0.89536,0.98146,1.07281,1.16945,1.27136,1.37854,1.49095,1.60852,1.73118,1.85882,1.99131,2.12852,2.2703,2.41648,2.56688,2.72131,2.87959,3.0415,3.20685,3.37543,3.54703,3.72146,3.89851,4.078,4.25972,4.4435,4.62916,4.81653,5.00547,5.19581,5.38743,5.58018,5.77396,5.96865,6.16414,6.36035,6.55719,6.75459,6.95247,7.15077,7.34945,7.54844,7.7477,7.94721,8.14691,8.34679,8.54682,8.74697,8.94723,9.14758,9.348,9.54849,9.74903,9.94961,10.1502,10.3509,10.5516,10.7522,10.953,11.1537,11.3544,11.5552,11.7559,11.9567,12.1574,12.3582
0.626263,0.00526128,0.00656071,0.00814223,0.0100575,0.0123657,0.0151337,0.0184374,0.0223615,0.0270006,0.0324595,0.0388535,0.0463086,0.0549618,0.0649608,0.0764642,0.0896408,0.104669,0.121737,0.14104,0.16278,0.187167,0.214411,0.244728,0.278332,0.315438,0.356254,0.400987,0.449831,0.502975,0.560592,0.622844,0.689875,0.761813,0.838768,0.920827,1.00806,1.10051,1.19821,1.30114,1.40929,1.52262,1.64107,1.76454,1.89293,2.02612,2.16397,2.30633,2.45304,2.6039,2.75875,2.91739,3.07961,3.24523,3.41403,3.58583,3.76041,3.93758,4.11715,4.29893,4.48275,4.66843,4.85581,5.04474,5.23506,5.42664,5.61936,5.81309,6.00773,6.20317,6.39933,6.59611,6.79346,6.99128,7.18953,7.38815,7.58709,7.78631,7.98577,8.18543,8.38527,8.58526,8.78537,8.98559,9.18591,9.3863,9.58675,9.78726,9.98782,10.1884,10.389,10.5897,10.7903,10.991,11.1917,11.3924,11.5932,11.7939,11.9946,12.1954,12.3961
0.636364,0.00587401,0.00729768,0.00902412,0.0111075,0.0136096,0.0166001,0.0201575,0.0243695,0.0293335,0.035157,0.041958,0.0498648,0.0590168,0.0695637,0.0816655,0.0954923,0.111223,0.129046,0.149157,0.171757,0.197052,0.225253,0.256571,0.291218,0.329404,0.371334,0.417207,0.467214,0.521536,0.580343,0.643787,0.712008,0.785128,0.863247,0.946451,1.0348,1.12834,1.22708,1.33101,1.44012,1.55436,1.67366,1.79792,1.92706,2.06094,2.19941,2.34234,2.48956,2.64089,2.79614,2.95514,3.11768,3.28356,3.45259,3.62457,3.7993,3.97659,4.15625,4.3381,4.52196,4.70766,4.89505,5.08396,5.27426,5.46582,5.6585,5.85219,6.04678,6.24217,6.43827,6.635,6.83229,7.03006,7.22826,7.42683,7.62572,7.82489,8.02431,8.22392,8.42372,8.62367,8.82375,9.02393,9.22421,9.42457,9.625,9.82547,10.026,10.2266,10.4272,10.6278,10.8284,11.0291,11.2298,11.4305,11.6312,11.8319,12.0326,12.2333,12.434
0.646465,0.00653765,0.00809305,0.0099726,0.012233,0.0149386,0.0181617,0.0219837,0.026495,0.0317957,0.037996,0.0452162,0.0535872,0.0632503,0.074357,0.0870689,0.101557,0.118001,0.136589,0.157515,0.180981,0.20719,0.236351,0.268673,0.304363,0.343628,0.386667,0.433675,0.484838,0.540331,0.600316,0.664941,0.73434,0.808626,0.887896,0.972227,1.06168,1.15628,1.25605,1.36097,1.47102,1.58615,1.70628,1.83134,1.9612,2.09575,2.23485,2.37834,2.52606,2.67784,2.8335,2.99285,3.15569,3.32183,3.49109,3.66325,3.83813,4.01554,4.19529,4.3772,4.56111,4.74684,4.93423,5.12314,5.31342,5.50495,5.69759,5.89124,6.08578,6.28113,6.47718,6.67386,6.8711,7.06882,7.26696,7.46548,7.66433,7.86345,8.06282,8.26239,8.46215,8.66206,8.8621,9.06225,9.26249,9.46282,9.66321,9.86366,10.0642,10.2647,10.4653,10.6659,10.8665,11.0671,11.2678,11.4684,11.6691,11.8698,12.0705,12.2712,12.4719
0.656566,0.00725457,0.00894934,0.0109903,0.0134367,0.0163554,0.0198215,0.0239189,0.0287408,0.0343898,0.0409787,0.0486303,0.0574777,0.0676639,0.0793422,0.0926753,0.107835,0.125002,0.144363,0.166113,0.190451,0.217579,0.247704,0.281031,0.317764,0.358105,0.40225,0.450388,0.5027,0.559354,0.620507,0.686302,0.756864,0.832303,0.912709,0.998153,1.08869,1.18434,1.28513,1.39101,1.50199,1.61799,1.73895,1.86477,1.99535,2.13056,2.27027,2.41431,2.56253,2.71476,2.87081,3.03051,3.19365,3.36006,3.52953,3.70188,3.87691,4.05443,4.23428,4.41626,4.60021,4.78596,4.97336,5.16227,5.35254,5.54404,5.73665,5.93026,6.12476,6.32005,6.51606,6.71269,6.90987,7.10754,7.30564,7.50411,7.70291,7.90198,8.10131,8.30084,8.50055,8.70042,8.90043,9.10054,9.30075,9.50105,9.70141,9.90183,10.1023,10.3028,10.5034,10.7039,10.9045,11.1051,11.3058,11.5064,11.7071,11.9077,12.1084,12.3091,12.5097
0.666667,0.00802716,0.00986906,0.0120799,0.0147214,0.0178629,0.0215822,0.0259658,0.0311094,0.0371184,0.0441077,0.0522026,0.0615381,0.0722591,0.0845203,0.0984855,0.114327,0.132226,0.152369,0.174949,0.200165,0.228217,0.259308,0.293642,0.331417,0.372833,0.418079,0.467342,0.520794,0.578601,0.640912,0.707865,0.779578,0.856155,0.937682,1.02422,1.11583,1.21252,1.31429,1.42114,1.53302,1.64988,1.77165,1.89824,2.02952,2.16538,2.30568,2.45026,2.59898,2.75164,2.90809,3.06813,3.23157,3.39823,3.56792,3.74045,3.91563,4.09328,4.27321,4.45526,4.63925,4.82504,5.01245,5.20135,5.39161,5.58309,5.77567,5.96924,6.1637,6.35895,6.5549,6.75148,6.94862,7.14624,7.34429,7.54271,7.74146,7.94049,8.13977,8.33926,8.53893,8.73876,8.93873,9.13881,9.33899,9.53925,9.73958,9.93997,10.1404,10.3409,10.5414,10.742,10.9425,11.1431,11.3437,11.5443,11.745,11.9456,12.1463,12.3469,12.5476
0.676768,0.0088578,0.0108547,0.0132439,0.0160896,0.0194637,0.0234464,0.0281269,0.0336034,0.0399837,0.0473852,0.055935,0.0657702,0.0770374,0.0898925,0.1045,0.121034,0.139673,0.160605,0.184023,0.210122,0.239102,0.271162,0.306502,0.345319,0.387806,0.43415,0.484531,0.539117,0.598067,0.661526,0.729624,0.802476,0.880178,0.962812,1.05044,1.14309,1.24081,1.34356,1.45134,1.56412,1.68183,1.8044,1.93172,2.0637,2.2002,2.34108,2.4862,2.6354,2.7885,2.94532,3.1057,3.26944,3.43636,3.60626,3.77897,3.9543,4.13206,4.31209,4.49421,4.67825,4.86406,5.05149,5.24039,5.43064,5.62209,5.81464,6.00818,6.2026,6.3978,6.59372,6.79025,6.98733,7.18491,7.38291,7.58128,7.77998,7.97897,8.17821,8.37766,8.57729,8.77708,8.97701,9.17706,9.3772,9.57743,9.77773,9.97809,10.1785,10.379,10.5794,10.78,10.9805,11.1811,11.3817,11.5823,11.7829,11.9835,12.1841,12.3847,12.5854
0.686869,0.00974884,0.0119087,0.0144849,0.017544,0.0211604,0.0254168,0.0304049,0.0362253,0.0429882,0.0508131,0.0598293,0.0701755,0.0819999,0.0954595,0.11072,0.127954,0.147343,0.169072,0.193333,0.22032,0.250231,0.283261,0.319609,0.359466,0.403022,0.450459,0.501952,0.557664,0.617748,0.682344,0.751576,0.825554,0.904368,0.988094,1.07679,1.17048,1.2692,1.37291,1.48162,1.59528,1.71382,1.83717,1.96523,2.09789,2.23502,2.37648,2.52212,2.67179,2.82532,2.98252,3.14324,3.30727,3.47444,3.64456,3.81744,3.99292,4.1708,4.35092,4.53311,4.7172,4.90304,5.09048,5.27939,5.46962,5.66106,5.85358,6.04708,6.24146,6.43663,6.63249,6.82898,7.02602,7.22355,7.4215,7.61983,7.81848,8.01743,8.21662,8.41603,8.61562,8.81538,9.01527,9.21528,9.41539,9.61559,9.81586,10.0162,10.2166,10.417,10.6175,10.818,11.0185,11.219,11.4196,11.6202,11.8207,12.0213,12.2219,12.4225,12.6232
0.69697,0.0107026,0.0130336,0.0158054,0.0190871,0.0229555,0.0274959,0.0328022,0.0389774,0.046134,0.0543936,0.0638873,0.0747556,0.0871479,0.101222,0.117145,0.135089,0.155234,0.177767,0.202877,0.230757,0.261601,0.295604,0.332959,0.373855,0.418476,0.467002,0.5196,0.57643,0.63764,0.703362,0.773717,0.848808,0.92872,1.01352,1.10327,1.19799,1.29769,1.40236,1.51198,1.6265,1.74587,1.86998,1.99876,2.13209,2.26983,2.41186,2.55802,2.70816,2.86211,3.01969,3.18073,3.34505,3.51247,3.6828,3.85586,4.03149,4.20949,4.3897,4.57196,4.7561,4.94197,5.12943,5.31834,5.50856,5.69998,5.89248,6.08595,6.28029,6.47542,6.67124,6.86768,7.06468,7.26216,7.46006,7.65835,7.85696,8.05586,8.25501,8.45438,8.65393,8.85365,9.05351,9.25348,9.45356,9.65372,9.85396,10.0543,10.2546,10.455,10.6555,10.8559,11.0564,11.2569,11.4575,11.658,11.8586,12.0592,12.2597,12.4603,12.6609
0.707071,0.0117216,0.0142317,0.0172079,0.0207215,0.0248517,0.0296861,0.0353211,0.0418619,0.0494232,0.0581285,0.0681107,0.0795118,0.0924823,0.107181,0.123775,0.142437,0.163348,0.186691,0.212655,0.241432,0.273212,0.308188,0.34655,0.388482,0.434166,0.483774,0.537472,0.595412,0.657737,0.724576,0.796042,0.872234,0.953231,1.0391,1.12988,1.22561,1.32629,1.4319,1.54241,1.65779,1.77795,1.90283,2.03232,2.1663,2.30465,2.44724,2.59391,2.74451,2.89887,3.05682,3.21818,3.38279,3.55045,3.72099,3.89424,4.07,4.24813,4.42843,4.61076,4.79495,4.98086,5.16833,5.35725,5.54746,5.73887,5.93134,6.12478,6.31909,6.51417,6.70996,6.90636,7.1033,7.30074,7.4986,7.69684,7.89541,8.09426,8.29337,8.4927,8.69222,8.8919,9.09172,9.29166,9.4917,9.69184,9.89204,10.0923,10.2926,10.493,10.6934,10.8939,11.0943,11.2948,11.4953,11.6959,11.8964,12.097,12.2975,12.4981,12.6987
0.717172,0.0128079,0.0155054,0.0186948,0.0224495,0.0268512,0.0319898,0.0379639,0.0448811,0.0528577,0.0620195,0.0725009,0.0844451,0.098004,0.113337,0.130611,0.15,0.171682,0.195841,0.222665,0.252341,0.28506,0.32101,0.360378,0.403344,0.450087,0.500773,0.555563,0.614605,0.678037,0.745982,0.818548,0.895827,0.977898,1.06482,1.15663,1.25335,1.35499,1.46152,1.57291,1.68913,1.81009,1.93571,2.06589,2.20052,2.33947,2.48261,2.62978,2.78083,2.9356,3.09391,3.2556,3.42048,3.58839,3.75914,3.93256,4.10847,4.28671,4.46711,4.64951,4.83376,5.0197,5.20719,5.39611,5.58632,5.77771,5.97016,6.16357,6.35785,6.5529,6.74864,6.94499,7.1419,7.33929,7.53711,7.7353,7.93383,8.13264,8.33171,8.531,8.73048,8.93012,9.1299,9.32981,9.52982,9.72992,9.9301,10.1303,10.3306,10.531,10.7314,10.9318,11.1322,11.3327,11.5332,11.7337,11.9342,12.1347,12.3353,12.5358,12.7364
0.727273,0.0139639,0.0168572,0.0202684,0.0242735,0.0289564,0.0344093,0.0407329,0.0480368,0.0564395,0.0660684,0.0770593,0.0895569,0.103714,0.11969,0.137653,0.157775,0.180236,0.205217,0.232904,0.263484,0.297143,0.334067,0.37444,0.418439,0.466235,0.517994,0.573869,0.634006,0.698535,0.767575,0.841229,0.919586,1.00272,1.09067,1.1835,1.2812,1.38378,1.49122,1.60348,1.72052,1.84226,1.96862,2.09949,2.23476,2.3743,2.51797,2.66564,2.81713,2.9723,3.13097,3.29298,3.45814,3.62629,3.79724,3.97084,4.1469,4.32525,4.50575,4.68822,4.87251,5.05849,5.24601,5.43493,5.62514,5.81652,6.00895,6.20233,6.39657,6.59159,6.78729,6.9836,7.18047,7.37781,7.57559,7.77374,7.97222,8.171,8.37002,8.56927,8.76871,8.96832,9.16807,9.36794,9.56792,9.76799,9.96814,10.1684,10.3686,10.5689,10.7693,10.9697,11.1701,11.3706,11.571,11.7715,11.972,12.1725,12.373,12.5735,12.7741
0.737374,0.0151919,0.0182892,0.0219312,0.026196,0.0311697,0.0369468,0.0436301,0.0513312,0.0601704,0.0702766,0.0817872,0.094848,0.109612,0.126241,0.1449,0.165764,0.189009,0.214817,0.243372,0.274857,0.309458,0.347357,0.388734,0.433761,0.482608,0.535433,0.592388,0.65361,0.719228,0.789353,0.864084,0.943505,1.02768,1.11666,1.21048,1.30916,1.41267,1.521,1.63412,1.75197,1.87448,2.00156,2.1331,2.269,2.40912,2.55333,2.70148,2.85341,3.00898,3.168,3.33032,3.49576,3.66414,3.8353,4.00907,4.18527,4.36375,4.54433,4.72688,4.91123,5.09724,5.28478,5.47371,5.66392,5.85528,6.04769,6.24105,6.43526,6.63024,6.82591,7.02218,7.219,7.41631,7.61404,7.81215,8.01059,8.20932,8.40831,8.60752,8.80692,9.00649,9.20621,9.40605,9.60599,9.80603,10.0061,10.2063,10.4066,10.6069,10.8072,11.0076,11.208,11.4084,11.6088,11.8093,12.0097,12.2102,12.4107,12.6112,12.8117
0.747475,0.0164942,0.0198038,0.0236853,0.0282191,0.0334933,0.0396044,0.0466575,0.054766,0.0640518,0.0746455,0.0866858,0.100319,0.1157,0.132989,0.152353,0.173965,0.198001,0.224641,0.254066,0.28646,0.322004,0.360877,0.403255,0.449309,0.499201,0.553088,0.611114,0.673414,0.74011,0.81131,0.887107,0.96758,1.05279,1.14279,1.23759,1.33722,1.44165,1.55086,1.66483,1.78348,1.90674,2.03453,2.16674,2.30325,2.44394,2.58867,2.7373,2.88967,3.04562,3.205,3.36762,3.53333,3.70195,3.87332,4.04725,4.2236,4.40219,4.58287,4.76549,4.94989,5.13594,5.3235,5.51245,5.70265,5.89401,6.0864,6.27974,6.47392,6.66886,6.86449,7.06073,7.25751,7.45477,7.65246,7.85053,8.04893,8.24763,8.44657,8.64575,8.84511,9.04464,9.24432,9.44413,9.64404,9.84405,10.0441,10.2443,10.4445,10.6448,10.8451,11.0454,11.2458,11.4462,11.6466,11.847,12.0475,12.2479,12.4484,12.6489,12.8494
0.757576,0.0178729,0.0214033,0.0255332,0.030345,0.0359292,0.0423843,0.0498171,0.058343,0.0680856,0.0791767,0.0917562,0.105972,0.121978,0.139935,0.160011,0.182377,0.207209,0.234686,0.264986,0.29829,0.334778,0.374624,0.418002,0.465078,0.516012,0.570954,0.630045,0.693414,0.76118,0.833444,0.910296,0.99181,1.07804,1.16904,1.26482,1.36538,1.47072,1.5808,1.6956,1.81504,1.93904,2.06753,2.20039,2.33751,2.47876,2.62401,2.77311,2.92591,3.08225,3.24196,3.40489,3.57087,3.73972,3.91129,4.0854,4.26189,4.4406,4.62137,4.80406,4.98852,5.17461,5.36219,5.55115,5.74135,5.9327,6.12507,6.31838,6.51254,6.70745,6.90304,7.09924,7.29599,7.49321,7.69086,7.88889,8.08725,8.2859,8.48481,8.68394,8.88327,9.08277,9.28242,9.48219,9.68207,9.88205,10.0821,10.2822,10.4824,10.6826,10.8829,11.0832,11.2836,11.484,11.6843,11.8848,12.0852,12.2856,12.4861,12.6865,12.887
0.767677,0.0193302,0.0230898,0.0274769,0.032576,0.0384797,0.0452884,0.0531108,0.0620639,0.072273,0.0838711,0.0969992,0.111806,0.128445,0.147079,0.167874,0.191001,0.216634,0.244951,0.276128,0.310345,0.347776,0.388596,0.432972,0.481067,0.533037,0.589028,0.649176,0.713607,0.782432,0.855751,0.933647,1.01619,1.10343,1.19541,1.29215,1.39364,1.49987,1.61082,1.72643,1.84664,1.97139,2.10056,2.23406,2.37178,2.51359,2.65934,2.80891,2.96212,3.11884,3.2789,3.44213,3.60837,3.77745,3.94922,4.12349,4.30013,4.47895,4.65982,4.84258,5.0271,5.21322,5.40083,5.5898,5.78001,5.97135,6.16371,6.357,6.55113,6.74601,6.94157,7.13773,7.33443,7.53162,7.72923,7.92722,8.12554,8.32415,8.52302,8.72212,8.92141,9.12087,9.32048,9.52022,9.72007,9.92002,10.12,10.3201,10.5203,10.7205,10.9208,11.121,11.3214,11.5217,11.7221,11.9225,12.1229,12.3233,12.5237,12.7241,12.9246
0.777778,0.0208682,0.0248654,0.0295185,0.0349141,0.0411467,0.0483185,0.0565402,0.0659304,0.0766155,0.0887301,0.102416,0.117822,0.135103,0.154421,0.175941,0.199835,0.226274,0.255435,0.287492,0.322622,0.360998,0.402789,0.44816,0.497271,0.550272,0.607306,0.668504,0.733988,0.803864,0.878227,0.957156,1.04072,1.12896,1.22191,1.3196,1.422,1.52911,1.6409,1.75732,1.8783,2.00376,2.13362,2.26775,2.40606,2.54841,2.69467,2.84469,2.99832,3.15541,3.3158,3.47933,3.64583,3.81515,3.98711,4.16155,4.33832,4.51727,4.69823,4.88107,5.06563,5.2518,5.43944,5.62842,5.81863,6.00996,6.20231,6.39558,6.58968,6.78453,6.98006,7.17618,7.37285,7.57,7.76757,7.96552,8.1638,8.36238,8.56121,8.76027,8.95952,9.15895,9.35853,9.55823,9.75805,9.95797,10.158,10.358,10.5582,10.7583,10.9586,11.1588,11.3591,11.5594,11.7598,11.9602,12.1605,12.3609,12.5613,12.7617,12.9622
0.787879,0.0224891,0.0267323,0.0316602,0.0373614,0.0439321,0.0514766,0.0601071,0.0699438,0.0811145,0.0937546,0.108007,0.124021,0.141952,0.16196,0.184213,0.208878,0.236128,0.266136,0.299076,0.335121,0.37444,0.417201,0.463565,0.513687,0.567715,0.625785,0.688026,0.754554,0.825472,0.900869,0.980821,1.06539,1.15462,1.24853,1.34715,1.45046,1.55844,1.67106,1.78827,1.91001,2.03618,2.1667,2.30146,2.44035,2.58323,2.72998,2.88045,3.0345,3.19196,3.35268,3.5165,3.68326,3.8528,4.02495,4.19956,4.37648,4.55554,4.73659,4.9195,5.10413,5.29034,5.478,5.66699,5.85721,6.04853,6.24087,6.43412,6.6282,6.82302,7.01851,7.21461,7.41124,7.60835,7.80588,8.00379,8.20204,8.40058,8.59937,8.79839,8.99761,9.19701,9.39655,9.59622,9.79601,9.99589,10.1959,10.3959,10.596,10.7962,10.9964,11.1966,11.3969,11.5972,11.7975,11.9978,12.1982,12.3985,12.5989,12.7993,12.9997
0.79798,0.024195,0.0286926,0.033904,0.0399197,0.0468379,0.0547644,0.0638131,0.0741056,0.085771,0.0989456,0.113773,0.130403,0.148991,0.169697,0.192688,0.21813,0.246194,0.277053,0.310877,0.347837,0.3881,0.431829,0.479183,0.530313,0.585361,0.644462,0.707739,0.775303,0.847252,0.923674,1.00464,1.0902,1.1804,1.27527,1.37481,1.47901,1.58785,1.70129,1.81928,1.94176,2.06863,2.19981,2.33519,2.47464,2.61806,2.76529,2.91621,3.07065,3.22848,3.38952,3.55363,3.72065,3.89041,4.06276,4.23754,4.41459,4.59376,4.77491,4.9579,5.14258,5.32883,5.51652,5.70553,5.89575,6.08707,6.27939,6.47263,6.66668,6.86148,7.05694,7.253,7.4496,7.64667,7.84417,8.04204,8.24025,8.43875,8.63751,8.83649,9.03568,9.23504,9.43455,9.63419,9.83394,10.0338,10.2337,10.4337,10.6338,10.8339,11.0341,11.2343,11.4346,11.6348,11.8351,12.0355,12.2358,12.4361,12.6365,12.8369,13.0372
0.808081,0.0259878,0.0307482,0.0362519,0.0425911,0.0498657,0.0581835,0.0676596,0.0784171,0.0905861,0.104304,0.119715,0.136968,0.15622,0.177631,0.201365,0.227589,0.256472,0.288184,0.322894,0.36077,0.401975,0.446671,0.495012,0.547145,0.603209,0.663334,0.727638,0.79623,0.869203,0.946638,1.0286,1.11515,1.20631,1.30212,1.40257,1.50765,1.61733,1.73158,1.85035,1.97356,2.10112,2.23295,2.36893,2.50895,2.65288,2.8006,2.95195,3.10679,3.26497,3.42634,3.59074,3.75801,3.92799,4.10053,4.27547,4.45266,4.63195,4.81319,4.99625,5.18099,5.36728,5.555,5.74403,5.93425,6.12557,6.31788,6.5111,6.70513,6.8999,7.09534,7.29137,7.48793,7.68496,7.88243,8.08026,8.27843,8.47689,8.67562,8.87457,9.07372,9.27304,9.47252,9.67213,9.87185,10.0717,10.2716,10.4716,10.6716,10.8717,11.0719,11.272,11.4723,11.6725,11.8728,12.0731,12.2734,12.4737,12.674,12.8744,13.0747
0.818182,0.0278695,0.0329012,0.0387057,0.0453773,0.0530175,0.0617355,0.0716482,0.0828796,0.095561,0.109831,0.125833,0.143718,0.163641,0.185762,0.210245,0.237255,0.26696,0.299528,0.335125,0.373916,0.416064,0.461724,0.511049,0.56418,0.621254,0.682397,0.747722,0.817332,0.891319,0.969758,1.05271,1.14023,1.23235,1.32909,1.43043,1.53637,1.64689,1.76195,1.88147,2.0054,2.13364,2.26611,2.40268,2.54326,2.68771,2.83589,2.98767,3.14291,3.30144,3.46313,3.62781,3.79533,3.96553,4.13826,4.31336,4.49069,4.67009,4.85143,5.03457,5.21936,5.4057,5.59344,5.78249,5.97272,6.16404,6.35634,6.54954,6.74355,6.9383,7.1337,7.3297,7.52623,7.72323,7.92065,8.11845,8.31659,8.51502,8.7137,8.91262,9.11173,9.31102,9.51047,9.71004,9.90973,10.1095,10.3094,10.5094,10.7094,10.9094,11.1096,11.3097,11.5099,11.7101,11.9104,12.1107,12.3109,12.5112,12.7116,12.9119,13.1122
0.828283,0.0298422,0.0351534,0.0412674,0.0482801,0.0562947,0.065422,0.0757801,0.0874942,0.100697,0.115526,0.132127,0.150651,0.171252,0.194089,0.219326,0.247126,0.277657,0.311082,0.347567,0.387275,0.430363,0.476986,0.52729,0.581416,0.639495,0.701648,0.767985,0.838607,0.913598,0.993032,1.07697,1.16545,1.25851,1.35616,1.45839,1.56519,1.67653,1.79237,1.91265,2.03728,2.1662,2.29929,2.43646,2.57758,2.72253,2.87118,3.02339,3.17901,3.33789,3.49989,3.66485,3.83262,4.00304,4.17595,4.35122,4.52868,4.7082,4.88963,5.07284,5.25769,5.44407,5.63185,5.82091,6.01115,6.20246,6.39476,6.58794,6.78194,6.97666,7.17203,7.368,7.5645,7.76147,7.95886,8.15662,8.35472,8.55311,8.75176,8.95064,9.14972,9.34898,9.54839,9.74794,9.9476,10.1474,10.3472,10.5471,10.7471,10.9472,11.1473,11.3474,11.5476,11.7478,11.948,12.1482,12.3485,12.5488,12.7491,12.9494,13.1497
0.838384,0.0319076,0.0375067,0.0439387,0.0513012,0.0596991,0.0692444,0.0800566,0.092262,0.105994,0.121391,0.138599,0.157768,0.179053,0.202612,0.228607,0.257202,0.28856,0.322846,0.36022,0.400843,0.444871,0.492453,0.543734,0.598849,0.657927,0.721084,0.788427,0.860051,0.936037,1.01646,1.10136,1.1908,1.28479,1.38334,1.48645,1.59409,1.70625,1.82286,1.94387,2.06921,2.19878,2.3325,2.47024,2.6119,2.75735,2.90646,3.05909,3.21509,3.37432,3.53663,3.70187,3.86987,4.04051,4.21361,4.38903,4.56663,4.74626,4.92779,5.11107,5.29598,5.4824,5.67021,5.85929,6.04954,6.24086,6.43314,6.62632,6.82029,7.01499,7.21034,7.40627,7.60274,7.79967,7.99703,8.19476,8.39282,8.59118,8.7898,8.98864,9.18769,9.38691,9.58629,9.7858,9.98543,10.1852,10.385,10.5849,10.7848,10.9849,11.1849,11.385,11.5852,11.7854,11.9856,12.1858,12.386,12.5863,12.7865,12.9868,13.1871
0.848485,0.0340677,0.0399629,0.0467214,0.0544423,0.0632321,0.0732041,0.084479,0.097184,0.111453,0.127426,0.145247,0.165068,0.187043,0.21133,0.238089,0.267481,0.29967,0.334816,0.37308,0.414619,0.459584,0.508123,0.560377,0.616477,0.676547,0.740702,0.809042,0.88166,0.958634,1.04003,1.12589,1.21627,1.31118,1.41063,1.51459,1.62307,1.73603,1.85341,1.97515,2.10118,2.2314,2.36573,2.50404,2.64624,2.79218,2.94174,3.09478,3.25115,3.41073,3.57334,3.73885,3.9071,4.07794,4.25123,4.42681,4.60454,4.78429,4.96591,5.14926,5.33424,5.5207,5.70854,5.89764,6.0879,6.27921,6.47149,6.66465,6.85861,7.05328,7.24861,7.44451,7.64095,7.83785,8.03517,8.23287,8.4309,8.62922,8.8278,9.02662,9.22563,9.42482,9.62417,9.82365,10.0232,10.2229,10.4227,10.6226,10.8225,11.0225,11.2226,11.4227,11.6228,11.8229,12.0231,12.2233,12.4235,12.6238,12.824,13.0243,13.2245
0.858586,0.0363242,0.0425237,0.0496171,0.0577049,0.0668951,0.0773024,0.0890484,0.102261,0.117075,0.133631,0.152074,0.172553,0.195224,0.220243,0.247769,0.277962,0.310984,0.346993,0.386147,0.4286,0.474501,0.523994,0.577216,0.634296,0.695354,0.760499,0.829829,0.903433,0.981384,1.06374,1.15056,1.24187,1.33768,1.43801,1.54284,1.65214,1.76588,1.88402,2.00648,2.13319,2.26405,2.39898,2.53786,2.68057,2.827,2.977,3.13045,3.2872,3.44711,3.61002,3.7758,3.94429,4.11534,4.28881,4.46455,4.64242,4.82227,5.00398,5.18742,5.37245,5.55896,5.74683,5.93595,6.12621,6.31753,6.50981,6.70296,6.89689,7.09155,7.28685,7.48273,7.67913,7.876,8.07329,8.27095,8.46895,8.66724,8.86579,9.06456,9.26355,9.4627,9.66202,9.86147,10.061,10.2607,10.4605,10.6603,10.8602,11.0602,11.2602,11.4603,11.6603,11.8605,12.0606,12.2608,12.461,12.6612,12.8614,13.0617,13.2619
0.868687,0.038679,0.045191,0.0526274,0.0610906,0.0706897,0.0815405,0.0937657,0.107494,0.122861,0.140007,0.159077,0.180222,0.203594,0.229349,0.257647,0.288644,0.322501,0.359374,0.399418,0.442784,0.489619,0.540063,0.59425,0.652304,0.714343,0.780472,0.850785,0.925366,1.00429,1.0876,1.17536,1.26759,1.3643,1.4655,1.57117,1.68128,1.79581,1.91469,2.03786,2.16523,2.29673,2.43225,2.57169,2.71492,2.86182,3.01227,3.16612,3.32323,3.48347,3.64668,3.81273,3.98145,4.15271,4.32636,4.50225,4.68025,4.86022,5.04203,5.22553,5.41062,5.59718,5.78508,5.97422,6.1645,6.35582,6.54809,6.74123,6.93515,7.12978,7.32505,7.52091,7.71728,7.91412,8.11138,8.30901,8.50697,8.70523,8.90374,9.10249,9.30144,9.50056,9.69985,9.89926,10.0988,10.2984,10.4982,10.698,10.8979,11.0978,11.2978,11.4978,11.6979,11.898,12.0981,12.2983,12.4984,12.6986,12.8988,13.0991,13.2993
0.878788,0.0411337,0.0479662,0.0557541,0.0646009,0.074617,0.0859196,0.0986321,0.112884,0.128811,0.146555,0.166259,0.188074,0.212152,0.238649,0.267721,0.299526,0.334219,0.371956,0.41289,0.457168,0.504935,0.556327,0.611474,0.670499,0.733513,0.800618,0.871906,0.947457,1.02734,1.1116,1.20028,1.29342,1.39103,1.49309,1.59958,1.7105,1.8258,1.94541,2.06928,2.19732,2.32944,2.46555,2.60553,2.74927,2.89664,3.04752,3.20177,3.35924,3.51981,3.68332,3.84962,4.01858,4.19004,4.36387,4.53992,4.71805,4.89813,5.08003,5.26361,5.44876,5.63536,5.82329,6.01245,6.20275,6.39407,6.58634,6.77946,6.97337,7.16798,7.36323,7.55906,7.75541,7.95222,8.14944,8.34704,8.54497,8.74319,8.94167,9.14039,9.3393,9.5384,9.73765,9.93704,10.1365,10.3362,10.5359,10.7356,10.9355,11.1354,11.3354,11.5354,11.7354,11.9355,12.1356,12.3357,12.5359,12.736,12.9362,13.1364,13.3366
0.888889,0.0436901,0.0508511,0.0589985,0.068237,0.0786784,0.0904408,0.103648,0.118432,0.134926,0.153273,0.173618,0.196109,0.220899,0.248141,0.277992,0.310605,0.346137,0.38474,0.426563,0.471752,0.520448,0.572784,0.628888,0.688877,0.75286,0.820935,0.893191,0.969702,1.05053,1.13573,1.22534,1.31938,1.41786,1.52077,1.62809,1.7398,1.85586,1.9762,2.10075,2.22944,2.36218,2.49887,2.63939,2.78363,2.93146,3.08277,3.23741,3.39524,3.55613,3.71992,3.88649,4.05568,4.22735,4.40135,4.57755,4.75582,4.93601,5.11799,5.30165,5.48686,5.6735,5.86147,6.05065,6.24096,6.43229,6.62455,6.81767,7.01156,7.20615,7.40138,7.59718,7.7935,7.99028,8.18748,8.38504,8.58294,8.78113,8.97958,9.17826,9.37714,9.57621,9.77543,9.97479,10.1743,10.3738,10.5735,10.7733,10.9731,11.173,11.3729,11.5729,11.7729,11.973,12.1731,12.3732,12.5733,12.7734,12.9736,13.1738,13.3739
0.89899,0.0463497,0.0538472,0.0623621,0.0720005,0.0828751,0.095105,0.108815,0.124137,0.141206,0.160164,0.181155,0.204328,0.229833,0.257825,0.288457,0.321882,0.358253,0.397721,0.440433,0.486532,0.536154,0.589432,0.646487,0.707435,0.772381,0.84142,0.914635,0.992099,1.07387,1.16,1.25052,1.34545,1.4448,1.54854,1.65668,1.76917,1.88598,2.00703,2.13227,2.2616,2.39495,2.5322,2.67325,2.81799,2.96628,3.11801,3.27303,3.43122,3.59242,3.75651,3.92333,4.09275,4.26462,4.4388,4.61515,4.79355,4.97384,5.15592,5.33966,5.52492,5.71161,5.89961,6.08882,6.27914,6.47047,6.66273,6.85584,7.04972,7.24429,7.4395,7.63528,7.83157,8.02832,8.22548,8.42302,8.62088,8.81904,9.01746,9.21611,9.41496,9.61399,9.81318,10.0125,10.212,10.4115,10.6112,10.8109,11.0107,11.2105,11.4105,11.6104,11.8104,12.0104,12.2105,12.4106,12.6107,12.8108,13.0109,13.2111,13.4112
0.909091,0.0491141,0.056956,0.0658463,0.0758924,0.0872081,0.0999134,0.114134,0.130001,0.147652,0.167226,0.188869,0.212729,0.238955,0.2677,0.299115,0.333354,0.370566,0.4109,0.4545,0.501506,0.552053,0.606267,0.66427,0.726172,0.792074,0.862069,0.936237,1.01464,1.09735,1.1844,1.27582,1.37163,1.47183,1.57641,1.68535,1.79862,1.91616,2.03792,2.16383,2.2938,2.42774,2.56556,2.70713,2.85236,3.0011,3.15324,3.30865,3.46718,3.6287,3.79307,3.96015,4.12979,4.30186,4.47621,4.65271,4.83124,5.01165,5.19382,5.37762,5.56295,5.74968,5.93772,6.12695,6.31728,6.50862,6.70088,6.89398,7.08784,7.2824,7.47759,7.67334,7.8696,8.06633,8.26346,8.46097,8.6588,8.85693,9.05531,9.25393,9.45275,9.65175,9.85091,10.0502,10.2496,10.4492,10.6488,10.8485,11.0482,11.2481,11.448,11.6479,11.8479,12.0479,12.2479,12.448,12.648,12.8481,13.0482,13.2484,13.4485
0.919192,0.0519849,0.0601789,0.0694525,0.0799141,0.0916786,0.104867,0.119605,0.136025,0.154263,0.17446,0.196761,0.221312,0.248263,0.277764,0.309967,0.345021,0.383074,0.424274,0.468761,0.516672,0.56814,0.623288,0.682234,0.745084,0.811937,0.882881,0.957993,1.03734,1.12097,1.20893,1.30124,1.39792,1.49897,1.60437,1.7141,1.82813,1.9464,2.06886,2.19543,2.32603,2.46056,2.59893,2.74103,2.88673,3.03592,3.18847,3.34425,3.50313,3.66496,3.82961,3.99693,4.1668,4.33906,4.51359,4.69024,4.86889,5.04941,5.23167,5.41555,5.60094,5.78772,5.97579,6.16504,6.35539,6.54673,6.73899,6.93208,7.12594,7.32048,7.51564,7.71137,7.90761,8.10431,8.30142,8.49889,8.69669,8.89479,9.09314,9.29173,9.49052,9.68949,9.88862,10.0879,10.2873,10.4868,10.6864,10.886,11.0858,11.2856,11.4854,11.6854,11.8853,12.0853,12.2853,12.4853,12.6854,12.8854,13.0855,13.2856,13.4858
0.929293,0.0549635,0.0635173,0.0731819,0.0840667,0.0962876,0.109966,0.125229,0.142208,0.16104,0.181866,0.20483,0.230077,0.257757,0.288018,0.321009,0.35688,0.395776,0.437841,0.483214,0.532029,0.584415,0.640493,0.700376,0.764169,0.831967,0.903853,0.979902,1.06017,1.14472,1.23358,1.32678,1.42432,1.52621,1.63241,1.74293,1.85771,1.97671,2.09986,2.22708,2.35829,2.49341,2.63232,2.77493,2.92111,3.07074,3.22369,3.37985,3.53906,3.7012,3.86612,4.0337,4.20378,4.37624,4.55094,4.72774,4.90652,5.08714,5.26949,5.45345,5.63889,5.82572,6.01382,6.2031,6.39346,6.58481,6.77707,6.97016,7.164,7.35852,7.55367,7.74938,7.94559,8.14226,8.33934,8.53678,8.73456,8.93262,9.13095,9.3295,9.52826,9.7272,9.9263,10.1255,10.3249,10.5244,10.7239,10.9236,11.1233,11.3231,11.5229,11.7228,11.9227,12.1227,12.3226,12.5227,12.7227,12.9227,13.1228,13.3229,13.523
0.939394,0.0580514,0.0669727,0.0770358,0.0883513,0.101036,0.115212,0.131006,0.148551,0.167984,0.189444,0.213075,0.239023,0.267435,0.298459,0.332242,0.368931,0.408669,0.451599,0.497856,0.547573,0.600874,0.657878,0.718694,0.783425,0.85216,0.924982,1.00196,1.08315,1.16861,1.25836,1.35243,1.45083,1.55354,1.66055,1.77184,1.88736,2.00707,2.1309,2.25876,2.39059,2.52628,2.66573,2.80884,2.95549,3.10555,3.25891,3.41543,3.57497,3.73741,3.90261,4.07043,4.24073,4.41339,4.58825,4.7652,4.94411,5.12484,5.30728,5.49131,5.67681,5.86369,6.05182,6.24113,6.4315,6.62286,6.81512,7.0082,7.20203,7.39654,7.59167,7.78735,7.98354,8.18019,8.37724,8.57465,8.7724,8.97043,9.16872,9.36725,9.56598,9.76489,9.96396,10.1632,10.3625,10.5619,10.7615,10.9611,11.1608,11.3605,11.5603,11.7602,11.9601,12.16,12.36,12.56,12.76,12.96,13.1601,13.3601,13.5602
0.949495,0.06125,0.0705461,0.0810153,0.092769,0.105925,0.120605,0.136937,0.155055,0.175094,0.197194,0.221498,0.24815,0.277298,0.309087,0.343663,0.381171,0.421753,0.465547,0.512687,0.563303,0.617516,0.675441,0.737186,0.802848,0.872515,0.946265,1.02417,1.10627,1.19262,1.28326,1.37819,1.47744,1.58096,1.68877,1.80082,1.91708,2.03749,2.16199,2.29049,2.42292,2.55918,2.69916,2.84277,2.98988,3.14037,3.29412,3.451,3.61087,3.77361,3.93908,4.10714,4.27766,4.4505,4.62554,4.80263,4.98166,5.1625,5.34503,5.52913,5.7147,5.90162,6.08979,6.27912,6.46951,6.66087,6.85313,7.04621,7.24003,7.43452,7.62963,7.8253,8.02146,8.21808,8.41511,8.61249,8.81021,9.00821,9.20648,9.40497,9.60367,9.80255,10.0016,10.2008,10.4001,10.5995,10.799,10.9986,11.1983,11.398,11.5978,11.7976,11.9975,12.1974,12.3973,12.5973,12.7973,12.9973,13.1973,13.3973,13.5974
0.959596,0.0645605,0.074239,0.0851216,0.0973207,0.110954,0.126146,0.143023,0.161719,0.18237,0.205115,0.230096,0.257458,0.287345,0.319901,0.355273,0.393601,0.435025,0.479683,0.527705,0.579217,0.634338,0.693181,0.755849,0.822437,0.89303,0.967701,1.04652,1.12952,1.21677,1.30828,1.40407,1.50414,1.60848,1.71707,1.82988,1.94687,2.06797,2.19313,2.32226,2.45528,2.5921,2.73261,2.8767,3.02427,3.17518,3.32932,3.48656,3.64676,3.80979,3.97553,4.14383,4.31456,4.48759,4.66279,4.84003,5.01918,5.20013,5.38275,5.56692,5.75255,5.93951,6.12772,6.31707,6.50748,6.69886,6.89112,7.08419,7.278,7.47248,7.66757,7.86322,8.05936,8.25595,8.45295,8.65031,8.84799,9.04597,9.2442,9.44267,9.64134,9.84019,10.0392,10.2383,10.4376,10.637,10.8365,11.0361,11.2357,11.4354,11.6352,11.835,12.0348,12.2347,12.4346,12.6345,12.8345,13.0345,13.2345,13.4345,13.6345
0.969697,0.0679844,0.0780525,0.0893557,0.102007,0.116126,0.131836,0.149264,0.168545,0.189813,0.213207,0.23887,0.266945,0.297573,0.330901,0.367068,0.406217,0.448485,0.494005,0.542906,0.595312,0.651338,0.711094,0.774681,0.842189,0.913701,0.989287,1.06901,1.15291,1.24104,1.33342,1.43006,1.53095,1.63609,1.74545,1.85901,1.97671,2.0985,2.22431,2.35406,2.48767,2.62504,2.76607,2.91065,3.05866,3.20999,3.36451,3.5221,3.68263,3.84595,4.01195,4.18049,4.35143,4.52465,4.70001,4.87739,5.05667,5.23772,5.42043,5.60468,5.79036,5.97738,6.16562,6.355,6.54542,6.73681,6.92907,7.12214,7.31594,7.51041,7.70548,7.9011,8.09722,8.29379,8.49076,8.68809,8.88575,9.0837,9.2819,9.48034,9.67898,9.8778,10.0768,10.2759,10.4752,10.6745,10.874,11.0735,11.2731,11.4728,11.6725,11.8723,12.0721,12.272,12.4719,12.6718,12.8717,13.0717,13.2717,13.4716,13.6717
0.979798,0.0715228,0.0819877,0.0937188,0.10683,0.121441,0.137675,0.155661,0.175531,0.197422,0.221471,0.24782,0.27661,0.307984,0.342083,0.379049,0.419019,0.462129,0.508511,0.55829,0.611586,0.668514,0.729179,0.793679,0.862102,0.934526,1.01102,1.09164,1.17643,1.26544,1.35867,1.45615,1.55786,1.66378,1.77392,1.88821,2.00662,2.12909,2.25554,2.38591,2.52009,2.65801,2.79954,2.9446,3.09306,3.2448,3.3997,3.55764,3.71848,3.8821,4.04835,4.21712,4.38828,4.56168,4.7372,4.91473,5.09413,5.27528,5.45808,5.6424,5.82814,6.0152,6.20348,6.39289,6.58333,6.77472,6.96699,7.16005,7.35384,7.5483,7.74336,7.93896,8.13506,8.3316,8.52855,8.72585,8.92348,9.1214,9.31958,9.51799,9.7166,9.91539,10.1143,10.3134,10.5127,10.712,10.9114,11.1109,11.3105,11.5102,11.7099,11.9096,12.1094,12.3092,12.5091,12.709,12.9089,13.1089,13.3088,13.5088,13.7088
0.989899,0.075177,0.0860458,0.0982116,0.111789,0.126898,0.143663,0.162212,0.182679,0.205197,0.229906,0.256945,0.286454,0.318576,0.353449,0.391214,0.432005,0.475958,0.523199,0.573853,0.628038,0.685864,0.747434,0.812842,0.882173,0.955504,1.0329,1.11441,1.20009,1.28995,1.38404,1.48234,1.58486,1.69157,1.80246,1.91748,2.03659,2.15973,2.28682,2.41779,2.55254,2.69099,2.83304,2.97856,3.12746,3.27961,3.43488,3.59316,3.75432,3.91822,4.08474,4.25374,4.42509,4.59868,4.77437,4.95203,5.13155,5.31281,5.49569,5.68009,5.86589,6.053,6.24131,6.43075,6.6212,6.81261,7.00488,7.19794,7.39172,7.58616,7.78121,7.97679,8.17287,8.36939,8.56631,8.76359,8.96119,9.15908,9.35723,9.55561,9.75419,9.95295,10.1519,10.3509,10.5501,10.7494,10.9488,11.1483,11.3479,11.5475,11.7472,11.9469,12.1467,12.3465,12.5463,12.7462,12.9461,13.146,13.3459,13.5459,13.7459
1,0.078948,0.0902277,0.102835,0.116886,0.1325,0.149802,0.16892,0.189988,0.213139,0.238511,0.266244,0.296476,0.329347,0.364996,0.403561,0.445174,0.489968,0.538068,0.589596,0.644666,0.703385,0.765855,0.832166,0.902401,0.976631,1.05492,1.13732,1.22386,1.31459,1.40952,1.50864,1.61195,1.71944,1.83108,1.94682,2.06662,2.19042,2.31814,2.4497,2.58502,2.724,2.86654,3.01254,3.16187,3.31441,3.47006,3.62868,3.79014,3.95432,4.1211,4.29033,4.46189,4.63565,4.8115,4.9893,5.16894,5.35031,5.53328,5.71774,5.90361,6.09076,6.27911,6.46857,6.65905,6.85046,7.04273,7.23579,7.42957,7.624,7.81903,8.01459,8.21065,8.40715,8.60404,8.8013,8.99887,9.19673,9.39485,9.5932,9.79176,9.99049,10.1894,10.3884,10.5876,10.7869,10.9862,11.1857,11.3852,11.5848,11.7845,11.9842,12.1839,12.3837,12.5835,12.7834,12.9833,13.1831,13.3831,13.583,13.7829
