BSM european put price surface,Time to maturity,Strike,BSM option price
,90,90.202,90.404,90.6061,90.8081,91.0101,91.2121,91.4141,91.6162,91.8182,92.0202,92.2222,92.4242,92.6263,92.8283,93.0303,93.2323,93.4343,93.6364,93.8384,94.0404,94.2424,94.4444,94.6465,94.8485,95.0505,95.2525,95.4545,95.6566,95.8586,96.0606,96.2626,96.4646,96.6667,96.8687,97.0707,97.2727,97.4747,97.6768,97.8788,98.0808,98.2828,98.4848,98.6869,98.8889,99.0909,99.2929,99.4949,99.697,99.899,100.101,100.303,100.505,100.707,100.909,101.111,101.313,101.515,101.717,101.919,102.121,102.323,102.525,102.727,102.929,103.131,103.333,103.535,103.737,103.939,104.141,104.343,104.545,104.747,104.949,105.152,105.354,105.556,105.758,105.96,106.162,106.364,106.566,106.768,106.97,107.172,107.374,107.576,107.778,107.98,108.182,108.384,108.586,108.788,108.99,109.192,109.394,109.596,109.798,110
0,0,0,0,0,0,0,0,0,0,0,0,0,0,0,0,0,0,0,0,0,0,0,0,0,0,0,0,0,0,0,0,0,0,0,0,0,0,0,0,0,0,0,0,0,0,0,0,0,0,0,0.10101,0.30303,0.505051,0.707071,0.909091,1.11111,1.31313,1.51515,1.71717,1.91919,2.12121,2.32323,2.52525,2.72727,2.92929,3.13131,3.33333,3.53535,3.73737,3.93939,4.14141,4.34343,4.54545,4.74747,4.94949,5.15152,5.35354,5.55556,5.75758,5.9596,6.16162,6.36364,6.56566,6.76768,6.9697,7.17172,7.37374,7.57576,7.77778,7.9798,8.18182,8.38384,8.58586,8.78788,8.9899,9.19192,9.39394,9.59596,9.79798,10
0.010101,0,0,0,0,0,0,0,0,0,0,0,0,0,0,0,4.26326e-14,1.56319e-13,7.67386e-13,3.46745e-12,1.47509e-11,6.00551e-11,2.33314e-10,8.65427e-10,3.06616e-09,1.03804e-08,3.35949e-08,1.03982e-07,3.07936e-07,8.72938e-07,2.36991e-06,6.16479e-06,1.53732e-05,3.67703e-05,8.44034e-05,0.000186039,0.000393996,0.000802241,0.00157159,0.0029642,0.00538694,0.0094406,0.0159683,0.0260927,0.0412302,0.0630673,0.0934925,0.134479,0.187926,0.255488,0.338397,0.437335,0.552348,0.682855,0.827709,0.985335,1.15389,1.33145,1.51613,1.70624,1.90032,2.09721,2.29601,2.49605,2.69688,2.89819,3.09978,3.30153,3.50336,3.70523,3.90713,4.10904,4.31095,4.51287,4.71479,4.9167,5.11862,5.32054,5.52246,5.72438,5.92629,6.12821,6.33013,6.53205,6.73397,6.93589,7.1378,7.33972,7.54164,7.74356,7.94548,8.14739,8.34931,8.55123,8.75315,8.95507,9.15699,9.3589,9.56082,9.76274,9.96466
0.020202,1.42109e-14,2.84217e-14,7.10543e-14,2.55795e-13,8.2423e-13,2.45848e-12,7.17648e-12,2.05063e-11,5.70566e-11,1.54856e-10,4.09898e-10,1.0583e-09,2.66576e-09,6.55248e-09,1.572e-08,3.68175e-08,8.41972e-08,1.88052e-07,4.10286e-07,8.7462e-07,1.82209e-06,3.71055e-06,7.3879e-06,1.43853e-05,2.7399e-05,5.10591e-05,9.31195e-05,0.000166245,0.000290608,0.000497547,0.000834542,0.00137174,0.00221021,0.00349192,0.00541127,0.00822773,0.0122787,0.0179915,0.0258932,0.0366157,0.0508962,0.0695689,0.0935495,0.12381,0.161345,0.207132,0.262087,0.327019,0.402585,0.489263,0.587315,0.696767,0.817436,0.948911,1.09059,1.24173,1.40146,1.56884,1.7429,1.92269,2.1073,2.29588,2.48768,2.68204,2.87838,3.07625,3.27527,3.47513,3.67561,3.87651,4.07773,4.27915,4.48071,4.68237,4.88408,5.08584,5.28762,5.48941,5.69122,5.89303,6.09484,6.29665,6.49847,6.70028,6.9021,7.10391,7.30573,7.50755,7.70936,7.91118,8.11299,8.31481,8.51663,8.71844,8.92026,9.12208,9.32389,9.52571,9.72752,9.92934
0.030303,1.30854e-10,2.96964e-10,6.62155e-10,1.45087e-09,3.1244e-09,6.61346e-09,1.37618e-08,2.81559e-08,5.66462e-08,1.12083e-07,2.18143e-07,4.17669e-07,7.86827e-07,1.45862e-06,2.66126e-06,4.77942e-06,8.45031e-06,1.4711e-05,2.52204e-05,4.25862e-05,7.08366e-05,0.000116089,0.00018747,0.000298373,0.000468101,0.000724016,0.00110423,0.00166093,0.00246434,0.00360735,0.0052107,0.00742859,0.0104546,0.0145273,0.0199357,0.0270233,0.0361913,0.0478988,0.0626616,0.0810473,0.103667,0.131166,0.164207,0.203454,0.249554,0.303117,0.364692,0.434754,0.513683,0.60175,0.699112,0.805783,0.921681,1.04659,1.18017,1.32201,1.4716,1.62836,1.7917,1.96097,2.13553,2.31475,2.49801,2.68475,2.87444,3.06659,3.26078,3.45664,3.65384,3.85212,4.05124,4.25102,4.45131,4.65198,4.85294,5.05412,5.25545,5.4569,5.65842,5.86001,6.06164,6.2633,6.46497,6.66666,6.86836,7.07006,7.27177,7.47348,7.67519,7.87691,8.07862,8.28033,8.48205,8.68376,8.88548,9.08719,9.2889,9.49062,9.69233,9.89405
0.040404,1.91637e-08,3.58257e-08,6.61019e-08,1.20389e-07,2.16449e-07,3.84211e-07,6.73407e-07,1.16553e-06,1.99232e-06,3.36377e-06,5.61019e-06,9.24396e-06,1.50494e-05,2.42106e-05,3.84918e-05,6.04864e-05,9.39557e-05,0.000144283,0.000219071,0.000328914,0.000488386,0.000717261,0.00104203,0.0014977,0.00212995,0.00299755,0.00417518,0.00575645,0.0078571,0.0106184,0.0142104,0.0188352,0.0247291,0.0321656,0.0414556,0.0529484,0.0670301,0.0841211,0.104672,0.129158,0.158071,0.191912,0.231178,0.276357,0.327908,0.386258,0.451785,0.524812,0.605594,0.694317,0.791089,0.89592,1.00877,1.12949,1.25789,1.39367,1.53651,1.68601,1.84175,2.00327,2.17011,2.34178,2.5178,2.6977,2.88103,3.06738,3.25633,3.44753,3.64064,3.83536,4.03144,4.22864,4.42675,4.62562,4.8251,5.02506,5.2254,5.42605,5.62693,5.828,6.02921,6.23052,6.43191,6.63337,6.83486,7.03639,7.23795,7.43952,7.6411,7.84269,8.04429,8.2459,8.4475,8.64911,8.85072,9.05233,9.25394,9.45555,9.65717,9.85878
0.0505051,4.07759e-07,6.78352e-07,1.11682e-06,1.81983e-06,2.93516e-06,4.68625e-06,7.40714e-06,1.15917e-05,1.79618e-05,2.75614e-05,4.18833e-05,6.30385e-05,9.39804e-05,0.000138795,0.000203076,0.000294393,0.000422887,0.000601991,0.000849309,0.00118767,0.00164633,0.00226245,0.00308262,0.00416475,0.0055799,0.00741447,0.00977227,0.0127767,0.0165728,0.0213294,0.0272404,0.0345263,0.0434348,0.0542413,0.0672477,0.0827816,0.101193,0.122854,0.148148,0.177474,0.211232,0.249822,0.293635,0.343044,0.398401,0.460025,0.528197,0.603157,0.685093,0.774143,0.870389,0.973842,1.08447,1.20219,1.32685,1.45825,1.59615,1.74025,1.89026,2.04582,2.20657,2.37213,2.54212,2.71616,2.89387,3.07489,3.25885,3.44543,3.63431,3.8252,4.01784,4.21198,4.40741,4.60393,4.80138,4.99959,5.19845,5.39783,5.59765,5.79783,5.99829,6.19898,6.39985,6.60087,6.802,7.00322,7.20452,7.40586,7.60725,7.80867,8.01011,8.21157,8.41305,8.61453,8.81602,9.01752,9.21902,9.42053,9.62203,9.82354
0.0606061,3.2661e-06,5.02586e-06,7.66741e-06,1.15978e-05,1.73951e-05,2.5872e-05,3.81612e-05,5.58256e-05,8.10025e-05,0.000116587,0.000166463,0.000235798,0.000331397,0.000462142,0.000639524,0.000878266,0.00119707,0.00161945,0.00217474,0.00289919,0.00383715,0.00504243,0.00657972,0.00852604,0.0109723,0.0140248,0.0178066,0.0224589,0.0281424,0.0350378,0.0433467,0.0532917,0.0651161,0.0790833,0.0954752,0.114591,0.136742,0.162255,0.19146,0.224692,0.262285,0.304568,0.351855,0.404448,0.462624,0.526635,0.596703,0.673014,0.755715,0.844917,0.940684,1.04303,1.15193,1.26732,1.3891,1.5171,1.65116,1.79104,1.93651,2.08729,2.24309,2.40362,2.56855,2.73758,2.91037,3.08662,3.26602,3.44827,3.63307,3.82017,4.00931,4.20025,4.39276,4.58666,4.78175,4.97788,5.17489,5.37266,5.57107,5.77002,5.96942,6.1692,6.3693,6.56965,6.77021,6.97095,7.17183,7.37282,7.5739,7.77505,7.97626,8.17752,8.37881,8.58013,8.78147,8.98283,9.18419,9.38557,9.58696,9.78835
0.0707071,1.4866e-05,2.16326e-05,3.1249e-05,4.48129e-05,6.38025e-05,9.01922e-05,0.000126597,0.000176454,0.000244243,0.000335755,0.000458417,0.000621681,0.000837473,0.00112073,0.00149,0.00196814,0.00258309,0.00336875,0.0043659,0.0056232,0.0071983,0.0091589,0.0115839,0.0145645,0.0182054,0.0226255,0.027959,0.0343562,0.0419838,0.0510251,0.0616802,0.0741656,0.0887132,0.105569,0.124993,0.147255,0.172634,0.201415,0.233885,0.270331,0.311035,0.356273,0.406308,0.461387,0.521739,0.587569,0.659057,0.736356,0.819584,0.908832,1.00416,1.10557,1.21304,1.32655,1.44599,1.57126,1.7022,1.83864,1.98039,2.12722,2.2789,2.43519,2.59581,2.7605,2.92899,3.10101,3.27629,3.45455,3.63555,3.81903,4.00476,4.1925,4.38206,4.57322,4.76582,4.95967,5.15462,5.35053,5.54729,5.74476,5.94286,6.14149,6.34058,6.54004,6.73984,6.9399,7.14019,7.34068,7.54132,7.74208,7.94296,8.14392,8.34495,8.54604,8.74717,8.94835,9.14955,9.35077,9.55201,9.75327
0.0808081,4.73262e-05,6.60332e-05,9.15479e-05,0.00012612,0.000172662,0.000234914,0.000317649,0.00042691,0.000570297,0.000757297,0.000999674,0.0013119,0.00171168,0.00222049,0.00286419,0.00367376,0.00468598,0.00594427,0.00749946,0.00941071,0.0117463,0.0145847,0.018015,0.022138,0.0270671,0.0329284,0.0398613,0.0480192,0.057569,0.0686913,0.0815799,0.0964413,0.113493,0.132965,0.155092,0.180121,0.208298,0.239878,0.27511,0.314245,0.357525,0.405185,0.457449,0.514526,0.576608,0.643866,0.716453,0.794494,0.878092,0.96732,1.06223,1.16283,1.2691,1.38102,1.49851,1.62149,1.74983,1.88339,2.022,2.1655,2.31367,2.46631,2.62321,2.78412,2.94882,3.11706,3.28862,3.46324,3.64071,3.8208,4.00328,4.18794,4.37458,4.56302,4.75307,4.94456,5.13734,5.33127,5.52621,5.72204,5.91865,6.11594,6.31383,6.51223,6.71107,6.9103,7.10984,7.30967,7.50973,7.70998,7.91041,8.11097,8.31165,8.51243,8.71329,8.91421,9.11519,9.31622,9.51728,9.71837
0.0909091,0.000118385,0.000159851,0.000214624,0.000286556,0.000380481,0.000502424,0.000659847,0.000861934,0.00111992,0.00144744,0.00186098,0.00238031,0.00302897,0.00383488,0.00483088,0.00605538,0.00755302,0.00937536,0.0115815,0.014239,0.0174241,0.0212229,0.0257315,0.0310568,0.0373168,0.0446407,0.0531696,0.0630559,0.0744634,0.087567,0.102552,0.119614,0.138955,0.160787,0.185328,0.212797,0.24342,0.277419,0.315018,0.356436,0.401883,0.451565,0.505675,0.564391,0.627879,0.696287,0.769742,0.848354,0.93221,1.02137,1.11589,1.21577,1.32099,1.43154,1.54737,1.66838,1.7945,1.92558,2.06151,2.20212,2.34726,2.49673,2.65036,2.80793,2.96926,3.13412,3.30231,3.47362,3.64783,3.82475,4.00417,4.18589,4.36972,4.55549,4.74302,4.93215,5.12272,5.31459,5.50762,5.7017,5.8967,6.09253,6.28908,6.48626,6.68401,6.88225,7.08091,7.27994,7.47929,7.67892,7.87878,8.07884,8.27907,8.47945,8.67995,8.88056,9.08125,9.28202,9.48285,9.68372
0.10101,0.000249667,0.000328358,0.000429669,0.000559428,0.000724763,0.000934353,0.0011987,0.00153042,0.00194462,0.00245926,0.00309554,0.00387843,0.00483704,0.00600524,0.00742212,0.00913259,0.0111879,0.0136462,0.0165733,0.0200427,0.0241367,0.0289465,0.0345724,0.0411246,0.048723,0.0574975,0.0675878,0.0791433,0.0923228,0.107294,0.124233,0.143323,0.164753,0.188719,0.215419,0.245054,0.277827,0.313938,0.353587,0.396966,0.444264,0.495659,0.55132,0.611405,0.676057,0.745404,0.819559,0.898615,0.982649,1.07172,1.16586,1.26508,1.36938,1.47873,1.5931,1.7124,1.83658,1.96551,2.09909,2.23718,2.37964,2.52631,2.67704,2.83164,2.98994,3.15176,3.31689,3.48516,3.65638,3.83035,4.00689,4.18583,4.36698,4.55017,4.73524,4.92203,5.1104,5.30019,5.49128,5.68354,5.87686,6.07113,6.26624,6.46211,6.65865,6.85579,7.05345,7.25158,7.4501,7.64899,7.84818,8.04764,8.24733,8.44722,8.64729,8.8475,9.04784,9.24828,9.44882,9.64944
0.111111,0.000464425,0.000597745,0.000765821,0.000976715,0.0012401,0.0015675,0.00197263,0.00247165,0.00308353,0.00383046,0.00473817,0.00583645,0.00715949,0.00874642,0.0106417,0.0128958,0.0155652,0.0187133,0.0224108,0.0267359,0.0317745,0.0376211,0.0443783,0.0521576,0.0610788,0.0712706,0.0828698,0.0960215,0.110879,0.127601,0.146354,0.167311,0.190649,0.216546,0.245187,0.276754,0.311432,0.349402,0.390841,0.435925,0.484819,0.537684,0.594668,0.655911,0.721539,0.791666,0.86639,0.945794,1.02995,1.1189,1.21268,1.31131,1.41477,1.52305,1.63612,1.75392,1.87637,2.0034,2.13489,2.27075,2.41083,2.55501,2.70314,2.85507,3.01064,3.16968,3.33203,3.49751,3.66595,3.83719,4.01104,4.18735,4.36594,4.54666,4.72936,4.91387,5.10006,5.28779,5.47693,5.66736,5.85896,6.05161,6.24523,6.4397,6.63496,6.83091,7.02747,7.2246,7.42221,7.62025,7.81868,8.01745,8.21651,8.41584,8.61538,8.81513,9.01504,9.21511,9.41529,9.61559
0.121212,0.000785493,0.00099288,0.00124978,0.00156665,0.00195582,0.00243175,0.00301134,0.00371423,0.00456314,0.0055842,0.00680733,0.00826666,0.0100009,0.0120535,0.0144737,0.0173162,0.0206418,0.0245178,0.0290185,0.034225,0.0402258,0.0471169,0.0550018,0.0639918,0.0742053,0.0857686,0.0988148,0.113484,0.129922,0.148281,0.168719,0.191395,0.216476,0.244129,0.274521,0.307821,0.344196,0.383812,0.426831,0.473408,0.523694,0.577832,0.635956,0.69819,0.764646,0.835426,0.910618,0.990296,1.07452,1.16334,1.25677,1.35485,1.45755,1.56487,1.67677,1.79321,1.91413,2.03945,2.16908,2.30293,2.44088,2.58281,2.7286,2.87811,3.03119,3.1877,3.34749,3.5104,3.67627,3.84496,4.01629,4.19012,4.36629,4.54465,4.72506,4.90737,5.09144,5.27714,5.46435,5.65294,5.8428,6.03382,6.22589,6.41893,6.61284,6.80753,7.00294,7.19899,7.39561,7.59274,7.79033,7.98832,8.18668,8.38536,8.58431,8.78352,8.98294,9.18256,9.38234,9.58227
0.131313,0.0012338,0.00153581,0.0019044,0.00235248,0.00289503,0.00354941,0.00433563,0.00527662,0.00639856,0.00773121,0.00930825,0.0111676,0.0133517,0.0159081,0.0188893,0.0223537,0.0263653,0.0309943,0.0363173,0.0424174,0.0493842,0.0573145,0.0663112,0.0764845,0.0879508,0.100833,0.11526,0.131366,0.149291,0.169179,0.191179,0.215441,0.24212,0.271371,0.30335,0.338211,0.376109,0.417195,0.461614,0.509511,0.56102,0.616272,0.675386,0.738475,0.805641,0.876973,0.952552,1.03244,1.1167,1.20537,1.29848,1.39604,1.49805,1.60448,1.71533,1.83054,1.95007,2.07384,2.20179,2.33382,2.46983,2.60973,2.75338,2.90068,3.05149,3.20567,3.3631,3.52363,3.68712,3.85342,4.02239,4.19389,4.36776,4.54387,4.72209,4.90227,5.08429,5.26801,5.45331,5.64009,5.82821,6.01759,6.20811,6.39967,6.5922,6.7856,6.97979,7.17471,7.37027,7.56643,7.76311,7.96027,8.15785,8.35582,8.55412,8.75272,8.95159,9.1507,9.35002,9.54952
0.141414,0.00182744,0.00224495,0.00274804,0.00335204,0.00407452,0.00493562,0.00595826,0.00716842,0.00859545,0.0102724,0.0122361,0.0145277,0.0171931,0.0202827,0.023852,0.0279621,0.0326793,0.0380758,0.0442297,0.0512251,0.059152,0.0681066,0.0781911,0.0895135,0.102188,0.116333,0.132073,0.149537,0.168859,0.190175,0.213626,0.239353,0.2675,0.298213,0.331635,0.36791,0.40718,0.449583,0.495254,0.544324,0.596916,0.653148,0.71313,0.776963,0.84474,0.916543,0.992443,1.0725,1.15677,1.24529,1.33807,1.43515,1.53651,1.64213,1.75201,1.8661,1.98436,2.10673,2.23314,2.36351,2.49775,2.63578,2.77748,2.92275,3.07146,3.22351,3.37875,3.53707,3.69834,3.86241,4.02916,4.19845,4.37015,4.54412,4.72024,4.89837,5.0784,5.26019,5.44364,5.62863,5.81504,6.00277,6.19173,6.38182,6.57294,6.76502,6.95796,7.1517,7.34617,7.5413,7.73702,7.93328,8.13004,8.32723,8.52482,8.72276,8.92103,9.11957,9.31837,9.51739
0.151515,0.00258127,0.00313483,0.00379452,0.00457797,0.00550526,0.0065991,0.00788511,0.00939203,0.011152,0.013201,0.0155786,0.0183287,0.0214999,0.0251449,0.0293217,0.0340931,0.0395272,0.0456974,0.0526827,0.0605672,0.0694408,0.0793987,0.0905414,0.102975,0.116809,0.13216,0.149148,0.167895,0.188528,0.211179,0.235978,0.26306,0.29256,0.324613,0.359353,0.396914,0.437426,0.481018,0.527813,0.577932,0.631489,0.68859,0.749336,0.813821,0.882128,0.954333,1.0305,1.11069,1.19494,1.2833,1.37577,1.47239,1.57315,1.67801,1.787,1.90005,2.01715,2.13823,2.26322,2.39207,2.52469,2.661,2.8009,2.94429,3.09107,3.24113,3.39435,3.55061,3.70979,3.87177,4.03643,4.20364,4.37327,4.54521,4.71932,4.89549,5.0736,5.25353,5.43516,5.6184,5.80312,5.98924,6.17665,6.36525,6.55496,6.74569,6.93737,7.12991,7.32324,7.5173,7.71202,7.90735,8.10323,8.2996,8.49643,8.69366,8.89127,9.0892,9.28743,9.48593
0.161616,0.00350682,0.00421618,0.00505336,0.00603822,0.00719313,0.00854318,0.0101164,0.0119441,0.0140609,0.016505,0.0193186,0.0225478,0.0262432,0.0304596,0.0352565,0.0406983,0.046854,0.0537977,0.0616085,0.0703703,0.0801722,0.091108,0.103276,0.11678,0.131727,0.148228,0.166398,0.186356,0.208222,0.23212,0.258176,0.286515,0.317263,0.350549,0.386496,0.42523,0.466872,0.511541,0.559351,0.610414,0.664833,0.722708,0.784133,0.849191,0.91796,0.99051,1.0669,1.14719,1.23141,1.31959,1.41177,1.50795,1.60814,1.71231,1.82046,1.93256,2.04857,2.16846,2.29215,2.41959,2.55071,2.68543,2.82366,2.96532,3.1103,3.2585,3.40982,3.56416,3.72139,3.88141,4.04409,4.20933,4.37701,4.547,4.7192,4.89348,5.06974,5.24786,5.42774,5.60926,5.79234,5.97686,6.16273,6.34985,6.53815,6.72754,6.91793,7.10925,7.30143,7.49439,7.68809,7.88244,8.0774,8.27292,8.46894,8.66542,8.86232,9.0596,9.25722,9.45514
0.171717,0.00461245,0.00549622,0.00653031,0.00773665,0.00913974,0.0107668,0.0126481,0.0148171,0.0173105,0.0201687,0.0234357,0.0271597,0.0313926,0.036191,0.0416155,0.0477312,0.0546079,0.0623197,0.0709456,0.0805688,0.0912771,0.103163,0.116322,0.130855,0.146866,0.164462,0.183753,0.204854,0.227879,0.252946,0.280173,0.30968,0.341584,0.376007,0.413064,0.452873,0.495546,0.541195,0.589925,0.641839,0.697035,0.755604,0.817631,0.883196,0.952371,1.02522,1.10179,1.18215,1.26632,1.35433,1.44622,1.54199,1.64164,1.74515,1.85252,1.96373,2.07874,2.19752,2.32,2.44614,2.57586,2.7091,2.84578,2.98581,3.12911,3.27559,3.42514,3.57766,3.73306,3.89123,4.05205,4.21542,4.38123,4.54938,4.71974,4.89221,5.06669,5.24307,5.42124,5.6011,5.78256,5.96551,6.14986,6.33553,6.52243,6.71047,6.89957,7.08966,7.28067,7.47252,7.66516,7.85851,8.05253,8.24715,8.44234,8.63803,8.83419,9.03077,9.22774,9.42506
0.181818,0.00590364,0.00697907,0.00822784,0.00967376,0.0113433,0.0132655,0.0154728,0.0180002,0.0208865,0.0241738,0.0279076,0.0321376,0.0369172,0.0423037,0.0483586,0.0551476,0.0627405,0.0712115,0.0806386,0.0911043,0.102695,0.1155,0.129615,0.145136,0.162164,0.180803,0.201158,0.223338,0.247454,0.273616,0.301938,0.332531,0.365508,0.400982,0.439063,0.479859,0.523477,0.57002,0.619587,0.672274,0.728171,0.787363,0.84993,0.915946,0.985475,1.05858,1.13531,1.21571,1.29982,1.38766,1.47926,1.57463,1.67377,1.77666,1.88331,1.99368,2.10776,2.2255,2.34685,2.47176,2.60018,2.73204,2.86727,3.00579,3.14752,3.29237,3.44025,3.59108,3.74475,3.90116,4.06022,4.22182,4.38586,4.55223,4.72084,4.89158,5.06434,5.23903,5.41555,5.5938,5.77368,5.95509,6.13796,6.32219,6.5077,6.6944,6.88222,7.07107,7.2609,7.45163,7.64319,7.83552,8.02857,8.22228,8.4166,8.61147,8.80686,9.00271,9.199,9.39567
0.191919,0.00738335,0.00866621,0.0101457,0.0118473,0.0137991,0.0160323,0.0185804,0.0214805,0.0247728,0.0285007,0.0327112,0.037455,0.0427863,0.0487634,0.0554481,0.0629062,0.0712075,0.0804256,0.0906377,0.101925,0.114372,0.128067,0.143102,0.159571,0.177571,0.197201,0.218565,0.241766,0.266908,0.294099,0.323444,0.355051,0.389027,0.425476,0.464502,0.506209,0.550695,0.598057,0.648388,0.701778,0.75831,0.818065,0.881117,0.947533,1.01738,1.0907,1.16756,1.24798,1.33202,1.41969,1.51101,1.606,1.70465,1.80696,1.91292,2.02251,2.1357,2.25247,2.37276,2.49653,2.62373,2.7543,2.88816,3.02526,3.16551,3.30883,3.45515,3.60436,3.7564,3.91115,4.06854,4.22845,4.3908,4.55549,4.72242,4.89149,5.0626,5.23567,5.41058,5.58726,5.7656,5.94552,6.12693,6.30974,6.49388,6.67925,6.86579,7.05342,7.24206,7.43166,7.62214,7.81344,8.0055,8.19827,8.3917,8.58573,8.78031,8.97541,9.17098,9.36699
0.20202,0.00905235,0.0105569,0.0122813,0.0142527,0.0165008,0.0190579,0.0219595,0.0252437,0.028952,0.0331291,0.037823,0.0430851,0.0489705,0.0555376,0.0628485,0.070969,0.0799684,0.0899194,0.100898,0.112985,0.126263,0.140817,0.156737,0.174114,0.193042,0.213617,0.235938,0.260103,0.286214,0.314371,0.344676,0.377231,0.412136,0.449491,0.489394,0.531942,0.577228,0.625343,0.676374,0.730406,0.787516,0.84778,0.911267,0.978041,1.04816,1.12167,1.19863,1.27907,1.36302,1.45052,1.54157,1.63618,1.73438,1.83613,1.94144,2.05029,2.16265,2.2785,2.3978,2.52049,2.64655,2.77589,2.90848,3.04423,3.18309,3.32497,3.4698,3.6175,3.76798,3.92116,4.07696,4.23527,4.39601,4.55908,4.7244,4.89187,5.06139,5.23289,5.40625,5.5814,5.75825,5.93671,6.11669,6.29811,6.48089,6.66496,6.85023,7.03663,7.22409,7.41256,7.60195,7.7922,7.98327,8.17509,8.36761,8.56077,8.75454,8.94886,9.14369,9.33899
0.212121,0.0109096,0.0126486,0.0146305,0.0168839,0.0194399,0.0223322,0.0255972,0.0292745,0.0334065,0.0380387,0.0432201,0.0490026,0.0554415,0.0625956,0.070527,0.0793009,0.0889862,0.0996547,0.111382,0.124245,0.138326,0.153709,0.170479,0.188727,0.208541,0.230016,0.253245,0.278324,0.305348,0.334415,0.365622,0.399063,0.434836,0.473035,0.513752,0.557079,0.603105,0.651913,0.703588,0.758206,0.815844,0.87657,0.94045,1.00754,1.07791,1.15158,1.22862,1.30906,1.39292,1.48024,1.57102,1.66529,1.76304,1.86426,1.96895,2.07709,2.18867,2.30366,2.42201,2.5437,2.66866,2.79686,2.92823,3.06272,3.20026,3.34078,3.4842,3.63046,3.77947,3.93116,4.08543,4.24221,4.40141,4.56294,4.72672,4.89264,5.06064,5.23061,5.40248,5.57615,5.75155,5.92858,6.10716,6.28722,6.46867,6.65144,6.83546,7.02065,7.20694,7.39427,7.58257,7.77178,7.96184,8.1527,8.34429,8.53658,8.72951,8.92303,9.1171,9.31168
0.222222,0.0129527,0.0149372,0.0171877,0.0197336,0.0226073,0.0258437,0.0294802,0.0335573,0.0381183,0.0432095,0.0488802,0.0551828,0.0621728,0.069909,0.0784531,0.08787,0.0982276,0.109597,0.122052,0.135669,0.150527,0.166708,0.184296,0.203377,0.224039,0.246371,0.270463,0.296407,0.324295,0.354219,0.386272,0.420546,0.457131,0.496117,0.537592,0.581643,0.628352,0.677802,0.730068,0.785226,0.843345,0.904492,0.968727,1.03611,1.10668,1.1805,1.25761,1.33803,1.42179,1.50893,1.59945,1.69338,1.7907,1.89142,1.99552,2.103,2.21383,2.328,2.44546,2.56618,2.69012,2.81723,2.94746,3.08075,3.21703,3.35626,3.49835,3.64324,3.79085,3.94111,4.09394,4.24925,4.40698,4.56703,4.72932,4.89376,5.06028,5.22879,5.39921,5.57145,5.74543,5.92107,6.09829,6.27701,6.45716,6.63865,6.82143,7.00542,7.19055,7.37675,7.56396,7.75212,7.94117,8.13106,8.32173,8.51312,8.7052,8.8979,9.0912,9.28504
0.232323,0.0151778,0.0174178,0.0199461,0.0227934,0.025993,0.0295806,0.0335948,0.0380766,0.04307,0.0486219,0.0547819,0.0616026,0.0691395,0.0774512,0.0865989,0.0966471,0.107663,0.119716,0.132878,0.147226,0.162835,0.179785,0.198159,0.218039,0.23951,0.262658,0.28757,0.314334,0.343039,0.373773,0.406623,0.441678,0.479024,0.518746,0.560929,0.605653,0.652997,0.70304,0.755853,0.811506,0.870067,0.931597,0.996154,1.06379,1.13456,1.2085,1.28565,1.36604,1.44971,1.53667,1.62693,1.72052,1.81744,1.91767,2.02121,2.12805,2.23818,2.35156,2.46818,2.58799,2.71095,2.83703,2.96617,3.09832,3.23342,3.37141,3.51223,3.65582,3.80209,3.95099,4.10244,4.25635,4.41267,4.57129,4.73216,4.89518,5.06027,5.22737,5.39638,5.56722,5.73983,5.91411,6.09,6.26742,6.44628,6.62653,6.80809,6.99089,7.17486,7.35995,7.54608,7.73319,7.92123,8.11014,8.29987,8.49037,8.68158,8.87346,9.06597,9.25905
0.242424,0.0175803,0.0200843,0.0228984,0.0260544,0.0295864,0.0335309,0.0379271,0.0428168,0.0482445,0.0542572,0.0609048,0.06824,0.0763182,0.0851976,0.0949389,0.105606,0.117264,0.129983,0.143833,0.158888,0.175222,0.192914,0.212042,0.232688,0.254932,0.278858,0.304551,0.332094,0.361572,0.39307,0.426672,0.462462,0.500522,0.540934,0.583777,0.629129,0.677064,0.727656,0.780975,0.837086,0.896052,0.957932,1.02278,1.09065,1.16158,1.23563,1.31281,1.39317,1.47673,1.56351,1.65352,1.74679,1.84331,1.94308,2.04608,2.15231,2.26176,2.3744,2.49021,2.60915,2.73119,2.85629,2.98439,3.11545,3.24942,3.38624,3.52585,3.66819,3.81319,3.96079,4.11091,4.26349,4.41844,4.5757,4.7352,4.89684,5.06056,5.22629,5.39394,5.56343,5.7347,5.90767,6.08225,6.25839,6.43601,6.61503,6.79538,6.97701,7.15984,7.34382,7.52887,7.71494,7.90197,8.08991,8.2787,8.46829,8.65863,8.84968,9.04138,9.2337
0.252525,0.0201548,0.0229301,0.0260368,0.0295074,0.0333768,0.0376824,0.0424637,0.047763,0.0536251,0.0600974,0.0672297,0.0750747,0.0836875,0.0931258,0.10345,0.114722,0.127008,0.140375,0.154892,0.170631,0.187666,0.206072,0.225925,0.247304,0.270288,0.294957,0.321393,0.349675,0.379887,0.412108,0.44642,0.482902,0.521633,0.562692,0.606153,0.652091,0.700577,0.75168,0.805467,0.862,0.921338,0.983539,1.04865,1.11673,1.18781,1.26194,1.33914,1.41946,1.5029,1.58951,1.67928,1.77223,1.86837,1.96769,2.07017,2.17582,2.28462,2.39656,2.5116,2.62971,2.75086,2.87502,3.00213,3.13216,3.26505,3.40075,3.53921,3.68036,3.82414,3.97049,4.11934,4.27063,4.42428,4.58023,4.7384,4.89872,5.06112,5.22552,5.39184,5.56003,5.73,5.90168,6.075,6.24989,6.42627,6.60409,6.78326,6.96374,7.14544,7.32832,7.51231,7.69734,7.88337,8.07033,8.25818,8.44686,8.63633,8.82653,9.01742,9.20896
0.262626,0.0228955,0.0259481,0.0293528,0.0331428,0.0373536,0.042023,0.0471911,0.0529005,0.0591962,0.0661256,0.0737386,0.0820876,0.0912273,0.101215,0.11211,0.123974,0.136872,0.150869,0.166033,0.182435,0.200146,0.219239,0.239789,0.261871,0.285563,0.310942,0.338085,0.367071,0.397978,0.430883,0.465866,0.503001,0.542364,0.58403,0.628071,0.674558,0.723557,0.775136,0.829357,0.88628,0.945963,1.00846,1.07381,1.14207,1.21329,1.28748,1.3647,1.44496,1.5283,1.61472,1.70425,1.79689,1.89266,1.99155,2.09354,2.19863,2.30681,2.41806,2.53237,2.64969,2.77,2.89326,3.01943,3.14847,3.28032,3.41495,3.5523,3.69231,3.83492,3.98008,4.12771,4.27776,4.43016,4.58484,4.74174,4.90078,5.06189,5.22501,5.39006,5.55698,5.72568,5.89611,6.06819,6.24186,6.41704,6.59367,6.77169,6.95103,7.13162,7.31341,7.49634,7.68035,7.86537,8.05137,8.23828,8.42605,8.61463,8.80399,8.99406,9.18481
0.272727,0.0257961,0.0291311,0.0328382,0.0369512,0.041506,0.046541,0.0520964,0.0582153,0.0649426,0.0723257,0.0804145,0.0892609,0.0989193,0.109446,0.120901,0.133343,0.146837,0.161446,0.177238,0.194281,0.212644,0.232399,0.253619,0.276376,0.300745,0.326801,0.354619,0.384274,0.415841,0.449396,0.485013,0.522765,0.562724,0.604962,0.649547,0.696547,0.746027,0.798049,0.852674,0.909959,0.969957,1.03272,1.0983,1.16672,1.23805,1.3123,1.38952,1.46973,1.55294,1.63919,1.72848,1.82083,1.91623,2.0147,2.11622,2.22077,2.32836,2.43896,2.55255,2.66912,2.78862,2.91102,3.03628,3.16437,3.29525,3.42885,3.56513,3.70405,3.84554,3.98955,4.13601,4.28487,4.43606,4.58952,4.74519,4.90299,5.06287,5.22474,5.38855,5.55423,5.72171,5.89092,6.06179,6.23427,6.40827,6.58375,6.76062,6.93884,7.11834,7.29906,7.48094,7.66393,7.84796,8.03299,8.21896,8.40582,8.59353,8.78203,8.97128,9.16124
0.282828,0.02885,0.0324716,0.0364845,0.040923,0.0458236,0.0512248,0.0571674,0.0636941,0.0708501,0.0786828,0.0872416,0.0965782,0.106746,0.117802,0.129803,0.14281,0.156884,0.172088,0.188488,0.206151,0.225144,0.245537,0.267401,0.290805,0.315823,0.342526,0.370988,0.40128,0.433476,0.467647,0.503865,0.5422,0.582722,0.625498,0.670594,0.718076,0.768005,0.820441,0.875442,0.933062,0.993353,1.05636,1.12214,1.19072,1.26214,1.33644,1.41365,1.49379,1.57689,1.66296,1.75202,1.84407,1.93913,2.03719,2.13825,2.24228,2.34929,2.45927,2.57219,2.68802,2.80674,2.92832,3.05272,3.1799,3.30983,3.44244,3.57771,3.71557,3.85598,3.99889,4.14422,4.29194,4.44197,4.59425,4.74873,4.90534,5.06401,5.22468,5.38729,5.55177,5.71805,5.88607,6.05577,6.22708,6.39993,6.57427,6.75003,6.92715,7.10557,7.28523,7.46608,7.64805,7.8311,8.01517,8.20021,8.38616,8.57299,8.76064,8.94907,9.13823
0.292929,0.0320506,0.0359619,0.0402831,0.045049,0.0502962,0.0560636,0.0623919,0.0693241,0.0769053,0.0851826,0.0942052,0.104024,0.114693,0.126267,0.138803,0.15236,0.166998,0.18278,0.19977,0.218032,0.237633,0.258641,0.281123,0.305149,0.330789,0.358111,0.387188,0.418088,0.450881,0.485637,0.522425,0.561312,0.602365,0.645649,0.691227,0.739161,0.789511,0.842335,0.897686,0.955617,1.01618,1.07941,1.14537,1.21408,1.28559,1.35993,1.43712,1.51719,1.60017,1.68606,1.77489,1.86666,1.96138,2.05905,2.15966,2.26319,2.36965,2.47903,2.59129,2.70642,2.8244,2.94519,3.06876,3.19506,3.32407,3.45575,3.59003,3.72689,3.86626,4.0081,4.15235,4.29895,4.44786,4.59901,4.75234,4.90779,5.0653,5.2248,5.38624,5.54955,5.71467,5.88154,6.05008,6.22025,6.39198,6.56521,6.73987,6.91591,7.09327,7.27189,7.45171,7.63269,7.81476,7.99788,8.18199,8.36704,8.55299,8.73979,8.92739,9.11575
0.30303,0.0353912,0.0395946,0.0442259,0.04932,0.0549139,0.0610465,0.0677587,0.0750934,0.0830955,0.091812,0.101292,0.111585,0.122745,0.134826,0.147884,0.161977,0.177165,0.193508,0.211069,0.229911,0.2501,0.271699,0.294777,0.3194,0.345635,0.373551,0.403214,0.434694,0.468056,0.503369,0.540698,0.580108,0.621663,0.665426,0.711458,0.759818,0.810563,0.863749,0.919427,0.977648,1.03846,1.1019,1.16802,1.23686,1.30844,1.3828,1.45997,1.53997,1.62282,1.70854,1.79714,1.88863,1.98302,2.08031,2.18048,2.28354,2.38947,2.49826,2.60989,2.72435,2.84161,2.96164,3.0844,3.20987,3.338,3.46876,3.6021,3.73798,3.87636,4.01717,4.16037,4.30591,4.45373,4.60378,4.756,4.91033,5.06671,5.22508,5.38539,5.54756,5.71155,5.87729,6.04471,6.21377,6.38439,6.55653,6.73011,6.90509,7.08141,7.259,7.43782,7.61781,7.79891,7.98109,8.16428,8.34843,8.5335,8.71945,8.90623,9.09379
0.313131,0.038865,0.0433623,0.0483046,0.0537272,0.0596671,0.0661634,0.0732569,0.0809905,0.0894089,0.0985586,0.108488,0.119247,0.130889,0.143466,0.157034,0.17165,0.187372,0.204259,0.222374,0.241777,0.262532,0.284703,0.308354,0.33355,0.360357,0.38884,0.419065,0.451098,0.485003,0.520845,0.558687,0.598593,0.640624,0.684841,0.731301,0.780062,0.831178,0.884702,0.940686,0.999176,1.06022,1.12385,1.19012,1.25907,1.33071,1.40509,1.48223,1.56215,1.64488,1.73042,1.8188,1.91002,2.00408,2.101,2.20076,2.30334,2.40875,2.51698,2.62801,2.74182,2.85839,2.97768,3.09967,3.22433,3.35162,3.4815,3.61393,3.74887,3.88628,4.0261,4.16829,4.3128,4.45957,4.60856,4.7597,4.91294,5.06823,5.2255,5.3847,5.54578,5.70866,5.8733,6.03963,6.2076,6.37714,6.54821,6.72074,6.89468,7.06996,7.24655,7.42437,7.60338,7.78353,7.96477,8.14705,8.33031,8.51451,8.69961,8.88556,9.07232
0.323232,0.0424654,0.0472577,0.0525114,0.0582621,0.0645468,0.0714046,0.0788764,0.0870048,0.0958342,0.105411,0.115783,0.127,0.139113,0.152175,0.16624,0.181365,0.197607,0.215023,0.233674,0.25362,0.274922,0.297643,0.321846,0.347593,0.374948,0.403976,0.434738,0.467299,0.501721,0.538068,0.576399,0.616776,0.659258,0.703903,0.750768,0.799906,0.851371,0.905214,0.961482,1.02022,1.08148,1.14529,1.2117,1.28073,1.35243,1.42682,1.50392,1.58376,1.66636,1.75173,1.83989,1.93084,2.02459,2.12115,2.2205,2.32263,2.42755,2.53523,2.64568,2.75886,2.87475,2.99334,3.11458,3.23846,3.36493,3.49397,3.62552,3.75956,3.89603,4.03489,4.17611,4.31962,4.46537,4.61333,4.76343,4.91561,5.06984,5.22604,5.38417,5.54417,5.70598,5.86954,6.03481,6.20171,6.3702,6.54022,6.71172,6.88463,7.05891,7.23449,7.41134,7.58939,7.7686,7.94891,8.13027,8.31265,8.49599,8.68025,8.86537,9.05133
0.333333,0.0461858,0.0512736,0.0568386,0.0629163,0.0695441,0.0767609,0.0846074,0.0931261,0.102361,0.112358,0.123165,0.13483,0.147405,0.160941,0.175492,0.191113,0.20786,0.225789,0.24496,0.265431,0.287262,0.310514,0.335248,0.361525,0.389407,0.418955,0.450232,0.483298,0.518215,0.555042,0.593838,0.634663,0.677573,0.722624,0.76987,0.819365,0.871158,0.925299,0.981835,1.04081,1.10226,1.16624,1.23277,1.30189,1.37363,1.44802,1.52508,1.60484,1.68731,1.77251,1.86045,1.95113,2.04458,2.14078,2.23973,2.34143,2.44586,2.55302,2.6629,2.77547,2.89072,3.00862,3.12915,3.25227,3.37795,3.50617,3.63687,3.77003,3.9056,4.04354,4.18381,4.32635,4.47113,4.61808,4.76717,4.91833,5.07152,5.22669,5.38378,5.54273,5.70349,5.86601,6.03023,6.19609,6.36355,6.53255,6.70302,6.87493,7.04822,7.22282,7.3987,7.5758,7.75408,7.93347,8.11394,8.29544,8.47792,8.66133,8.84564,9.03081
0.343434,0.0500198,0.0554031,0.0612786,0.0676821,0.0746508,0.0822235,0.0904408,0.099345,0.10898,0.119391,0.130624,0.14273,0.155756,0.169756,0.18478,0.200884,0.218121,0.236549,0.256223,0.277202,0.299544,0.323308,0.348554,0.375341,0.403729,0.433778,0.465547,0.499097,0.534485,0.57177,0.61101,0.65226,0.695576,0.741012,0.78862,0.838451,0.890553,0.944975,1.00176,1.06095,1.12259,1.18671,1.25335,1.32255,1.39432,1.46871,1.54572,1.62539,1.70774,1.79276,1.88049,1.97092,2.06406,2.15992,2.25849,2.35976,2.46372,2.57037,2.6797,2.79168,2.90631,3.02355,3.14338,3.26577,3.39069,3.51811,3.648,3.78031,3.915,4.05205,4.1914,4.333,4.47682,4.62281,4.77091,4.92108,5.07327,5.22743,5.3835,5.54143,5.70117,5.86267,6.02587,6.19072,6.35717,6.52516,6.69464,6.86556,7.03787,7.21151,7.38644,7.5626,7.73995,7.91844,8.09802,8.27865,8.46027,8.64286,8.82635,9.01072
0.353535,0.0539613,0.0596395,0.0658245,0.0725519,0.0798588,0.0877841,0.096368,0.105653,0.115681,0.126499,0.138152,0.150688,0.164157,0.178608,0.194094,0.210668,0.228383,0.247294,0.267456,0.288927,0.311763,0.336021,0.36176,0.389038,0.417912,0.448441,0.480683,0.514695,0.550534,0.588257,0.627919,0.669574,0.713276,0.759077,0.807027,0.857176,0.90957,0.964255,1.02127,1.08067,1.14248,1.20673,1.27348,1.34274,1.41454,1.48891,1.56588,1.64546,1.72767,1.81253,1.90004,1.99022,2.08307,2.17859,2.27678,2.37764,2.48115,2.5873,2.6961,2.80751,2.92153,3.03813,3.15728,3.27897,3.40315,3.5298,3.65889,3.79038,3.92423,4.06041,4.19887,4.33957,4.48246,4.62751,4.77466,4.92386,5.07507,5.22825,5.38333,5.54026,5.69901,5.85951,6.02171,6.18557,6.35103,6.51803,6.68654,6.85649,7.02784,7.20053,7.37452,7.54976,7.7262,7.9038,8.0825,8.26226,8.44304,8.62479,8.80748,8.99105
0.363636,0.058004,0.0639764,0.0704693,0.0775184,0.0851607,0.0934348,0.102381,0.11204,0.122457,0.133674,0.145738,0.158697,0.172598,0.187491,0.203427,0.220458,0.238637,0.258017,0.278653,0.3006,0.323913,0.348649,0.374863,0.402613,0.431955,0.462946,0.49564,0.530095,0.566366,0.604507,0.644571,0.686612,0.730681,0.776829,0.825103,0.875552,0.928221,0.983154,1.04039,1.09997,1.16194,1.22632,1.29316,1.36247,1.4343,1.50865,1.58557,1.66505,1.74713,1.83182,1.91912,2.00905,2.10161,2.19681,2.29464,2.39509,2.49815,2.60383,2.71211,2.82297,2.9364,3.05237,3.17087,3.29187,3.41534,3.54125,3.66957,3.80026,3.9333,4.06863,4.20622,4.34604,4.48804,4.63217,4.77839,4.92665,5.07692,5.22913,5.38325,5.53922,5.69699,5.85651,6.01774,6.18063,6.34512,6.51116,6.6787,6.8477,7.01811,7.18987,7.36294,7.53727,7.71281,7.88952,8.06735,8.24626,8.4262,8.60713,8.78901,8.9718
0.373737,0.0621422,0.0684075,0.0752065,0.0825748,0.0905492,0.0991682,0.108472,0.118501,0.129299,0.140908,0.153376,0.166748,0.181072,0.196396,0.212771,0.230248,0.248877,0.268713,0.289808,0.312215,0.33599,0.361187,0.38786,0.416065,0.445857,0.47729,0.51042,0.545299,0.581983,0.620523,0.660972,0.703381,0.747799,0.794275,0.842857,0.89359,0.946519,1.00168,1.05913,1.11889,1.181,1.2455,1.31241,1.38178,1.45361,1.52795,1.6048,1.6842,1.76615,1.85066,1.93776,2.02745,2.11972,2.2146,2.31207,2.41213,2.51476,2.61997,2.72774,2.83807,2.95093,3.0663,3.18416,3.3045,3.42727,3.55246,3.68003,3.80995,3.94219,4.0767,4.21346,4.35242,4.49354,4.63678,4.7821,4.92945,5.07879,5.23007,5.38325,5.53827,5.6951,5.85367,6.01395,6.17588,6.33942,6.50452,6.67112,6.83919,7.00866,7.17951,7.35167,7.5251,7.69976,7.87559,8.05256,8.23062,8.40973,8.58985,8.77093,8.95293
0.383838,0.0663703,0.0729269,0.0800299,0.0877145,0.0960176,0.104977,0.114633,0.125027,0.136199,0.148195,0.161058,0.174834,0.189571,0.205316,0.222119,0.240029,0.259098,0.279376,0.300915,0.323769,0.34799,0.373632,0.400748,0.429392,0.459616,0.491476,0.525022,0.560309,0.597388,0.636311,0.677127,0.719886,0.764637,0.811426,0.860299,0.911302,0.964475,1.01986,1.0775,1.13742,1.19967,1.26427,1.33126,1.40066,1.47251,1.54682,1.62361,1.70291,1.78472,1.86907,1.95597,2.04541,2.13741,2.23197,2.32909,2.42877,2.53098,2.63574,2.74302,2.85282,2.96513,3.07991,3.19716,3.31685,3.43895,3.56344,3.69028,3.81945,3.95092,4.08464,4.22058,4.35871,4.49898,4.64136,4.7858,4.93226,5.08069,5.23106,5.38332,5.53742,5.69332,5.85096,6.01031,6.17131,6.33392,6.49809,6.66377,6.83092,6.99949,7.16943,7.34069,7.51324,7.68702,7.862,8.03812,8.21534,8.39363,8.57293,8.75322,8.93444
0.393939,0.0706827,0.0775288,0.0849333,0.0929313,0.101559,0.110856,0.120859,0.131611,0.143152,0.155526,0.168776,0.182949,0.198089,0.214245,0.231465,0.249797,0.269292,0.29,0.311971,0.335257,0.35991,0.385982,0.413525,0.442592,0.473233,0.505502,0.53945,0.575127,0.612585,0.651873,0.69304,0.736134,0.781201,0.828288,0.877439,0.928695,0.9821,1.03769,1.09551,1.15559,1.21796,1.28266,1.34971,1.41915,1.491,1.56527,1.642,1.7212,1.80289,1.88707,1.97376,2.06297,2.1547,2.24895,2.34573,2.44503,2.54684,2.65114,2.75795,2.86725,2.97901,3.09323,3.20988,3.32894,3.45039,3.57419,3.70033,3.82877,3.95948,4.09243,4.22758,4.3649,4.50434,4.64588,4.78946,4.93505,5.08261,5.23209,5.38346,5.53666,5.69165,5.84838,6.00682,6.16691,6.3286,6.49186,6.65664,6.82289,6.99056,7.15961,7.33,7.50167,7.67459,7.84871,8.02399,8.20039,8.37786,8.55637,8.73586,8.91631
0.40404,0.0750742,0.0822078,0.0899112,0.0982194,0.107169,0.116797,0.127143,0.138247,0.15015,0.162895,0.176525,0.191085,0.20662,0.223177,0.240804,0.259547,0.279456,0.300581,0.322971,0.346676,0.371747,0.398235,0.42619,0.455664,0.486707,0.519371,0.553703,0.589756,0.627577,0.667215,0.708717,0.752131,0.7975,0.84487,0.894283,0.945782,0.999405,1.05519,1.11318,1.1734,1.23589,1.30067,1.36778,1.43725,1.50909,1.58334,1.66,1.7391,1.82065,1.90466,1.99116,2.08013,2.17159,2.26554,2.36199,2.46092,2.56233,2.66621,2.77255,2.88135,2.99259,3.10625,3.22232,3.34077,3.46158,3.58472,3.71018,3.83791,3.96789,4.10008,4.23446,4.37099,4.50963,4.65034,4.79309,4.93784,5.08454,5.23316,5.38365,5.53596,5.69007,5.84591,6.00346,6.16265,6.32346,6.48583,6.64972,6.81508,6.98187,7.15005,7.31957,7.49038,7.66245,7.83573,8.01018,8.18576,8.36243,8.54014,8.71885,8.89854
0.414141,0.0795398,0.0869587,0.0949581,0.103573,0.11284,0.122795,0.133479,0.144929,0.157188,0.170297,0.184299,0.199238,0.215159,0.232107,0.25013,0.269273,0.289585,0.311115,0.333911,0.358022,0.383498,0.410388,0.438742,0.468609,0.500039,0.533082,0.567785,0.604198,0.642367,0.682341,0.724164,0.767882,0.81354,0.861179,0.910843,0.96257,1.0164,1.07237,1.13051,1.19087,1.25346,1.31833,1.38549,1.45498,1.52681,1.60102,1.67761,1.75661,1.83803,1.92188,2.00817,2.09692,2.18811,2.28177,2.37789,2.47646,2.57748,2.68094,2.78683,2.89515,3.00588,3.119,3.2345,3.35235,3.47254,3.59504,3.71982,3.84686,3.97613,4.10759,4.24122,4.37698,4.51484,4.65475,4.79669,4.94061,5.08647,5.23425,5.38388,5.53534,5.68858,5.84355,6.00022,6.15854,6.31847,6.47997,6.64298,6.80748,6.9734,7.14072,7.30939,7.47935,7.65059,7.82304,7.99667,8.17144,8.3473,8.52423,8.70217,8.88109
0.424242,0.0840748,0.0917763,0.100069,0.108987,0.118567,0.128845,0.13986,0.151652,0.16426,0.177726,0.192092,0.207402,0.2237,0.24103,0.259438,0.278971,0.299676,0.321599,0.344789,0.369293,0.395161,0.42244,0.451179,0.481426,0.513229,0.546637,0.581697,0.618455,0.656959,0.697254,0.739384,0.783394,0.829327,0.877223,0.927124,0.979068,1.03309,1.08924,1.14753,1.20801,1.2707,1.33564,1.40284,1.47235,1.54417,1.61833,1.69485,1.77375,1.85504,1.93872,2.02482,2.11334,2.20428,2.29765,2.39344,2.49167,2.59231,2.69535,2.8008,2.90865,3.01888,3.13147,3.24642,3.36369,3.48328,3.60515,3.72928,3.85565,3.98422,4.11497,4.24787,4.38288,4.51997,4.6591,4.80024,4.94336,5.08841,5.23535,5.38415,5.53477,5.68716,5.84128,5.9971,6.15456,6.31363,6.47427,6.63643,6.80007,6.96515,7.13162,7.29944,7.46858,7.63898,7.81062,7.98344,8.1574,8.33248,8.50863,8.6858,8.86397
0.434343,0.0886744,0.0966561,0.105238,0.114456,0.124345,0.134941,0.146283,0.15841,0.171361,0.185177,0.1999,0.215572,0.232238,0.249941,0.268726,0.288638,0.309724,0.332029,0.355602,0.380488,0.406735,0.43439,0.463501,0.494114,0.526278,0.560038,0.59544,0.632531,0.671356,0.711959,0.754384,0.798672,0.844867,0.893008,0.943135,0.995285,1.0495,1.1058,1.16423,1.22483,1.28761,1.35261,1.41986,1.48937,1.56118,1.6353,1.71174,1.79054,1.87169,1.95521,2.04112,2.12941,2.2201,2.31318,2.40866,2.50654,2.60681,2.70945,2.81447,2.92186,3.0316,3.14368,3.25809,3.3748,3.4938,3.61505,3.73855,3.86426,3.99216,4.12221,4.2544,4.38867,4.52502,4.66339,4.80376,4.94609,5.09034,5.23648,5.38446,5.53425,5.68581,5.8391,5.99408,6.1507,6.30893,6.46873,6.63005,6.79285,6.95709,7.12273,7.28972,7.45804,7.62763,7.79845,7.97047,8.14365,8.31795,8.49332,8.66973,8.84715
0.444444,0.0933344,0.101593,0.110462,0.119976,0.130169,0.141079,0.152743,0.165198,0.178485,0.192645,0.207717,0.223744,0.240769,0.258836,0.277988,0.298269,0.319726,0.342403,0.366347,0.391603,0.418218,0.446237,0.475708,0.506675,0.539186,0.573285,0.609018,0.646429,0.685562,0.72646,0.769167,0.813722,0.860167,0.908542,0.958883,1.01123,1.06561,1.12207,1.18064,1.24134,1.30421,1.36927,1.43654,1.50607,1.57785,1.65192,1.72829,1.80698,1.888,1.97136,2.05707,2.14514,2.23558,2.32838,2.42356,2.5211,2.621,2.72325,2.82785,2.93479,3.04406,3.15564,3.26952,3.38568,3.5041,3.62476,3.74764,3.87271,3.99995,4.12932,4.26081,4.39437,4.52999,4.66762,4.80723,4.94879,5.09226,5.23761,5.38479,5.53378,5.68453,5.837,5.99116,6.14696,6.30436,6.46333,6.62382,6.7858,6.94922,7.11404,7.28022,7.44772,7.61651,7.78654,7.95777,8.13016,8.30369,8.4783,8.65396,8.83064
0.454545,0.0980505,0.106584,0.115736,0.125542,0.136036,0.147254,0.159233,0.172012,0.18563,0.200125,0.215539,0.231914,0.24929,0.267712,0.287221,0.307863,0.32968,0.352719,0.377023,0.402638,0.429609,0.457981,0.487799,0.519109,0.551954,0.58638,0.622431,0.66015,0.699579,0.740761,0.783738,0.828549,0.875233,0.92383,0.974376,1.02691,1.08146,1.13806,1.19675,1.25755,1.32049,1.38561,1.45291,1.52243,1.5942,1.66821,1.74451,1.82309,1.90397,1.98717,2.0727,2.16055,2.25074,2.34327,2.43814,2.53535,2.6349,2.73677,2.84095,2.94745,3.05625,3.16735,3.28071,3.39633,3.51419,3.63427,3.75655,3.88099,4.00759,4.1363,4.2671,4.39997,4.53487,4.67178,4.81065,4.95146,5.09417,5.23874,5.38515,5.53334,5.6833,5.83497,5.98832,6.14331,6.29991,6.45807,6.61775,6.77891,6.94152,7.10553,7.27091,7.43762,7.60561,7.77486,7.94531,8.11693,8.28969,8.46355,8.63846,8.81441
0.464646,0.102819,0.111623,0.121056,0.131149,0.141939,0.153461,0.165751,0.178848,0.192789,0.207614,0.223363,0.240077,0.257797,0.276564,0.296423,0.317415,0.339583,0.362973,0.387627,0.41359,0.440907,0.46962,0.499775,0.531415,0.564584,0.599326,0.635683,0.673698,0.713412,0.754866,0.798102,0.843157,0.890071,0.93888,0.98962,1.04233,1.09703,1.15377,1.21258,1.27347,1.33648,1.40164,1.46897,1.53849,1.61023,1.68419,1.7604,1.83888,1.91963,2.00267,2.088,2.17564,2.26559,2.35785,2.45243,2.54931,2.64851,2.75,2.85378,2.95985,3.0682,3.17881,3.29168,3.40678,3.52409,3.6436,3.76528,3.88912,4.01508,4.14315,4.27329,4.40548,4.53968,4.67587,4.81402,4.9541,5.09606,5.23988,5.38552,5.53294,5.68212,5.83301,5.98557,6.13977,6.29557,6.45293,6.61181,6.77218,6.93399,7.09721,7.2618,7.42772,7.59494,7.7634,7.93308,8.10395,8.27595,8.44906,8.62324,8.79845
0.474747,0.107635,0.116708,0.126417,0.136795,0.147876,0.159697,0.172293,0.185701,0.19996,0.215108,0.231185,0.24823,0.266285,0.285391,0.30559,0.326923,0.349434,0.373165,0.398159,0.42446,0.452111,0.481155,0.511635,0.543595,0.577077,0.612123,0.648775,0.687075,0.727063,0.768779,0.812263,0.857552,0.904685,0.953696,1.00462,1.0575,1.11235,1.16922,1.22813,1.28911,1.35219,1.41739,1.48473,1.55425,1.62595,1.69986,1.77599,1.85436,1.93498,2.01786,2.10301,2.19043,2.28014,2.37214,2.46642,2.56299,2.66184,2.76296,2.86635,2.972,3.0799,3.19005,3.30242,3.41701,3.53378,3.65274,3.77384,3.89708,4.02243,4.14987,4.27936,4.41088,4.54441,4.6799,4.81735,4.9567,5.09793,5.24101,5.3859,5.53257,5.68098,5.8311,5.98289,6.13631,6.29133,6.44791,6.60601,6.76559,6.92662,7.08906,7.25287,7.41802,7.58446,7.75216,7.92109,8.09119,8.26245,8.43482,8.60827,8.78276
0.484848,0.112496,0.121835,0.131816,0.142474,0.153843,0.165958,0.178854,0.192569,0.207139,0.222604,0.239001,0.256371,0.274754,0.294189,0.31472,0.336385,0.359229,0.383292,0.408617,0.435246,0.463221,0.492586,0.523381,0.55565,0.589434,0.624773,0.66171,0.700285,0.740536,0.782504,0.826225,0.871739,0.919081,0.968286,1.01939,1.07242,1.12742,1.18441,1.24342,1.30448,1.36761,1.43285,1.50021,1.56971,1.64138,1.71523,1.79128,1.86954,1.95002,2.03275,2.11771,2.20493,2.2944,2.38613,2.48013,2.57638,2.6749,2.77566,2.87866,2.9839,3.09137,3.20106,3.31295,3.42703,3.54329,3.6617,3.78224,3.9049,4.02964,4.15646,4.28532,4.41619,4.54905,4.68387,4.82062,4.95927,5.09979,5.24214,5.3863,5.53222,5.67989,5.82925,5.98028,6.13294,6.28719,6.443,6.60033,6.75914,6.9194,7.08107,7.24412,7.4085,7.57418,7.74113,7.9093,8.07866,8.24918,8.42082,8.59355,8.76732
0.494949,0.117399,0.126999,0.13725,0.148184,0.159836,0.17224,0.185431,0.199446,0.214322,0.230097,0.246809,0.264496,0.283199,0.302956,0.32381,0.3458,0.368967,0.393353,0.418999,0.445946,0.474237,0.503912,0.535013,0.56758,0.601656,0.637279,0.67449,0.713329,0.753834,0.796043,0.839994,0.885722,0.933264,0.982653,1.03392,1.08711,1.14224,1.19934,1.25844,1.31958,1.38277,1.44803,1.5154,1.58489,1.65652,1.73031,1.80628,1.88443,1.96478,2.04735,2.13213,2.21914,2.30838,2.39985,2.49357,2.58952,2.6877,2.78811,2.89073,2.99557,3.10261,3.21185,3.32327,3.43686,3.55261,3.67048,3.79047,3.91256,4.03672,4.16293,4.29116,4.4214,4.55361,4.68776,4.82384,4.9618,5.10161,5.24326,5.3867,5.5319,5.67882,5.82745,5.97773,6.12964,6.28314,6.43819,6.59476,6.75282,6.91232,7.07324,7.23553,7.39916,7.56409,7.73029,7.89772,8.06635,8.23614,8.40706,8.57907,8.75213
0.505051,0.122339,0.132198,0.142714,0.153921,0.165851,0.178539,0.192021,0.206331,0.221507,0.237585,0.254604,0.272602,0.291617,0.31169,0.332859,0.355164,0.378647,0.403347,0.429305,0.456562,0.485158,0.515134,0.54653,0.579387,0.613744,0.649642,0.687118,0.726211,0.76696,0.809402,0.853572,0.899506,0.947239,0.996805,1.04824,1.10156,1.15682,1.21403,1.27322,1.33442,1.39766,1.46295,1.53033,1.5998,1.67139,1.74512,1.821,1.89904,1.97926,2.06167,2.14627,2.23307,2.32208,2.4133,2.50674,2.60239,2.70025,2.80031,2.90256,3.007,3.11363,3.22243,3.33339,3.4465,3.56174,3.6791,3.79855,3.92008,4.04366,4.16928,4.2969,4.42652,4.55809,4.69159,4.827,4.96428,5.10342,5.24436,5.3871,5.53159,5.67779,5.82569,5.97524,6.12641,6.27917,6.43348,6.58931,6.74662,6.90538,7.06555,7.22709,7.38998,7.55418,7.71964,7.88634,8.05424,8.22331,8.39351,8.56482,8.73718
0.515152,0.127314,0.137428,0.148207,0.159681,0.171886,0.184854,0.19862,0.21322,0.22869,0.245066,0.262386,0.280687,0.300008,0.320387,0.341864,0.364477,0.388267,0.413273,0.439534,0.467091,0.495984,0.526251,0.557934,0.591071,0.625701,0.661863,0.699595,0.738934,0.779918,0.822582,0.866963,0.913095,0.961012,1.01075,1.06233,1.11579,1.17116,1.22848,1.28775,1.34902,1.41229,1.47761,1.54499,1.61444,1.68599,1.75965,1.83544,1.91338,1.99346,2.07572,2.16014,2.24674,2.33552,2.4265,2.51966,2.61501,2.71255,2.81227,2.91416,3.01821,3.12443,3.2328,3.34331,3.45595,3.5707,3.68754,3.80646,3.92745,4.05047,4.1755,4.30254,4.43154,4.56248,4.69535,4.83011,4.96673,5.10519,5.24546,5.3875,5.53129,5.67679,5.82397,5.9728,6.12325,6.27528,6.42886,6.58396,6.74054,6.89856,7.058,7.21881,7.38097,7.54443,7.70917,7.87515,8.04233,8.21069,8.38019,8.55079,8.72246
0.525253,0.132321,0.142687,0.153724,0.165463,0.177937,0.19118,0.205226,0.22011,0.235868,0.252536,0.270151,0.288749,0.308368,0.329047,0.350824,0.373738,0.397826,0.423129,0.449686,0.477534,0.506715,0.537266,0.569226,0.602634,0.637528,0.673945,0.711923,0.7515,0.79271,0.835589,0.880172,0.926493,0.974585,1.02448,1.07621,1.1298,1.18529,1.24269,1.30204,1.36337,1.42668,1.49202,1.55939,1.62882,1.70033,1.77393,1.84963,1.92745,2.00741,2.0895,2.17375,2.26015,2.34871,2.43943,2.53233,2.62739,2.72461,2.82399,2.92553,3.0292,3.13502,3.24297,3.35303,3.46521,3.57948,3.69582,3.81423,3.93468,4.05714,4.18161,4.30806,4.43647,4.5668,4.69904,4.83316,4.96914,5.10694,5.24653,5.3879,5.531,5.6758,5.82229,5.97041,6.12015,6.27147,6.42433,6.57871,6.73456,6.89186,7.05057,7.21067,7.3721,7.53485,7.69887,7.86414,8.03061,8.19827,8.36706,8.53697,8.70795
0.535354,0.137356,0.147971,0.159263,0.171262,0.184002,0.197515,0.211836,0.227,0.24304,0.259994,0.277896,0.296785,0.316696,0.337668,0.359738,0.382943,0.407323,0.432916,0.459759,0.487891,0.517351,0.548177,0.580406,0.614076,0.649225,0.68589,0.724106,0.763911,0.805339,0.848425,0.893203,0.939705,0.987965,1.03801,1.08988,1.1436,1.19919,1.25668,1.3161,1.37748,1.44083,1.50618,1.57355,1.64295,1.71441,1.78794,1.86356,1.94127,2.02109,2.10303,2.1871,2.2733,2.36164,2.45213,2.54475,2.63953,2.73644,2.8355,2.93668,3.03998,3.1454,3.25294,3.36257,3.4743,3.58809,3.70395,3.82185,3.94177,4.0637,4.18761,4.31348,4.4413,4.57104,4.70266,4.83616,4.9715,5.10865,5.24759,5.38829,5.53071,5.67484,5.82064,5.96807,6.11711,6.26772,6.41988,6.57355,6.72869,6.88528,7.04328,7.20266,7.36338,7.52542,7.68874,7.8533,8.01907,8.18603,8.35414,8.52336,8.69366
0.545455,0.142418,0.153279,0.164821,0.177077,0.190078,0.203857,0.218448,0.233885,0.250203,0.267436,0.285621,0.304793,0.32499,0.346248,0.368603,0.392094,0.416758,0.442632,0.469754,0.498162,0.527893,0.558985,0.591475,0.625399,0.660795,0.697699,0.736145,0.77617,0.817808,0.861093,0.906058,0.952735,1.00116,1.05135,1.10335,1.15718,1.21287,1.27045,1.32994,1.39136,1.45474,1.5201,1.58746,1.65684,1.72825,1.80171,1.87724,1.95484,2.03453,2.11632,2.20021,2.28622,2.37434,2.46458,2.55695,2.65144,2.74805,2.84678,2.94762,3.05055,3.15559,3.26272,3.37193,3.48321,3.59654,3.71192,3.82932,3.94872,4.07012,4.19349,4.3188,4.44604,4.57519,4.70622,4.8391,4.97381,5.11033,5.24863,5.38867,5.53044,5.67389,5.81901,5.96576,6.11412,6.26404,6.4155,6.56847,6.72291,6.8788,7.0361,7.19478,7.3548,7.51614,7.67876,7.84263,8.00771,8.17398,8.3414,8.50994,8.67957
0.555556,0.147503,0.158606,0.170396,0.182904,0.196162,0.210202,0.225059,0.240764,0.257354,0.274861,0.293323,0.312773,0.333248,0.354785,0.377419,0.401188,0.426129,0.452277,0.479671,0.508346,0.538341,0.569692,0.602434,0.636605,0.67224,0.709374,0.748043,0.788281,0.830121,0.873597,0.918741,0.965586,1.01416,1.0645,1.11662,1.17056,1.22635,1.284,1.34355,1.40502,1.46843,1.5338,1.60115,1.67049,1.74185,1.81524,1.89068,1.96817,2.04773,2.12936,2.21308,2.29889,2.3868,2.47681,2.56891,2.66313,2.75944,2.85785,2.95835,3.06093,3.16558,3.27231,3.3811,3.49195,3.60483,3.71973,3.83664,3.95555,4.07642,4.19925,4.32402,4.4507,4.57927,4.7097,4.84199,4.97609,5.11198,5.24964,5.38905,5.53016,5.67296,5.81741,5.9635,6.11117,6.26042,6.41119,6.56348,6.71723,6.87243,7.02904,7.18702,7.34636,7.507,7.66893,7.83211,7.99651,8.1621,8.32885,8.49672,8.66568
0.565657,0.15261,0.163952,0.175985,0.188741,0.202252,0.216549,0.231666,0.247636,0.264491,0.282268,0.300999,0.320721,0.341469,0.363279,0.386185,0.410225,0.435435,0.461851,0.489508,0.518445,0.548695,0.580297,0.613284,0.647694,0.68356,0.720918,0.759801,0.800244,0.842279,0.88594,0.931257,0.978262,1.02698,1.07745,1.1297,1.18374,1.23962,1.29735,1.35696,1.41846,1.48189,1.54727,1.6146,1.68391,1.75522,1.82854,1.90388,1.98126,2.06069,2.14217,2.22572,2.31134,2.39903,2.48881,2.58066,2.6746,2.77061,2.86871,2.96888,3.0711,3.17539,3.28172,3.39011,3.50052,3.61296,3.7274,3.84383,3.96224,4.08261,4.20491,4.32914,4.45526,4.58326,4.71312,4.84481,4.97831,5.11359,5.25063,5.38941,5.52988,5.67204,5.81584,5.96126,6.10827,6.25685,6.40695,6.55856,6.71164,6.86615,7.02208,7.17938,7.33803,7.498,7.65925,7.82175,7.98548,8.1504,8.31647,8.48368,8.65199
0.575758,0.157736,0.169312,0.181586,0.194587,0.208346,0.222896,0.238269,0.254497,0.271614,0.289653,0.30865,0.328638,0.349652,0.371727,0.3949,0.419204,0.444677,0.471352,0.499267,0.528456,0.558956,0.590801,0.624026,0.658667,0.694757,0.732331,0.771422,0.812063,0.854287,0.898125,0.943608,0.990766,1.03963,1.09023,1.14259,1.19673,1.25269,1.31049,1.37015,1.43169,1.49514,1.56051,1.62783,1.69711,1.76836,1.84161,1.91686,1.99413,2.07342,2.15476,2.23813,2.32356,2.41104,2.50059,2.59219,2.68586,2.78158,2.87937,2.97921,3.08109,3.18501,3.29096,3.39894,3.50893,3.62093,3.73492,3.85088,3.9688,4.08867,4.21046,4.33415,4.45974,4.58718,4.71647,4.84758,4.98049,5.11517,5.2516,5.38975,5.5296,5.67112,5.81428,5.95906,6.10541,6.25333,6.40277,6.55371,6.70612,6.85997,7.01522,7.17186,7.32983,7.48913,7.64971,7.81154,7.9746,8.13885,8.30427,8.47082,8.63847
0.585859,0.162878,0.174687,0.187197,0.200438,0.214442,0.22924,0.244864,0.261346,0.278719,0.297016,0.316272,0.33652,0.357795,0.38013,0.403562,0.428125,0.453853,0.480782,0.508947,0.538383,0.569124,0.601205,0.634662,0.669526,0.705834,0.743617,0.782908,0.82374,0.866145,0.910154,0.955797,1.0031,1.0521,1.10282,1.15529,1.20953,1.26557,1.32343,1.38314,1.44471,1.50818,1.57355,1.64085,1.71009,1.78129,1.85446,1.92962,2.00677,2.08594,2.16712,2.25033,2.33557,2.42284,2.51216,2.60351,2.69691,2.79235,2.88984,2.98935,3.09089,3.19445,3.30002,3.40761,3.51719,3.62876,3.7423,3.8578,3.97524,4.09462,4.2159,4.33907,4.46412,4.59102,4.71975,4.8503,4.98262,5.11671,5.25254,5.39009,5.52932,5.67021,5.81274,5.95688,6.10259,6.24986,6.39865,6.54894,6.70069,6.85387,7.00847,7.16444,7.32175,7.48038,7.6403,7.80147,7.96387,8.12747,8.29223,8.45813,8.62513
0.59596,0.168034,0.180072,0.192815,0.206294,0.220538,0.23558,0.25145,0.268181,0.285805,0.304355,0.323865,0.344368,0.365897,0.388487,0.412172,0.436986,0.462964,0.49014,0.518548,0.548223,0.5792,0.611511,0.645191,0.680273,0.71679,0.754776,0.794261,0.835278,0.877858,0.922031,0.967827,1.01528,1.0644,1.11524,1.16781,1.22214,1.27825,1.33618,1.39593,1.45753,1.52101,1.58637,1.65365,1.72285,1.79399,1.86709,1.94216,2.0192,2.09824,2.17927,2.26231,2.34736,2.43443,2.52352,2.61463,2.70777,2.80293,2.90011,2.99931,3.10051,3.20372,3.30892,3.41611,3.52529,3.63644,3.74954,3.86459,3.98156,4.10045,4.22124,4.3439,4.46842,4.59479,4.72297,4.85295,4.98471,5.11822,5.25346,5.3904,5.52903,5.66931,5.81122,5.95472,6.09981,6.24644,6.39459,6.54423,6.69533,6.84786,7.0018,7.15712,7.31378,7.47175,7.63102,7.79154,7.95328,8.11623,8.28035,8.4456,8.61197
0.606061,0.173204,0.185467,0.198439,0.212151,0.226632,0.241913,0.258026,0.275001,0.292871,0.311669,0.331427,0.352179,0.373957,0.396795,0.420728,0.445787,0.472008,0.499425,0.52807,0.557979,0.589184,0.621718,0.655615,0.690908,0.727629,0.76581,0.805483,0.846679,0.889427,0.933759,0.979703,1.02729,1.07654,1.12749,1.18016,1.23457,1.29075,1.34873,1.40853,1.47015,1.53364,1.599,1.66625,1.73541,1.80649,1.87951,1.95449,2.03142,2.11032,2.19121,2.27408,2.35895,2.44581,2.53468,2.62555,2.71843,2.81331,2.9102,3.00908,3.10996,3.21281,3.31765,3.42446,3.53324,3.64397,3.75664,3.87124,3.98776,4.10617,4.22647,4.34863,4.47264,4.59847,4.72612,4.85555,4.98675,5.11969,5.25435,5.3907,5.52873,5.66841,5.8097,5.95259,6.09705,6.24305,6.39057,6.53957,6.69004,6.84193,6.99523,7.14989,7.30591,7.46324,7.62186,7.78173,7.94284,8.10514,8.26862,8.43324,8.59897
0.616162,0.178384,0.190869,0.204068,0.218009,0.232722,0.248239,0.264589,0.281804,0.299916,0.318956,0.338958,0.359953,0.381975,0.405056,0.429229,0.454529,0.480987,0.508638,0.537514,0.56765,0.599076,0.631828,0.665936,0.701433,0.738352,0.776722,0.816577,0.857944,0.900856,0.94534,0.991426,1.03914,1.08851,1.13957,1.19233,1.24682,1.30307,1.3611,1.42093,1.48258,1.54607,1.61142,1.67865,1.74777,1.81879,1.89173,1.96661,2.04343,2.12221,2.20294,2.28565,2.37033,2.457,2.54564,2.63628,2.7289,2.82351,2.9201,3.01868,3.11923,3.22174,3.32622,3.43266,3.54104,3.65136,3.76361,3.87777,3.99384,4.11178,4.2316,4.35327,4.47677,4.60209,4.7292,4.85809,4.98874,5.12112,5.25521,5.39098,5.52842,5.6675,5.8082,5.95048,6.09433,6.23971,6.3866,6.53498,6.68481,6.83607,6.98873,7.14277,7.29814,7.45483,7.61281,7.77205,7.93252,8.09419,8.25703,8.42102,8.58613
0.626263,0.183573,0.196277,0.209698,0.223865,0.238807,0.254555,0.271138,0.288589,0.306938,0.326216,0.346456,0.367689,0.389949,0.413267,0.437676,0.46321,0.4899,0.517779,0.54688,0.577236,0.608879,0.641841,0.676154,0.71185,0.748959,0.787514,0.827543,0.869077,0.912146,0.956777,1.003,1.05084,1.10033,1.15148,1.20433,1.2589,1.31522,1.37329,1.43316,1.49483,1.55832,1.62366,1.69085,1.75993,1.83089,1.90376,1.97854,2.05525,2.13389,2.21448,2.29702,2.38152,2.46799,2.55642,2.64682,2.73918,2.83352,2.92983,3.0281,3.12833,3.23051,3.33464,3.4407,3.5487,3.65862,3.77045,3.88418,3.9998,4.11729,4.23663,4.35781,4.48082,4.60563,4.73222,4.86058,4.99068,5.12251,5.25604,5.39124,5.5281,5.6666,5.8067,5.94839,6.09163,6.2364,6.38268,6.53044,6.67965,6.83029,6.98232,7.13573,7.29047,7.44653,7.60388,7.76249,7.92233,8.08338,8.24559,8.40896,8.57345
0.636364,0.188769,0.201689,0.215329,0.229718,0.244885,0.26086,0.277673,0.295354,0.313935,0.333446,0.35392,0.375387,0.397879,0.421429,0.446069,0.47183,0.498746,0.526848,0.556168,0.586739,0.618591,0.651758,0.68627,0.722158,0.759453,0.798185,0.838385,0.88008,0.9233,0.968073,1.01443,1.06239,1.11198,1.16323,1.21617,1.27081,1.32718,1.38531,1.4452,1.50688,1.57038,1.6357,1.70287,1.7719,1.8428,1.91558,1.99027,2.06687,2.14538,2.22583,2.3082,2.39252,2.47879,2.567,2.65717,2.74929,2.84336,2.93939,3.03736,3.13727,3.23912,3.3429,3.4486,3.55622,3.66574,3.77716,3.89047,4.00565,4.12269,4.24156,4.36227,4.48478,4.60909,4.73517,4.86301,4.99258,5.12386,5.25684,5.39148,5.52778,5.66569,5.80521,5.94631,6.08895,6.23313,6.3788,6.52595,6.67455,6.82457,6.97599,7.12877,7.2829,7.43834,7.59506,7.75305,7.91227,8.07269,8.23429,8.39704,8.56091
0.646465,0.19397,0.207103,0.220959,0.235566,0.250954,0.267153,0.284191,0.302099,0.320907,0.340647,0.361349,0.383044,0.405764,0.429541,0.454405,0.48039,0.507525,0.535844,0.565378,0.596158,0.628215,0.661581,0.696286,0.732361,0.769836,0.80874,0.849103,0.890954,0.93432,0.97923,1.02571,1.07379,1.12348,1.17483,1.22785,1.28256,1.33898,1.39714,1.45707,1.51876,1.58226,1.64756,1.7147,1.78368,1.85451,1.92722,2.00181,2.0783,2.15668,2.23698,2.3192,2.40334,2.48941,2.57741,2.66735,2.75922,2.85303,2.94878,3.04645,3.14606,3.24758,3.35101,3.45635,3.56359,3.67273,3.78375,3.89664,4.01139,4.12798,4.2464,4.36664,4.48867,4.61248,4.73806,4.86538,4.99442,5.12517,5.2576,5.3917,5.52743,5.66478,5.80373,5.94424,6.0863,6.22988,6.37496,6.52151,6.6695,6.81892,6.96972,7.1219,7.27541,7.43023,7.58635,7.74372,7.90232,8.06213,8.22312,8.38526,8.54853
0.656566,0.199176,0.212518,0.226586,0.241408,0.257014,0.273432,0.290691,0.308821,0.327853,0.347816,0.368742,0.390661,0.413604,0.437602,0.462686,0.488888,0.516239,0.544769,0.574511,0.605494,0.63775,0.67131,0.706202,0.742459,0.780108,0.819179,0.859701,0.901702,0.945209,0.990251,1.03685,1.08504,1.13484,1.18627,1.23936,1.29414,1.35061,1.40882,1.46876,1.53047,1.59396,1.65924,1.72634,1.79527,1.86605,1.93867,2.01317,2.08954,2.1678,2.24795,2.33001,2.41397,2.49985,2.58764,2.67735,2.76898,2.86253,2.958,3.05539,3.15468,3.25588,3.35898,3.46396,3.57084,3.67959,3.79022,3.90269,4.01702,4.13317,4.25114,4.37092,4.49248,4.6158,4.74088,4.8677,4.99622,5.12645,5.25834,5.39189,5.52708,5.66387,5.80225,5.94219,6.08367,6.22667,6.37116,6.51711,6.66451,6.81333,6.96353,7.1151,7.26801,7.42223,7.57773,7.7345,7.89249,8.0517,8.21208,8.37362,8.53628
0.666667,0.204384,0.217932,0.232209,0.247244,0.263063,0.279696,0.297172,0.315521,0.334772,0.354954,0.376099,0.398237,0.421398,0.445613,0.470912,0.497326,0.524886,0.553623,0.583567,0.614749,0.647198,0.680946,0.716021,0.752453,0.790271,0.829503,0.870179,0.912325,0.955969,1.00114,1.04786,1.09615,1.14604,1.19756,1.25073,1.30556,1.36208,1.42032,1.48029,1.542,1.60548,1.67075,1.73782,1.80669,1.8774,1.94995,2.02435,2.10061,2.17874,2.25875,2.34064,2.42443,2.51011,2.5977,2.68718,2.77857,2.87187,2.96706,3.06416,3.16316,3.26404,3.3668,3.47144,3.57795,3.68633,3.79656,3.90863,4.02254,4.13826,4.25579,4.37511,4.4962,4.61905,4.74364,4.86996,4.99798,5.12768,5.25905,5.39206,5.5267,5.66294,5.80077,5.94014,6.08106,6.22348,6.36739,6.51276,6.65957,6.80779,6.9574,7.10838,7.26069,7.41431,7.56921,7.72538,7.88277,8.04138,8.20116,8.3621,8.52417
0.676768,0.209593,0.223345,0.237828,0.25307,0.269099,0.285944,0.303634,0.322197,0.341662,0.36206,0.38342,0.405772,0.429146,0.453572,0.479081,0.505702,0.533467,0.562405,0.592547,0.623922,0.656559,0.69049,0.725742,0.762344,0.800326,0.839716,0.88054,0.922826,0.966602,1.01189,1.05872,1.10712,1.1571,1.2087,1.26194,1.31683,1.3734,1.43166,1.49165,1.55337,1.61684,1.68208,1.74911,1.81794,1.88858,1.96105,2.03535,2.11149,2.1895,2.26936,2.3511,2.43471,2.52021,2.60758,2.69685,2.788,2.88104,2.97597,3.07279,3.17148,3.27205,3.37448,3.47878,3.58493,3.69294,3.80279,3.91446,4.02796,4.14326,4.26035,4.37922,4.49985,4.62223,4.74634,4.87216,4.99968,5.12888,5.25973,5.39221,5.52632,5.66201,5.79929,5.93811,6.07846,6.22031,6.36365,6.50845,6.65468,6.80232,6.95134,7.10173,7.25344,7.40647,7.56079,7.71636,7.87316,8.03117,8.19036,8.35071,8.51219
0.686869,0.214802,0.228754,0.24344,0.258887,0.275123,0.292176,0.310074,0.328847,0.348523,0.369132,0.390702,0.413264,0.436846,0.46148,0.487194,0.514018,0.541982,0.571117,0.601451,0.633013,0.665834,0.699943,0.735367,0.772135,0.810276,0.849817,0.890785,0.933208,0.97711,1.02252,1.06946,1.11795,1.16802,1.2197,1.273,1.32794,1.38455,1.44285,1.50285,1.56457,1.62803,1.69325,1.76024,1.82902,1.89959,1.97197,2.04618,2.12221,2.20009,2.27981,2.36139,2.44483,2.53013,2.61731,2.70635,2.79727,2.89006,2.98472,3.08126,3.17966,3.27992,3.38203,3.48599,3.59179,3.69943,3.8089,3.92018,4.03327,4.14815,4.26482,4.38324,4.50342,4.62534,4.74898,4.87431,5.00134,5.13003,5.26037,5.39234,5.52591,5.66108,5.7978,5.93608,6.07588,6.21717,6.35995,6.50417,6.64983,6.7969,6.94534,7.09514,7.24628,7.39872,7.55245,7.70743,7.86365,8.02107,8.17968,8.33944,8.50034
0.69697,0.22001,0.234159,0.249044,0.264692,0.281131,0.298389,0.316493,0.335472,0.355355,0.37617,0.397947,0.420714,0.4445,0.469336,0.49525,0.522273,0.550432,0.579758,0.610279,0.642025,0.675024,0.709306,0.744897,0.781826,0.820121,0.859809,0.900917,0.94347,0.987495,1.03302,1.08006,1.12865,1.1788,1.23055,1.28391,1.33891,1.39555,1.45388,1.51389,1.57561,1.63906,1.70426,1.7712,1.83993,1.91043,1.98273,2.05684,2.13276,2.21051,2.29009,2.37151,2.45478,2.5399,2.62687,2.7157,2.80638,2.89893,2.99333,3.08959,3.1877,3.28765,3.38944,3.49307,3.59853,3.7058,3.8149,3.92579,4.03848,4.15295,4.26919,4.38719,4.50692,4.62838,4.75155,4.87641,5.00295,5.13114,5.26098,5.39243,5.52549,5.66013,5.79632,5.93406,6.07331,6.21405,6.35627,6.49994,6.64503,6.79152,6.9394,7.08863,7.23919,7.39105,7.5442,7.6986,7.85424,8.01108,8.16911,8.32829,8.48861
0.707071,0.225215,0.239558,0.25464,0.270486,0.287125,0.304583,0.32289,0.342071,0.362156,0.383174,0.405152,0.42812,0.452107,0.477141,0.503251,0.530466,0.558816,0.588328,0.619033,0.650957,0.68413,0.718579,0.754333,0.791419,0.829864,0.869694,0.910937,0.953617,0.99776,1.04339,1.09053,1.13921,1.18945,1.24127,1.29468,1.34972,1.40641,1.46475,1.52478,1.5865,1.64993,1.7151,1.78201,1.85067,1.92111,1.99332,2.06733,2.14314,2.22077,2.30021,2.38147,2.46457,2.5495,2.63627,2.72489,2.81534,2.90764,3.00179,3.09777,3.1956,3.29525,3.39673,3.50002,3.60514,3.71206,3.82079,3.9313,4.0436,4.15766,4.27348,4.39105,4.51034,4.63135,4.75406,4.87845,5.00451,5.13222,5.26156,5.39251,5.52505,5.65917,5.79484,5.93204,6.07075,6.21095,6.35262,6.49573,6.64027,6.7862,6.93351,7.08217,7.23216,7.38346,7.53603,7.68986,7.84492,8.00119,8.15864,8.31726,8.477
0.717172,0.230417,0.244951,0.260225,0.276267,0.293102,0.310758,0.329262,0.348643,0.368927,0.390143,0.412319,0.435484,0.459666,0.484893,0.511195,0.538599,0.567134,0.596829,0.627712,0.65981,0.693152,0.727765,0.763677,0.800914,0.839504,0.879473,0.920846,0.963648,1.00791,1.05364,1.10088,1.14965,1.19996,1.25184,1.30532,1.3604,1.41712,1.47548,1.53551,1.59723,1.66065,1.72579,1.79265,1.86126,1.93162,2.00376,2.07767,2.15337,2.23086,2.31017,2.39128,2.4742,2.55895,2.64553,2.73393,2.82416,2.91621,3.0101,3.10582,3.20336,3.30271,3.40388,3.50686,3.61163,3.7182,3.82656,3.9367,4.04861,4.16228,4.27769,4.39483,4.51369,4.63426,4.75651,4.88044,5.00603,5.13326,5.2621,5.39256,5.52459,5.6582,5.79335,5.93002,6.0682,6.20787,6.34899,6.49156,6.63554,6.78092,6.92767,7.07578,7.2252,7.37593,7.52794,7.68121,7.8357,7.9914,8.14829,8.30633,8.46551
0.727273,0.235613,0.250336,0.265801,0.282034,0.299062,0.316912,0.335611,0.355186,0.375665,0.397076,0.419446,0.442804,0.467177,0.492594,0.519083,0.546671,0.575388,0.60526,0.636317,0.668584,0.702091,0.736863,0.772929,0.810314,0.849044,0.889147,0.930646,0.973567,1.01793,1.06377,1.1111,1.15995,1.21034,1.26228,1.31581,1.37093,1.42768,1.48606,1.5461,1.60782,1.67122,1.73632,1.80314,1.87169,1.94199,2.01403,2.08785,2.16344,2.24081,2.31997,2.40092,2.48368,2.56825,2.65463,2.74282,2.83282,2.92464,3.01828,3.11373,3.21099,3.31005,3.41091,3.51357,3.61801,3.72423,3.83224,3.94201,4.05353,4.1668,4.28181,4.39854,4.51697,4.6371,4.75891,4.88238,5.0075,5.13425,5.26262,5.39258,5.52412,5.65721,5.79185,5.92801,6.06566,6.2048,6.34539,6.48742,6.63086,6.77569,6.92189,7.06944,7.21831,7.36848,7.51993,7.67263,7.82657,7.98171,8.13803,8.29551,8.45413
0.737374,0.240804,0.255712,0.271364,0.287786,0.305004,0.323045,0.341935,0.361701,0.382372,0.403973,0.426533,0.45008,0.47464,0.500243,0.526914,0.554683,0.583577,0.613623,0.644848,0.677281,0.710948,0.745875,0.78209,0.819618,0.858486,0.898718,0.940339,0.983375,1.02785,1.07378,1.1212,1.17013,1.22059,1.27259,1.32617,1.38133,1.43811,1.4965,1.55655,1.61825,1.68163,1.7467,1.81348,1.88197,1.95219,2.02416,2.09787,2.17335,2.25059,2.32962,2.41042,2.49301,2.5774,2.66358,2.75156,2.84135,2.93293,3.02632,3.1215,3.21848,3.31726,3.41782,3.52016,3.62427,3.73016,3.83781,3.94721,4.05836,4.17124,4.28585,4.40216,4.52018,4.63987,4.76124,4.88426,5.00892,5.13521,5.2631,5.39257,5.52362,5.65622,5.79035,5.926,6.06313,6.20175,6.34181,6.4833,6.62621,6.7705,6.91616,7.06316,7.21148,7.3611,7.51199,7.66414,7.81752,7.97211,8.12787,8.2848,8.44286
0.747475,0.245988,0.261079,0.276915,0.293523,0.310927,0.329155,0.348233,0.368188,0.389046,0.410834,0.433581,0.457312,0.482056,0.507839,0.53469,0.562635,0.591701,0.621916,0.653307,0.685901,0.719724,0.754802,0.791162,0.828829,0.867829,0.908187,0.949927,0.993074,1.03765,1.08368,1.13119,1.18019,1.23071,1.28277,1.33639,1.39159,1.44839,1.5068,1.56685,1.62854,1.6919,1.75694,1.82367,1.8921,1.96225,2.03413,2.10775,2.18311,2.26023,2.33912,2.41977,2.5022,2.5864,2.67239,2.76017,2.84973,2.94108,3.03422,3.12914,3.22586,3.32434,3.4246,3.52663,3.63042,3.73597,3.84327,3.95231,4.06309,4.17559,4.2898,4.40571,4.52331,4.64258,4.76352,4.88609,5.0103,5.13612,5.26354,5.39254,5.5231,5.65521,5.78884,5.92398,6.06061,6.19871,6.33825,6.47922,6.62159,6.76535,6.91047,7.05693,7.20471,7.35378,7.50413,7.65573,7.80856,7.96259,8.11781,8.27419,8.4317
0.757576,0.251165,0.266435,0.282453,0.299243,0.316831,0.335243,0.354505,0.374644,0.395686,0.417658,0.440587,0.4645,0.489423,0.515384,0.542409,0.570526,0.599761,0.630142,0.661694,0.694445,0.728419,0.763645,0.800146,0.837948,0.877077,0.917556,0.959411,1.00266,1.04734,1.09346,1.14105,1.19012,1.24071,1.29282,1.34649,1.40172,1.45854,1.51697,1.57701,1.6387,1.70203,1.76703,1.83371,1.90209,1.97217,2.04396,2.11748,2.19273,2.26973,2.34847,2.42897,2.51124,2.59527,2.68106,2.76863,2.85798,2.9491,3.04199,3.13666,3.2331,3.33131,3.43127,3.53299,3.63646,3.74168,3.84864,3.95732,4.06773,4.17985,4.29368,4.40919,4.52638,4.64523,4.76573,4.88787,5.01163,5.137,5.26396,5.39248,5.52257,5.65419,5.78733,5.92197,6.05809,6.19568,6.3347,6.47515,6.617,6.76023,6.90482,7.05075,7.19799,7.34653,7.49633,7.64739,7.79968,7.95317,8.10784,8.26367,8.42064
0.767677,0.256333,0.27178,0.287976,0.304946,0.322714,0.341307,0.360751,0.381071,0.402293,0.424445,0.447553,0.471643,0.496742,0.522876,0.550073,0.578358,0.607758,0.6383,0.670009,0.702913,0.737036,0.772403,0.809042,0.846976,0.886229,0.926827,0.968793,1.01215,1.05692,1.10313,1.15079,1.19994,1.25059,1.30275,1.35646,1.41172,1.46856,1.527,1.58704,1.64871,1.71202,1.77698,1.84362,1.91193,1.98193,2.05364,2.12706,2.2022,2.27908,2.35768,2.43804,2.52013,2.60399,2.6896,2.77696,2.86609,2.95699,3.04964,3.14405,3.24022,3.33815,3.43783,3.53924,3.6424,3.74729,3.8539,3.96224,4.07229,4.18403,4.29747,4.41259,4.52938,4.64782,4.7679,4.8896,5.01292,5.13784,5.26434,5.3924,5.52201,5.65315,5.78581,5.91996,6.05558,6.19266,6.33118,6.47111,6.61245,6.75516,6.89922,7.04462,7.19133,7.33933,7.48861,7.63913,7.79087,7.94382,8.09796,8.25325,8.40968
0.777778,0.261491,0.277113,0.293485,0.310631,0.328577,0.347348,0.366969,0.387467,0.408867,0.431195,0.454478,0.478742,0.504013,0.530317,0.557681,0.58613,0.615691,0.646391,0.678254,0.711306,0.745573,0.78108,0.817852,0.855913,0.895288,0.936,0.978073,1.02153,1.06639,1.11269,1.16043,1.20964,1.26034,1.31256,1.3663,1.42159,1.47845,1.53689,1.59693,1.65859,1.72187,1.7868,1.85338,1.92163,1.99156,2.06318,2.13651,2.21154,2.28828,2.36676,2.44696,2.5289,2.61257,2.69799,2.78516,2.87408,2.96474,3.05716,3.15132,3.24723,3.34488,3.44427,3.54538,3.64823,3.75279,3.85907,3.96706,4.07675,4.18813,4.30119,4.41592,4.53231,4.65034,4.77,4.89128,5.01416,5.13864,5.26468,5.39229,5.52143,5.6521,5.78427,5.91794,6.05307,6.18965,6.32767,6.4671,6.60792,6.75011,6.89366,7.03853,7.18472,7.3322,7.48094,7.63093,7.78215,7.93456,8.08816,8.24292,8.39881
0.787879,0.26664,0.282434,0.298978,0.316298,0.334418,0.353364,0.37316,0.393832,0.415406,0.437907,0.461362,0.485796,0.511235,0.537706,0.565233,0.593843,0.623562,0.654415,0.686427,0.719625,0.754032,0.789675,0.826576,0.864761,0.904254,0.945077,0.987254,1.03081,1.07576,1.12213,1.16995,1.21922,1.26998,1.32224,1.37602,1.43134,1.48821,1.54666,1.60669,1.66833,1.73159,1.79648,1.86301,1.9312,2.00105,2.07259,2.14581,2.22073,2.29736,2.37569,2.45575,2.53752,2.62103,2.70626,2.79323,2.88193,2.97238,3.06455,3.15847,3.25411,3.35149,3.4506,3.55142,3.65395,3.7582,3.86415,3.97179,4.08113,4.19215,4.30483,4.41918,4.53517,4.6528,4.77205,4.89291,5.01536,5.1394,5.265,5.39215,5.52083,5.65103,5.78273,5.91592,6.05056,6.18666,6.32418,6.4631,6.60342,6.7451,6.88814,7.0325,7.17816,7.32512,7.47334,7.6228,7.77349,7.92538,8.07845,8.23268,8.38805
0.79798,0.271777,0.28774,0.304455,0.321946,0.340238,0.359355,0.379322,0.400166,0.42191,0.444582,0.468205,0.492806,0.51841,0.545043,0.57273,0.601497,0.63137,0.662373,0.694531,0.72787,0.762415,0.798189,0.835217,0.873522,0.913129,0.95406,0.996338,1.03998,1.08502,1.13147,1.17936,1.2287,1.27951,1.33181,1.38562,1.44096,1.49785,1.5563,1.61633,1.67795,1.74117,1.80602,1.8725,1.94063,2.01041,2.08186,2.15498,2.22979,2.30629,2.38449,2.4644,2.54602,2.62935,2.7144,2.80117,2.88967,2.97989,3.07183,3.1655,3.26089,3.358,3.45682,3.55735,3.65958,3.7635,3.86913,3.97644,4.08542,4.19608,4.3084,4.42237,4.53797,4.6552,4.77404,4.89449,5.01652,5.14012,5.26528,5.39198,5.52021,5.64995,5.78118,5.91389,6.04806,6.18367,6.3207,6.45913,6.59894,6.74012,6.88265,7.0265,7.17166,7.31809,7.4658,7.61474,7.76491,7.91628,8.06882,8.22253,8.37737
0.808081,0.276903,0.293033,0.309915,0.327574,0.346034,0.36532,0.385457,0.406468,0.42838,0.451218,0.475006,0.49977,0.525536,0.552328,0.580172,0.609093,0.639115,0.670265,0.702566,0.736043,0.770721,0.806623,0.843774,0.882196,0.921914,0.962949,1.00532,1.04906,1.09418,1.14071,1.18866,1.23806,1.28892,1.34126,1.3951,1.45047,1.50737,1.56582,1.62583,1.68743,1.75063,1.81544,1.88187,1.94993,2.01963,2.09099,2.16402,2.23872,2.3151,2.39316,2.47292,2.55438,2.63754,2.72241,2.80899,2.89727,2.98727,3.07899,3.17241,3.26754,3.36439,3.46293,3.56317,3.6651,3.76872,3.87402,3.98099,4.08964,4.19994,4.31189,4.42548,4.5407,4.65754,4.77598,4.89601,5.01763,5.1408,5.26553,5.39179,5.51957,5.64885,5.77962,5.91186,6.04555,6.18068,6.31723,6.45517,6.59449,6.73518,6.8772,7.02055,7.16519,7.31112,7.45831,7.60674,7.75639,7.90724,8.05927,8.21246,8.36678
0.818182,0.282017,0.298311,0.315358,0.333182,0.351808,0.37126,0.391562,0.412739,0.434815,0.457816,0.481766,0.506691,0.532614,0.559562,0.587559,0.61663,0.646799,0.678092,0.710532,0.744144,0.778951,0.814978,0.852248,0.890785,0.93061,0.971746,1.01422,1.05804,1.10324,1.14984,1.19785,1.24731,1.29821,1.35059,1.40447,1.45985,1.51676,1.57521,1.63522,1.6968,1.75996,1.82473,1.8911,1.9591,2.02873,2.1,2.17293,2.24752,2.32377,2.40171,2.48132,2.56262,2.64561,2.7303,2.81668,2.90476,2.99454,3.08603,3.17921,3.27409,3.37067,3.46894,3.56889,3.67053,3.77384,3.87882,3.98546,4.09376,4.20372,4.31531,4.42853,4.54337,4.65982,4.77787,4.89749,5.01869,5.14145,5.26574,5.39157,5.5189,5.64774,5.77805,5.90983,6.04305,6.17771,6.31377,6.45123,6.59007,6.73026,6.87179,7.01463,7.15878,7.3042,7.45088,7.59881,7.74795,7.89828,8.0498,8.20247,8.35628
0.828283,0.287118,0.303573,0.320783,0.33877,0.357559,0.377174,0.397638,0.418977,0.441215,0.464376,0.488485,0.513566,0.539645,0.566745,0.594892,0.624109,0.654422,0.685854,0.71843,0.752173,0.787107,0.823256,0.860642,0.899289,0.939218,0.980453,1.02301,1.06692,1.1122,1.15887,1.20694,1.25645,1.3074,1.35982,1.41372,1.46912,1.52603,1.58448,1.64448,1.70604,1.76917,1.83389,1.90021,1.96814,2.0377,2.10888,2.18171,2.25619,2.33232,2.41012,2.48959,2.57073,2.65356,2.73806,2.82425,2.91213,3.0017,3.09295,3.1859,3.28053,3.37685,3.47485,3.57452,3.67586,3.77886,3.88353,3.98985,4.09781,4.20742,4.31866,4.43151,4.54598,4.66205,4.7797,4.89893,5.01971,5.14205,5.26592,5.39132,5.51822,5.6466,5.77647,5.90779,6.04055,6.17473,6.31033,6.44731,6.58566,6.72536,6.8664,7.00876,7.1524,7.29733,7.44351,7.59093,7.73956,7.88939,8.0404,8.19257,8.34586
0.838384,0.292205,0.30882,0.326189,0.344337,0.363286,0.383061,0.403685,0.425183,0.447579,0.470897,0.495162,0.520397,0.546627,0.573876,0.60217,0.631531,0.661983,0.693552,0.72626,0.760131,0.795189,0.831456,0.868955,0.907709,0.94774,0.989069,1.03172,1.07571,1.12106,1.1678,1.21593,1.26549,1.31648,1.36893,1.42286,1.47827,1.53519,1.59364,1.65362,1.71515,1.77825,1.84293,1.90919,1.97706,2.04654,2.11764,2.19037,2.26473,2.34075,2.41841,2.49774,2.57873,2.66138,2.74571,2.83171,2.91939,3.00874,3.09977,3.19248,3.28686,3.38292,3.48065,3.58004,3.68109,3.7838,3.88815,3.99415,4.10178,4.21105,4.32193,4.43443,4.54853,4.66421,4.78148,4.90031,5.02069,5.14262,5.26607,5.39104,5.51751,5.64546,5.77487,5.90574,6.03804,6.17177,6.30689,6.4434,6.58128,6.7205,6.86105,7.00292,7.14607,7.2905,7.43619,7.58311,7.73124,7.88057,8.03108,8.18274,8.33553
0.848485,0.297279,0.31405,0.331577,0.349881,0.368988,0.388921,0.409702,0.431357,0.453908,0.47738,0.501797,0.527183,0.553562,0.580957,0.609394,0.638895,0.669485,0.701187,0.734024,0.76802,0.803198,0.83958,0.877189,0.916047,0.956176,0.997598,1.04033,1.0844,1.12983,1.17662,1.22482,1.27442,1.32545,1.37793,1.43188,1.48731,1.54424,1.60268,1.66265,1.72415,1.78722,1.85185,1.91806,1.98586,2.05526,2.12627,2.1989,2.27316,2.34905,2.42658,2.50577,2.5866,2.66909,2.75324,2.83905,2.92653,3.01567,3.10648,3.19895,3.29309,3.3889,3.48636,3.58547,3.68624,3.78864,3.89269,3.99837,4.10567,4.2146,4.32514,4.43728,4.55101,4.66632,4.78321,4.90165,5.02163,5.14315,5.26619,5.39074,5.51677,5.64429,5.77326,5.90369,6.03554,6.1688,6.30346,6.43951,6.57691,6.71566,6.85573,6.99711,7.13978,7.28373,7.42892,7.57534,7.72298,7.87181,8.02182,8.17298,8.32527
0.858586,0.302338,0.319263,0.336945,0.355405,0.374666,0.394753,0.415689,0.437497,0.460201,0.483824,0.508391,0.533924,0.560449,0.587987,0.616564,0.646203,0.676926,0.708758,0.741721,0.775839,0.811134,0.847628,0.885344,0.924304,0.964529,1.00604,1.04886,1.093,1.1385,1.18535,1.2336,1.28325,1.33432,1.38683,1.4408,1.49624,1.55317,1.6116,1.67156,1.73304,1.79607,1.86065,1.9268,1.99454,2.06386,2.13478,2.20732,2.28146,2.35724,2.43464,2.51368,2.59435,2.67668,2.76065,2.84628,2.93356,3.02249,3.11308,3.20532,3.29922,3.39477,3.49197,3.59081,3.69129,3.7934,3.89714,4.00251,4.10949,4.21808,4.32828,4.44006,4.55343,4.66838,4.78488,4.90294,5.02253,5.14365,5.26628,5.39041,5.51602,5.64311,5.77165,5.90163,6.03303,6.16584,6.30005,6.43563,6.57256,6.71084,6.85044,6.99134,7.13353,7.27699,7.4217,7.56763,7.71478,7.86312,8.01263,8.1633,8.3151
0.868687,0.307382,0.324459,0.342293,0.360905,0.38032,0.400559,0.421646,0.443605,0.466458,0.49023,0.514943,0.540621,0.567288,0.594967,0.623681,0.653454,0.684308,0.716267,0.749353,0.78359,0.818999,0.855602,0.893422,0.93248,0.972798,1.01439,1.05729,1.10151,1.14707,1.19399,1.24229,1.29198,1.34309,1.39563,1.44961,1.50506,1.56199,1.62042,1.68035,1.74181,1.8048,1.86934,1.93543,2.0031,2.07234,2.14318,2.21561,2.28965,2.3653,2.44257,2.52147,2.602,2.68416,2.76795,2.85339,2.94048,3.0292,3.11957,3.21159,3.30525,3.40055,3.49748,3.59606,3.69625,3.79807,3.90151,4.00657,4.11323,4.22149,4.33135,4.44279,4.5558,4.67038,4.78651,4.90418,5.02338,5.1441,5.26633,5.39005,5.51524,5.6419,5.77001,5.89956,6.03052,6.16288,6.29664,6.43176,6.56823,6.70604,6.84517,6.98561,7.12732,7.2703,7.41452,7.55998,7.70664,7.85449,8.00351,8.15369,8.305
0.878788,0.31241,0.329637,0.347621,0.366383,0.385948,0.406336,0.427573,0.449679,0.47268,0.496597,0.521454,0.547274,0.57408,0.601896,0.630745,0.660648,0.691631,0.723714,0.75692,0.791272,0.826793,0.863503,0.901424,0.940577,0.980985,1.02267,1.06564,1.10993,1.15555,1.20253,1.25087,1.30061,1.35175,1.40432,1.45832,1.51378,1.57071,1.62912,1.68904,1.75047,1.81342,1.87791,1.94395,2.01155,2.08071,2.15146,2.22379,2.29772,2.37325,2.45039,2.52915,2.60952,2.69152,2.77515,2.8604,2.94729,3.03581,3.12596,3.21775,3.31117,3.40622,3.50291,3.60121,3.70113,3.80266,3.9058,4.01055,4.11689,4.22483,4.33435,4.44545,4.55811,4.67232,4.78808,4.90538,5.0242,5.14452,5.26635,5.38966,5.51444,5.64069,5.76837,5.89748,6.02801,6.15993,6.29323,6.4279,6.56392,6.70127,6.83994,6.9799,7.12114,7.26365,7.40739,7.55237,7.69855,7.84592,7.99446,8.14415,8.29497
0.888889,0.317423,0.334797,0.352928,0.371838,0.39155,0.412086,0.433468,0.45572,0.478865,0.502925,0.527923,0.553882,0.580825,0.608776,0.637755,0.667788,0.698895,0.731099,0.764423,0.798888,0.834517,0.87133,0.909349,0.948596,0.98909,1.03085,1.0739,1.11826,1.16395,1.21098,1.25937,1.30914,1.36032,1.4129,1.46692,1.52239,1.57932,1.63772,1.69762,1.75901,1.82193,1.88637,1.95235,2.01988,2.08897,2.15963,2.23186,2.30568,2.38109,2.4581,2.53672,2.61694,2.69878,2.78223,2.8673,2.954,3.04231,3.13225,3.22382,3.317,3.41181,3.50823,3.60627,3.70592,3.80717,3.91001,4.01445,4.12049,4.2281,4.33729,4.44804,4.56035,4.67421,4.78961,4.90653,5.02497,5.14491,5.26634,5.38925,5.51362,5.63945,5.76671,5.8954,6.02549,6.15697,6.28983,6.42406,6.55962,6.69652,6.83472,6.97422,7.115,7.25703,7.40031,7.54481,7.69051,7.8374,7.98546,8.13467,8.28501
0.89899,0.322419,0.339939,0.358215,0.37727,0.397127,0.417807,0.439333,0.461728,0.485014,0.509214,0.534351,0.560446,0.587524,0.615605,0.644714,0.674871,0.7061,0.738423,0.771861,0.806437,0.842171,0.879085,0.917201,0.956537,0.997116,1.03896,1.08208,1.1265,1.17225,1.21933,1.26777,1.31758,1.36878,1.42139,1.47542,1.5309,1.58782,1.64621,1.70609,1.76745,1.83033,1.89472,1.96064,2.0281,2.09711,2.16768,2.23982,2.31353,2.38882,2.4657,2.54418,2.62425,2.70593,2.78921,2.8741,2.9606,3.04872,3.13844,3.22978,3.32274,3.4173,3.51347,3.61125,3.71062,3.81159,3.91415,4.01829,4.12401,4.2313,4.34016,4.45058,4.56255,4.67605,4.79109,4.90764,5.0257,5.14526,5.2663,5.38881,5.51278,5.63819,5.76504,5.8933,6.02297,6.15402,6.28644,6.42022,6.55534,6.69178,6.82954,6.96858,7.10889,7.25046,7.39327,7.5373,7.68253,7.82895,7.97653,8.12526,8.27512
0.909091,0.327399,0.345061,0.36348,0.382679,0.402678,0.4235,0.445168,0.467703,0.491128,0.515465,0.540737,0.566966,0.594175,0.622385,0.65162,0.6819,0.713249,0.745687,0.779237,0.81392,0.849757,0.886769,0.924978,0.964402,1.00506,1.04698,1.09017,1.13466,1.18046,1.22759,1.27607,1.32592,1.37715,1.42978,1.48383,1.5393,1.59622,1.6546,1.71445,1.77579,1.83862,1.90296,1.96882,2.03621,2.10515,2.17563,2.24766,2.32127,2.39644,2.47319,2.55153,2.63145,2.71297,2.79608,2.88079,2.9671,3.05502,3.14454,3.23566,3.32838,3.4227,3.51862,3.61614,3.71524,3.81593,3.9182,4.02204,4.12746,4.23444,4.34297,4.45306,4.56468,4.67784,4.79252,4.9087,5.02639,5.14557,5.26622,5.38834,5.51191,5.63692,5.76335,5.8912,6.02044,6.15106,6.28305,6.4164,6.55107,6.68707,6.82437,6.96296,7.10282,7.24393,7.38627,7.52983,7.6746,7.82055,7.96766,8.11592,8.2653
0.919192,0.332361,0.350164,0.368724,0.388063,0.408202,0.429164,0.450971,0.473644,0.497205,0.521677,0.547082,0.573443,0.60078,0.629116,0.658474,0.688874,0.720339,0.752891,0.78655,0.821338,0.857275,0.894383,0.932682,0.972192,1.01293,1.05492,1.09818,1.14273,1.18859,1.23577,1.28429,1.33417,1.38543,1.43807,1.49213,1.54761,1.60452,1.66288,1.72271,1.78401,1.84681,1.9111,1.9769,2.04422,2.11307,2.18347,2.2554,2.3289,2.40395,2.48058,2.55878,2.63855,2.71991,2.80285,2.88739,2.97351,3.06122,3.15053,3.24143,3.33393,3.42801,3.52369,3.62095,3.71978,3.8202,3.92218,4.02573,4.13084,4.2375,4.34572,4.45547,4.56676,4.67957,4.7939,4.90972,5.02704,5.14585,5.26612,5.38785,5.51102,5.63563,5.76165,5.88909,6.01791,6.14811,6.27967,6.41258,6.54682,6.68237,6.81923,6.95737,7.09677,7.23742,7.37931,7.52241,7.66672,7.8122,7.95884,8.10663,8.25555
0.929293,0.337306,0.355247,0.373946,0.393423,0.413701,0.4348,0.456743,0.479551,0.503246,0.527851,0.553386,0.579875,0.607338,0.635798,0.665276,0.695794,0.727374,0.760035,0.793801,0.828691,0.864726,0.901927,0.940314,0.979906,1.02072,1.06279,1.10611,1.15072,1.19663,1.24385,1.29242,1.34233,1.39361,1.44627,1.50034,1.55581,1.61272,1.67107,1.73087,1.79214,1.85489,1.91913,1.98487,2.05212,2.1209,2.1912,2.26304,2.33643,2.41136,2.48786,2.56592,2.64555,2.72675,2.80952,2.89388,2.97981,3.06733,3.15643,3.24712,3.33939,3.43323,3.52866,3.62567,3.72424,3.82438,3.92608,4.02934,4.13415,4.24051,4.3484,4.45783,4.56879,4.68126,4.79523,4.9107,5.02766,5.14609,5.26598,5.38733,5.51011,5.63432,5.75994,5.88696,6.01537,6.14515,6.27629,6.40877,6.54258,6.67769,6.81411,6.9518,7.09076,7.23096,7.37239,7.51504,7.65888,7.8039,7.95008,8.09741,8.24586
0.939394,0.342233,0.360311,0.379146,0.398759,0.419172,0.440407,0.462483,0.485424,0.509251,0.533986,0.55965,0.586264,0.613851,0.642432,0.672028,0.702661,0.734351,0.767121,0.80099,0.83598,0.87211,0.909402,0.947875,0.987548,1.02844,1.07057,1.11396,1.15863,1.20459,1.25185,1.30045,1.35039,1.4017,1.45438,1.50845,1.56392,1.62082,1.67915,1.73893,1.80016,1.86287,1.92706,1.99274,2.05992,2.12861,2.19883,2.27057,2.34385,2.41867,2.49504,2.57296,2.65244,2.73348,2.8161,2.90027,2.98602,3.07335,3.16224,3.25271,3.34476,3.43837,3.53356,3.63031,3.72862,3.82849,3.92991,4.03288,4.13739,4.24344,4.35103,4.46014,4.57076,4.68289,4.79652,4.91164,5.02823,5.14629,5.26581,5.38678,5.50917,5.63299,5.75821,5.88483,6.01283,6.1422,6.27291,6.40497,6.53835,6.67303,6.80901,6.94626,7.08477,7.22453,7.36551,7.5077,7.65109,7.79566,7.94138,8.08825,8.23624
0.949495,0.347142,0.365354,0.384324,0.404071,0.424617,0.445984,0.468193,0.491264,0.51522,0.540082,0.565872,0.59261,0.620317,0.649017,0.678728,0.709473,0.741273,0.774148,0.808119,0.843206,0.879429,0.916809,0.955365,0.995116,1.03608,1.07828,1.12173,1.16645,1.21246,1.25977,1.3084,1.35837,1.4097,1.46239,1.51647,1.57194,1.62883,1.68714,1.74689,1.80809,1.87075,1.93489,2.0005,2.06762,2.13623,2.20636,2.278,2.35117,2.42587,2.50211,2.5799,2.65924,2.74012,2.82257,2.90657,2.99214,3.07927,3.16796,3.25822,3.35004,3.44342,3.53837,3.63487,3.73292,3.83252,3.93367,4.03635,4.14057,4.24632,4.35359,4.46238,4.57268,4.68447,4.79776,4.91253,5.02877,5.14647,5.26562,5.3862,5.50822,5.63164,5.75647,5.88269,6.01028,6.13924,6.26954,6.40117,6.53413,6.66838,6.80393,6.94074,7.07881,7.21813,7.35867,7.50041,7.64335,7.78746,7.93273,8.07914,8.22667
0.959596,0.352032,0.370377,0.389479,0.409358,0.430036,0.451533,0.473871,0.497071,0.521154,0.546141,0.572053,0.598912,0.626738,0.655554,0.685378,0.716233,0.74814,0.781117,0.815187,0.850369,0.886683,0.924149,0.962785,1.00261,1.04365,1.08591,1.12942,1.17419,1.22025,1.2676,1.31627,1.36626,1.41761,1.47031,1.52439,1.57986,1.63674,1.69503,1.75475,1.81592,1.87853,1.94262,2.00817,2.07521,2.14375,2.21378,2.28533,2.35839,2.43298,2.50909,2.58674,2.66593,2.74667,2.82895,2.91278,2.99816,3.0851,3.17359,3.26364,3.35524,3.44839,3.5431,3.63935,3.73715,3.83648,3.93736,4.03976,4.14368,4.24913,4.3561,4.46457,4.57454,4.68601,4.79896,4.91338,5.02927,5.1466,5.26539,5.3856,5.50724,5.63028,5.75472,5.88054,6.00773,6.13628,6.26617,6.39739,6.52992,6.66375,6.79886,6.93525,7.07289,7.21176,7.35186,7.49316,7.63565,7.77931,7.92413,8.07009,8.21717
0.969697,0.356904,0.375379,0.394611,0.41462,0.435427,0.457052,0.479517,0.502843,0.527051,0.55216,0.578194,0.605171,0.633114,0.662043,0.691978,0.722941,0.754951,0.78803,0.822196,0.85747,0.893873,0.931422,0.970137,1.01004,1.05114,1.09347,1.13703,1.18186,1.22796,1.27535,1.32405,1.37407,1.42543,1.47814,1.53223,1.58769,1.64456,1.70283,1.76252,1.82365,1.88622,1.95025,2.01574,2.08271,2.15117,2.22111,2.29256,2.36552,2.43998,2.51597,2.59349,2.67254,2.75312,2.83523,2.91889,3.00409,3.09084,3.17913,3.26897,3.36035,3.45328,3.54774,3.64375,3.7413,3.84037,3.94097,4.04309,4.14673,4.25189,4.35854,4.4667,4.57636,4.6875,4.80011,4.91419,5.02973,5.14671,5.26513,5.38497,5.50623,5.62889,5.75295,5.87838,6.00517,6.13331,6.2628,6.3936,6.52572,6.65913,6.79382,6.92978,7.06698,7.20542,7.34508,7.48594,7.62799,7.77121,7.91558,8.06109,8.20772
0.979798,0.361757,0.380361,0.39972,0.419857,0.440791,0.462542,0.485133,0.508582,0.532912,0.558142,0.584294,0.611388,0.639444,0.668484,0.698528,0.729596,0.761708,0.794885,0.829146,0.86451,0.900998,0.938629,0.977421,1.01739,1.05856,1.10095,1.14457,1.18945,1.23559,1.28301,1.33174,1.38179,1.43316,1.48589,1.53997,1.59543,1.65228,1.71053,1.7702,1.83128,1.89381,1.95778,2.02322,2.09011,2.15849,2.22834,2.29969,2.37254,2.4469,2.52276,2.60014,2.67904,2.75947,2.84143,2.92492,3.00994,3.09649,3.18459,3.27421,3.36538,3.45808,3.55231,3.64808,3.74537,3.84419,3.94452,4.04637,4.14972,4.25458,4.36093,4.46879,4.57812,4.68893,4.80122,4.91496,5.03015,5.14678,5.26484,5.38432,5.50521,5.62749,5.75116,5.8762,6.0026,6.13035,6.25943,6.38983,6.52153,6.65452,6.78879,6.92433,7.06111,7.19912,7.33834,7.47877,7.62038,7.76315,7.90708,8.05215,8.19833
0.989899,0.366591,0.385321,0.404807,0.425069,0.446127,0.468003,0.490716,0.514287,0.538737,0.564085,0.590354,0.617561,0.64573,0.674879,0.705029,0.736199,0.768411,0.801684,0.836037,0.871489,0.908061,0.945771,0.984637,1.02468,1.06591,1.10836,1.15203,1.19695,1.24314,1.2906,1.33935,1.38942,1.44081,1.49354,1.54763,1.60308,1.65992,1.71814,1.77778,1.83883,1.90131,1.96523,2.03059,2.09742,2.16571,2.23548,2.30673,2.37948,2.45371,2.52945,2.6067,2.68546,2.76574,2.84753,2.93085,3.01569,3.10206,3.18996,3.27938,3.37033,3.46281,3.55681,3.65233,3.74938,3.84793,3.948,4.04957,4.15264,4.25721,4.36327,4.47081,4.57983,4.69033,4.80228,4.91568,5.03053,5.14682,5.26452,5.38364,5.50416,5.62607,5.74936,5.87402,6.00003,6.12738,6.25606,6.38605,6.51735,6.64993,6.78379,6.9189,7.05525,7.19284,7.33163,7.47163,7.6128,7.75514,7.89863,8.04326,8.189
1,0.371405,0.39026,0.40987,0.430255,0.451437,0.473435,0.496268,0.519959,0.544526,0.569991,0.596373,0.623693,0.651971,0.681226,0.71148,0.742752,0.775061,0.808427,0.84287,0.878408,0.915062,0.952849,0.991787,1.0319,1.07319,1.1157,1.15942,1.20439,1.25061,1.2981,1.34689,1.39697,1.44838,1.50111,1.5552,1.61064,1.66746,1.72567,1.78527,1.84628,1.90871,1.97258,2.03788,2.10463,2.17285,2.24253,2.31368,2.38631,2.46044,2.53605,2.61317,2.69179,2.77191,2.85355,2.93669,3.02136,3.10754,3.19524,3.28446,3.3752,3.46745,3.56122,3.65651,3.75331,3.85161,3.95141,4.05271,4.1555,4.25978,4.36555,4.47279,4.5815,4.69167,4.8033,4.91637,5.03088,5.14682,5.26417,5.38293,5.50309,5.62463,5.74755,5.87182,5.99745,6.12441,6.25269,6.38229,6.51318,6.64535,6.77879,6.91349,7.04942,7.18658,7.32496,7.46452,7.60526,7.74717,7.89023,8.03441,8.17972
