Time to maturity,Strike,BSM option price
,90,90.202,90.404,90.6061,90.8081,91.0101,91.2121,91.4141,91.6162,91.8182,92.0202,92.2222,92.4242,92.6263,92.8283,93.0303,93.2323,93.4343,93.6364,93.8384,94.0404,94.2424,94.4444,94.6465,94.8485,95.0505,95.2525,95.4545,95.6566,95.8586,96.0606,96.2626,96.4646,96.6667,96.8687,97.0707,97.2727,97.4747,97.6768,97.8788,98.0808,98.2828,98.4848,98.6869,98.8889,99.0909,99.2929,99.4949,99.697,99.899,100.101,100.303,100.505,100.707,100.909,101.111,101.313,101.515,101.717,101.919,102.121,102.323,102.525,102.727,102.929,103.131,103.333,103.535,103.737,103.939,104.141,104.343,104.545,104.747,104.949,105.152,105.354,105.556,105.758,105.96,106.162,106.364,106.566,106.768,106.97,107.172,107.374,107.576,107.778,107.98,108.182,108.384,108.586,108.788,108.99,109.192,109.394,109.596,109.798,110
0,10,9.79798,9.59596,9.39394,9.19192,8.9899,8.78788,8.58586,8.38384,8.18182,7.9798,7.77778,7.57576,7.37374,7.17172,6.9697,6.76768,6.56566,6.36364,6.16162,5.9596,5.75758,5.55556,5.35354,5.15152,4.94949,4.74747,4.54545,4.34343,4.14141,3.93939,3.73737,3.53535,3.33333,3.13131,2.92929,2.72727,2.52525,2.32323,2.12121,1.91919,1.71717,1.51515,1.31313,1.11111,0.909091,0.707071,0.505051,0.30303,0.10101,0,0,0,0,0,0,0,0,0,0,0,0,0,0,0,0,0,0,0,0,0,0,0,0,0,0,0,0,0,0,0,0,0,0,0,0,0,0,0,0,0,0,0,0,0,0,0,0,0,0
0.010101,10.0252,9.82332,9.62141,9.41949,9.21757,9.01565,8.81373,8.61182,8.4099,8.20798,8.00606,7.80414,7.60222,7.40031,7.19839,6.99647,6.79455,6.59263,6.39072,6.1888,5.98688,5.78496,5.58304,5.38112,5.17921,4.97729,4.77537,4.57345,4.37153,4.16962,3.9677,3.76579,3.5639,3.36203,3.16021,2.9585,2.75699,2.55584,2.35532,2.15582,1.95796,1.76257,1.57077,1.38399,1.20391,1.03242,0.871485,0.723014,0.588657,0.469648,0.366668,0.279763,0.208352,0.151287,0.106995,0.0736352,0.0492734,0.0320354,0.0202237,0.0123897,0.00736236,0.00424177,0.00236861,0.00128152,0.00067163,0.000340893,0.00016754,7.97206e-05,3.67227e-05,1.63749e-05,7.0678e-06,2.95286e-06,1.19413e-06,4.67438e-07,1.7712e-07,6.49692e-08,2.3071e-08,7.93191e-09,2.64043e-09,8.51125e-10,2.65694e-10,8.03343e-11,2.35206e-11,6.67019e-12,1.83856e-12,4.86485e-13,1.26264e-13,3.13726e-14,6.44641e-15,-1.28725e-15,2.42278e-15,-4.75246e-16,-1.42407e-15,-4.85897e-16,0,0,0,0,0,0
0.020202,10.0505,9.84865,9.64683,9.44502,9.2432,9.04139,8.83957,8.63775,8.43594,8.23412,8.0323,7.83049,7.62867,7.42686,7.22504,7.02322,6.82141,6.61959,6.41778,6.21596,6.01414,5.81233,5.61052,5.40871,5.2069,5.00511,4.80334,4.60159,4.3999,4.19829,3.99681,3.79554,3.59456,3.39402,3.19413,2.99513,2.79736,2.60126,2.40734,2.21625,2.02871,1.84557,1.66773,1.49618,1.3319,1.17587,1.02901,0.892122,0.765873,0.650734,0.54697,0.454606,0.373459,0.303117,0.242983,0.192305,0.150216,0.115778,0.0880249,0.0660011,0.0487941,0.0355604,0.0255431,0.0180808,0.0126107,0.00866524,0.00586541,0.00391067,0.00256804,0.00166083,0.00105777,0.000663412,0.000409719,0.000249166,0.000149205,8.79761e-05,5.10779e-05,2.92004e-05,1.64376e-05,9.11142e-06,4.97327e-06,2.67312e-06,1.4149e-06,7.37528e-07,3.78612e-07,1.91421e-07,9.53195e-08,4.67511e-08,2.2586e-08,1.07485e-08,5.03891e-09,2.32718e-09,1.0589e-09,4.74711e-10,2.09696e-10,9.12769e-11,3.91477e-11,1.65499e-11,6.8915e-12,2.83023e-12
0.030303,10.0757,9.87396,9.67224,9.47053,9.26882,9.0671,8.86539,8.66367,8.46196,8.26024,8.05853,7.85682,7.6551,7.45339,7.25167,7.04996,6.84825,6.64654,6.44484,6.24314,6.04146,5.83979,5.63814,5.43654,5.235,5.03354,4.8322,4.63105,4.43014,4.22956,4.02945,3.82996,3.63127,3.43363,3.23732,3.04269,2.85015,2.66014,2.47319,2.28986,2.11077,1.93655,1.76788,1.60541,1.4498,1.30164,1.16151,1.02985,0.907067,0.79342,0.689068,0.594024,0.508207,0.431398,0.363267,0.303391,0.251265,0.20632,0.167944,0.1355,0.108346,0.0858485,0.0673984,0.0524229,0.0403931,0.03083,0.0233071,0.017451,0.0129404,0.00950273,0.00691035,0.00497609,0.00354811,0.00250506,0.00175121,0.00121214,0.000830719,0.000563691,0.000378714,0.000251921,0.000165921,0.000108199,6.98618e-05,4.46633e-05,2.82725e-05,1.7721e-05,1.09984e-05,6.75924e-06,4.11343e-06,2.4789e-06,1.47935e-06,8.74292e-07,5.11712e-07,2.96614e-07,1.70282e-07,9.68215e-08,5.45272e-08,3.04165e-08,1.68064e-08,9.1987e-09
0.040404,10.1009,9.89925,9.69763,9.49602,9.29441,9.0928,8.89118,8.68957,8.48796,8.28635,8.08474,7.88313,7.68152,7.47992,7.27832,7.07673,6.87515,6.67359,6.47205,6.27055,6.0691,5.86771,5.66643,5.46527,5.26429,5.06354,4.86311,4.66308,4.46357,4.26472,4.06669,3.86971,3.67399,3.47981,3.28749,3.09737,2.90984,2.72532,2.54426,2.36713,2.19443,2.02666,1.86431,1.70788,1.55782,1.41455,1.27847,1.14988,1.02905,0.916164,0.811324,0.714542,0.625777,0.544891,0.471672,0.405843,0.347066,0.294955,0.249083,0.208996,0.17422,0.144275,0.118681,0.0969705,0.0786935,0.0634241,0.0507647,0.0403497,0.0318472,0.0249596,0.0194233,0.0150078,0.0115134,0.00876958,0.00663175,0.00497906,0.00371133,0.00274645,0.00201776,0.0014717,0.00106567,0.000766088,0.000546749,0.000387393,0.000272505,0.000190308,0.000131949,9.08289e-05,6.20752e-05,4.21206e-05,2.83765e-05,1.8981e-05,1.26061e-05,8.31293e-06,5.44311e-06,3.53891e-06,2.2847e-06,1.46465e-06,9.32392e-07,5.89426e-07
0.0505051,10.126,9.92452,9.72301,9.5215,9.31999,9.11848,8.91697,8.71546,8.51396,8.31246,8.11096,7.90947,7.70799,7.50653,7.30508,7.10366,6.90228,6.70095,6.49968,6.29851,6.09746,5.89656,5.69587,5.49545,5.29535,5.09567,4.89652,4.69801,4.5003,4.30355,4.10795,3.91372,3.72112,3.53042,3.34191,3.15593,2.97284,2.79298,2.61677,2.44458,2.27683,2.11391,1.95621,1.80411,1.65796,1.51807,1.38473,1.25818,1.13861,1.02615,0.920882,0.822824,0.731945,0.648154,0.571302,0.501189,0.437573,0.380171,0.328666,0.282714,0.241952,0.206004,0.174487,0.147017,0.123216,0.102717,0.0851687,0.0702361,0.0576061,0.0469886,0.0381171,0.0307496,0.0246684,0.0196796,0.015612,0.0123158,0.00966091,0.00753574,0.00584494,0.00450794,0.00345716,0.00263634,0.00199905,0.00150725,0.00113003,0.000842441,0.000624501,0.000460337,0.000337419,0.000245934,0.000178249,0.000128469,9.20742e-05,6.56225e-05,4.65101e-05,3.27814e-05,2.29773e-05,1.60166e-05,1.11032e-05,7.65485e-06
0.0606061,10.1512,9.94977,9.74837,9.54696,9.34556,9.14416,8.94276,8.74137,8.53999,8.33861,8.13725,7.93591,7.7346,7.53332,7.33209,7.13092,6.92983,6.72884,6.52799,6.3273,6.12683,5.92663,5.72676,5.5273,5.32833,5.12998,4.93235,4.73559,4.53987,4.34535,4.15225,3.96079,3.77121,3.58376,3.39875,3.21645,3.0372,2.8613,2.6891,2.52092,2.3571,2.19798,2.04386,1.89504,1.75181,1.61441,1.48307,1.35797,1.23926,1.12705,1.02141,0.922347,0.829838,0.743823,0.664189,0.590787,0.523432,0.461906,0.405964,0.355335,0.309731,0.268848,0.232373,0.199988,0.171374,0.146216,0.124205,0.105042,0.0884415,0.0741324,0.0618599,0.0513865,0.0424933,0.0349797,0.0286636,0.0233806,0.0189841,0.0153435,0.0123442,0.0098854,0.00787993,0.00625236,0.00493807,0.00388207,0.00303781,0.0023662,0.00183458,0.00141584,0.00108766,0.000831702,0.000633062,0.000479656,0.000361761,0.000271598,0.000202978,0.000151005,0.00011183,8.24432e-05,6.05044e-05,4.42038e-05
0.0707071,10.1763,9.97502,9.77372,9.57243,9.37114,9.16986,8.96859,8.76733,8.56609,8.36488,8.16369,7.96255,7.76146,7.56043,7.35949,7.15867,6.95797,6.75745,6.55714,6.35709,6.15736,5.95801,5.75913,5.5608,5.36314,5.16625,4.97028,4.77537,4.58169,4.38942,4.19877,4.00995,3.82319,3.63874,3.45685,3.27781,3.10188,2.92935,2.76052,2.59565,2.43505,2.27898,2.12771,1.98148,1.84053,1.70505,1.57523,1.45122,1.33314,1.22108,1.1151,1.0152,0.921373,0.833571,0.751707,0.675666,0.605299,0.540434,0.480874,0.426399,0.376775,0.331751,0.291066,0.254451,0.221636,0.192348,0.166315,0.143272,0.122962,0.105135,0.0895546,0.075994,0.0642417,0.0540997,0.0453845,0.0379271,0.0315731,0.0261822,0.0216278,0.0177965,0.0145872,0.0119103,0.0096868,0.00784783,0.00633328,0.00509117,0.00407677,0.00325182,0.00258374,0.00204496,0.00161226,0.00126621,0.000990592,0.000771982,0.000599302,0.00046346,0.000357036,0.000273998,0.000209471,0.00015953
0.0808081,10.2015,10.0003,9.7991,9.59793,9.39677,9.19562,8.9945,8.7934,8.59234,8.39132,8.19036,7.98947,7.78866,7.58796,7.3874,7.18701,6.98681,6.78687,6.58722,6.38792,6.18905,5.99068,5.79291,5.59583,5.39955,5.20421,5.00993,4.81688,4.62523,4.43515,4.24683,4.06048,3.87633,3.6946,3.51552,3.33934,3.16631,2.99669,2.83071,2.66864,2.51072,2.35717,2.20823,2.0641,1.92498,1.79103,1.66241,1.53925,1.42164,1.30966,1.20336,1.10276,1.00782,0.918538,0.834827,0.756598,0.68373,0.616083,0.553494,0.495782,0.44275,0.394188,0.349875,0.309582,0.273074,0.240114,0.210463,0.183886,0.16015,0.139028,0.120301,0.103758,0.0891967,0.0764277,0.0652712,0.0555592,0.0471358,0.0398568,0.0335898,0.028214,0.0236195,0.0197072,0.016388,0.0135823,0.0112192,0.00923634,0.00757846,0.00619738,0.00505104,0.00410299,0.00332176,0.00268032,0.00215554,0.00172775,0.00138026,0.001099,0.000872161,0.000689858,0.000543863,0.000427355
0.0909091,10.2266,10.0256,9.82452,9.62348,9.42247,9.22149,9.02055,8.81964,8.6188,8.41802,8.21733,8.01675,7.81629,7.61599,7.41588,7.216,7.0164,6.81712,6.61822,6.41977,6.22185,6.02455,5.82795,5.63217,5.43733,5.24355,5.05097,4.85976,4.67006,4.48206,4.29594,4.1119,3.93014,3.75086,3.5743,3.40067,3.23018,3.06308,2.89958,2.73989,2.58423,2.43281,2.28582,2.14343,2.00581,1.87312,1.74547,1.62298,1.50573,1.39379,1.2872,1.18597,1.09009,0.99954,0.91426,0.834173,0.759181,0.689164,0.623987,0.563497,0.507526,0.455896,0.408416,0.364889,0.325108,0.288867,0.255954,0.226159,0.199271,0.175084,0.153397,0.134014,0.116745,0.101409,0.0878347,0.0758573,0.0653235,0.0560891,0.0480201,0.040992,0.0348904,0.0296103,0.0250557,0.0211396,0.0177833,0.0149161,0.0124745,0.010402,0.00864841,0.00716941,0.00592595,0.00488384,0.00401324,0.00328822,0.00268633,0.00218823,0.00177732,0.00143939,0.00116233,0.0009359
0.10101,10.2518,10.0509,9.85001,9.64914,9.4483,9.24751,9.04677,8.8461,8.64551,8.44502,8.24465,8.04443,7.84439,7.64456,7.44497,7.24568,7.04673,6.84819,6.65011,6.45258,6.25567,6.05948,5.8641,5.66965,5.47625,5.28402,5.09311,4.90366,4.71584,4.52981,4.34574,4.16383,3.98426,3.80722,3.63292,3.46155,3.29332,3.12843,2.96708,2.80945,2.65575,2.50614,2.3608,2.21988,2.08353,1.95188,1.82503,1.70308,1.58611,1.47418,1.36732,1.26554,1.16883,1.07718,0.990545,0.908852,0.832021,0.759951,0.692525,0.629614,0.571073,0.516748,0.466472,0.420072,0.377369,0.338178,0.302311,0.269579,0.239792,0.212763,0.188305,0.166238,0.146384,0.128574,0.112642,0.0984308,0.0857918,0.0745832,0.0646716,0.0559322,0.0482485,0.0415124,0.035624,0.0304915,0.0260305,0.0221644,0.0188234,0.0159444,0.0134707,0.0113511,0.00954021,0.00799738,0.00668667,0.00557628,0.00463825,0.00384804,0.00318422,0.00262812,0.00216356,0.00177654
0.111111,10.2771,10.0763,9.8756,9.67491,9.47427,9.2737,9.0732,8.8728,8.67251,8.47236,8.27237,8.07256,7.87299,7.67367,7.47467,7.27602,7.07779,6.88003,6.68283,6.48626,6.29039,6.09534,5.90119,5.70807,5.51609,5.32538,5.13608,4.94833,4.76229,4.57811,4.39596,4.21602,4.03846,3.86345,3.69119,3.52186,3.35564,3.1927,3.03324,2.87742,2.72542,2.57738,2.43347,2.29381,2.15853,2.02776,1.90158,1.78009,1.66334,1.55139,1.44427,1.342,1.24456,1.15194,1.0641,0.981001,0.902554,0.828679,0.759274,0.694226,0.63341,0.576691,0.523921,0.47495,0.429617,0.387757,0.349202,0.313782,0.281324,0.251657,0.224611,0.200017,0.17771,0.15753,0.139322,0.122935,0.108226,0.0950562,0.0832958,0.0728211,0.0635156,0.0552704,0.0479834,0.0415601,0.0359126,0.0309601,0.0266282,0.022849,0.0195603,0.0167059,0.0142347,0.0121008,0.0102628,0.00868374,0.00733053,0.00617382,0.00518757,0.00434878,0.00363718,0.003035
0.121212,10.3025,10.1019,9.90133,9.70084,9.50043,9.30011,9.09989,8.89979,8.69984,8.50006,8.30049,8.10115,7.90208,7.70333,7.50495,7.307,7.10952,6.9126,6.7163,6.52071,6.32591,6.132,5.93909,5.74728,5.55669,5.36745,5.1797,4.99357,4.80921,4.62677,4.44641,4.26828,4.09257,3.91942,3.74901,3.58151,3.41709,3.2559,3.09812,2.9439,2.79339,2.64673,2.50405,2.36548,2.23114,2.10112,1.97551,1.85439,1.73782,1.62583,1.51847,1.41575,1.31765,1.22417,1.13527,1.05091,0.971032,0.895551,0.824384,0.75743,0.69458,0.635714,0.580702,0.52941,0.481693,0.437405,0.396394,0.358504,0.323579,0.291462,0.261996,0.235026,0.210397,0.18796,0.167567,0.149076,0.132348,0.117251,0.103659,0.09145,0.0805091,0.0707278,0.0620038,0.0542411,0.0473499,0.0412469,0.0358545,0.0311011,0.0269208,0.0232531,0.0200426,0.0172389,0.014796,0.0126726,0.010831,0.00923748,0.00786188,0.00667706,0.00565892,0.00478598
0.131313,10.3279,10.1275,9.9272,9.72695,9.52679,9.32675,9.12684,8.92708,8.72751,8.52814,8.32902,8.13018,7.93167,7.73352,7.53581,7.33857,7.14189,6.94582,6.75044,6.55584,6.36211,6.16935,5.97764,5.78712,5.59789,5.41007,5.2238,5.03921,4.85643,4.67562,4.49693,4.32049,4.14647,3.97502,3.8063,3.64047,3.47767,3.31805,3.16178,3.00897,2.85979,2.71434,2.57276,2.43515,2.30161,2.17225,2.04713,1.92632,1.80989,1.69786,1.59027,1.48713,1.38844,1.29417,1.20432,1.11883,1.03766,0.960741,0.887989,0.81932,0.754636,0.69383,0.636787,0.583385,0.533496,0.486986,0.443717,0.40355,0.36634,0.331943,0.300214,0.27101,0.244186,0.219602,0.197118,0.176601,0.157918,0.140942,0.12555,0.111624,0.0990529,0.0877283,0.0775488,0.0684183,0.0602464,0.0529482,0.0464442,0.0406605,0.0355283,0.0309839,0.0269686,0.0234284,0.0203136,0.017579,0.0151832,0.0130888,0.0112615,0.00967078,0.00828882,0.00709076
0.141414,10.3535,10.1533,9.95324,9.75325,9.55338,9.35364,9.15407,8.95468,8.75551,8.55659,8.35796,8.15965,7.96172,7.76421,7.56719,7.3707,7.17482,6.97962,6.78518,6.59158,6.39891,6.20726,6.01675,5.82748,5.63955,5.4531,5.26825,5.08511,4.90384,4.72456,4.54741,4.37254,4.20009,4.03021,3.86303,3.69871,3.53738,3.37919,3.22427,3.07274,2.92473,2.78037,2.63975,2.50299,2.37017,2.24138,2.11668,1.99614,1.87981,1.76773,1.65992,1.5564,1.45716,1.36219,1.27147,1.18496,1.10263,1.0244,0.950211,0.879985,0.813635,0.751063,0.692167,0.636837,0.584956,0.536403,0.491053,0.448777,0.409443,0.37292,0.339071,0.307765,0.278866,0.252242,0.227763,0.205301,0.18473,0.165929,0.14878,0.133168,0.118984,0.106122,0.0944842,0.0839733,0.0744994,0.0659772,0.0583262,0.051471,0.0453408,0.0398699,0.0349969,0.030665,0.0268216,0.0234184,0.0204108,0.0177581,0.0154228,0.0133709,0.0115716,0.00999687
0.151515,10.3793,10.1793,9.97947,9.77976,9.58019,9.38079,9.18158,8.98259,8.78386,8.58541,8.38729,8.18955,7.99222,7.79537,7.59905,7.40333,7.20827,7.01394,6.82043,6.62782,6.4362,6.24566,6.05631,5.86825,5.68159,5.49644,5.31293,5.13119,4.95132,4.77348,4.59778,4.42437,4.25337,4.08493,3.91918,3.75624,3.59626,3.43935,3.28565,3.13528,2.98834,2.84494,2.70519,2.56918,2.43699,2.3087,2.18438,2.06407,1.94783,1.83569,1.72767,1.62379,1.52405,1.42842,1.33691,1.24947,1.16607,1.08665,1.01115,0.939508,0.871634,0.807445,0.74685,0.689746,0.63603,0.58559,0.538312,0.494078,0.452766,0.414253,0.378416,0.345128,0.314267,0.285706,0.259323,0.234997,0.212609,0.192042,0.173183,0.155922,0.140152,0.125772,0.112683,0.10079,0.0900057,0.0802433,0.0714225,0.0634671,0.0563053,0.0498697,0.0440973,0.0389291,0.0343103,0.03019,0.026521,0.0232599,0.0203664,0.0178037,0.0155382,0.0135389
0.161616,10.4051,10.2055,10.0059,9.80649,9.60725,9.4082,9.20938,9.01082,8.81254,8.61459,8.41701,8.21984,8.02314,7.82697,7.63137,7.43642,7.24218,7.04873,6.85614,6.66451,6.47392,6.28446,6.09623,5.90934,5.7239,5.54,5.35778,5.17734,4.99881,4.82232,4.64798,4.47592,4.30628,4.13917,3.97472,3.81306,3.65431,3.49858,3.346,3.19667,3.05069,2.90817,2.7692,2.63387,2.50224,2.3744,2.2504,2.13029,2.01411,1.9019,1.79369,1.68947,1.58927,1.49304,1.4008,1.3125,1.22813,1.14761,1.07091,0.997962,0.928687,0.86301,0.800847,0.742107,0.686692,0.634503,0.585432,0.539372,0.496211,0.455834,0.418126,0.38297,0.35025,0.319849,0.291651,0.26554,0.241404,0.219132,0.198615,0.179746,0.162424,0.146549,0.132025,0.11876,0.106665,0.0956563,0.0856531,0.0765792,0.0683623,0.0609341,0.0542303,0.0481906,0.0427584,0.0378808,0.0335085,0.029596,0.0261006,0.0229831,0.0202073,0.0177399
0.171717,10.4312,10.2318,10.0325,9.83343,9.63454,9.43588,9.23746,9.03934,8.84154,8.6441,8.44708,8.25051,8.05445,7.85895,7.66409,7.46991,7.27649,7.08391,6.89224,6.70157,6.51199,6.32358,6.13645,5.95069,5.76641,5.58371,5.40271,5.22351,5.04625,4.87102,4.69795,4.52717,4.35878,4.19291,4.02967,3.86919,3.71157,3.55692,3.40536,3.25698,3.11188,2.97016,2.83189,2.69717,2.56605,2.4386,2.31489,2.19495,2.07882,1.96655,1.85814,1.75361,1.65297,1.55619,1.46327,1.37418,1.2889,1.20738,1.12957,1.05542,0.984848,0.917794,0.854179,0.79392,0.736927,0.683108,0.632366,0.584599,0.539704,0.497576,0.458105,0.421185,0.386704,0.354553,0.324622,0.296803,0.270988,0.247071,0.224949,0.204518,0.185681,0.168341,0.152404,0.13778,0.124383,0.112129,0.100939,0.0907368,0.0814498,0.0730094,0.0653507,0.0584124,0.0521366,0.046469,0.0413588,0.0367584,0.0326234,0.0289127,0.0255878,0.0226133
0.181818,10.4574,10.2583,10.0593,9.8606,9.66207,9.4638,9.26582,9.06815,8.87085,8.67394,8.47749,8.28152,8.08611,7.89131,7.69717,7.50377,7.31117,7.11945,6.92868,6.73895,6.55035,6.36297,6.17689,5.99222,5.80905,5.6275,5.44766,5.26965,5.09358,4.91955,4.74768,4.57808,4.41086,4.24615,4.08403,3.92464,3.76806,3.61441,3.46379,3.31628,3.17199,3.03099,2.89337,2.75919,2.62853,2.50144,2.37798,2.25818,2.1421,2.02975,1.92116,1.81634,1.71529,1.61799,1.52444,1.43462,1.34851,1.26605,1.18721,1.11194,1.04016,0.971831,0.906866,0.845192,0.786728,0.731387,0.679079,0.629712,0.583189,0.539411,0.498277,0.459685,0.423533,0.389717,0.358133,0.328679,0.301251,0.27575,0.252075,0.230129,0.209816,0.191043,0.173719,0.157756,0.14307,0.129579,0.117204,0.10587,0.0955052,0.0860402,0.0774101,0.069553,0.0624104,0.0559268,0.0500503,0.0447317,0.0399254,0.0355883,0.0316803,0.0281642
0.191919,10.4838,10.285,10.0864,9.88798,9.68984,9.49198,9.29444,9.09725,8.90045,8.70409,8.50821,8.31286,8.1181,7.92398,7.73058,7.53795,7.34616,7.15528,6.9654,6.7766,6.58896,6.40256,6.21751,6.03388,5.85179,5.67133,5.49261,5.31571,5.14077,4.96787,4.79712,4.62864,4.46252,4.29888,4.13781,3.97943,3.82383,3.6711,3.52134,3.37464,3.23108,3.09074,2.9537,2.82003,2.68978,2.56301,2.43978,2.32011,2.20406,2.09164,1.98287,1.87776,1.77633,1.67855,1.58441,1.49391,1.40701,1.32369,1.24389,1.16757,1.09468,1.02516,0.95893,0.895934,0.836093,0.779325,0.725549,0.674677,0.62662,0.581284,0.538577,0.498402,0.460662,0.425259,0.392097,0.361076,0.3321,0.305072,0.279897,0.256482,0.234734,0.214562,0.195881,0.178603,0.162645,0.147929,0.134376,0.121913,0.110467,0.0999708,0.0903588,0.081569,0.0735422,0.0662225,0.0595569,0.0534954,0.047991,0.0429994,0.038479,0.0343911
0.20202,10.5103,10.3119,10.1136,9.91557,9.71783,9.5204,9.32331,9.1266,8.93032,8.73451,8.53921,8.34449,8.15038,7.95696,7.76428,7.57241,7.38142,7.19138,7.00237,6.81447,6.62776,6.44232,6.25825,6.07564,5.89457,5.71516,5.53749,5.36167,5.18779,5.01595,4.84627,4.67883,4.51375,4.35112,4.19103,4.03359,3.87888,3.72701,3.57805,3.43209,3.28921,3.14949,3.01298,2.87977,2.74989,2.62342,2.50039,2.38084,2.2648,2.1523,2.04336,1.93799,1.8362,1.73796,1.64328,1.55213,1.46451,1.38037,1.29967,1.22238,1.14844,1.0778,1.01039,0.946159,0.885024,0.826916,0.771758,0.719468,0.669962,0.623154,0.578955,0.537276,0.498025,0.46111,0.426438,0.393917,0.363453,0.334956,0.308332,0.283494,0.260351,0.238818,0.218809,0.20024,0.183033,0.167107,0.152387,0.138801,0.126276,0.114747,0.104147,0.0944157,0.0854925,0.0773216,0.0698493,0.063025,0.0568007,0.0511309,0.0459732,0.0412873
0.212121,10.5371,10.3389,10.141,9.94337,9.74604,9.54905,9.35242,9.15621,8.96045,8.7652,8.57049,8.37638,8.18293,7.9902,7.79824,7.60713,7.41692,7.2277,7.03954,6.85251,6.66671,6.4822,6.29908,6.11744,5.93737,5.75895,5.58229,5.40748,5.23462,5.0638,4.89511,4.72867,4.56455,4.40286,4.24369,4.08713,3.93326,3.78218,3.63397,3.4887,3.34645,3.20728,3.07127,2.93848,2.80895,2.68274,2.55989,2.44044,2.32441,2.21184,2.10273,1.99711,1.89497,1.79631,1.70111,1.60936,1.52105,1.43615,1.35462,1.27641,1.20149,1.1298,1.06128,0.995879,0.933528,0.874157,0.817694,0.764064,0.713188,0.664984,0.61937,0.576261,0.535571,0.497211,0.461096,0.427135,0.395242,0.365328,0.337306,0.31109,0.286594,0.263735,0.24243,0.222599,0.204163,0.187046,0.171173,0.156473,0.142876,0.130316,0.118727,0.108049,0.0982216,0.0891887,0.0808964,0.0732937,0.0663317,0.0599644,0.0541483,0.0488421
0.222222,10.564,10.3662,10.1686,9.97138,9.77446,9.57791,9.38176,9.18605,8.99082,8.79612,8.60201,8.40852,8.21572,8.02367,7.83243,7.64206,7.45263,7.26421,7.07688,6.8907,6.70577,6.52217,6.33997,6.15926,5.98013,5.80268,5.62698,5.45314,5.28124,5.11137,4.94364,4.77813,4.61492,4.45412,4.29581,4.14007,3.98699,3.83665,3.68913,3.5445,3.40283,3.26419,3.12864,2.99623,2.86702,2.74105,2.61837,2.499,2.38298,2.27033,2.16106,2.0552,1.95273,1.85367,1.75798,1.66567,1.57671,1.49109,1.40876,1.3297,1.25385,1.18117,1.11161,1.04511,0.981611,0.921047,0.863351,0.808452,0.756276,0.706747,0.659787,0.615316,0.573252,0.533513,0.496015,0.460674,0.427406,0.396128,0.366755,0.339205,0.313397,0.289248,0.266679,0.245613,0.225973,0.207685,0.190675,0.174875,0.160214,0.146628,0.134052,0.122425,0.11169,0.101788,0.092666,0.0842729,0.0765594,0.0694788,0.0629868,0.0570415
0.232323,10.591,10.3936,10.1964,9.99957,9.80308,9.60698,9.41131,9.2161,9.02141,8.82728,8.63375,8.44088,8.24873,8.05736,7.86682,7.67718,7.48851,7.30087,7.11435,6.92901,6.74493,6.56219,6.38088,6.20107,6.02286,5.84632,5.67154,5.49862,5.32764,5.15868,4.99185,4.82722,4.66487,4.50491,4.34741,4.19244,4.0401,3.89045,3.74358,3.59955,3.45842,3.32026,3.18513,3.05309,2.92416,2.79842,2.67588,2.55659,2.44057,2.32784,2.21842,2.11232,2.00955,1.91009,1.81395,1.7211,1.63154,1.54524,1.46216,1.38229,1.30557,1.23196,1.16141,1.09387,1.02928,0.967588,0.908723,0.85262,0.79921,0.748421,0.70018,0.654409,0.611033,0.569973,0.53115,0.494483,0.459893,0.4273,0.396623,0.367782,0.3407,0.315297,0.291497,0.269225,0.248406,0.228968,0.21084,0.193952,0.178239,0.163634,0.150076,0.137503,0.125858,0.115083,0.105126,0.0959337,0.087458,0.0796516,0.0724695,0.0658694
0.242424,10.6182,10.4211,10.2244,10.0279,9.83189,9.63625,9.44106,9.24636,9.0522,8.85863,8.66569,8.47344,8.28193,8.09123,7.90138,7.71246,7.52453,7.33767,7.15193,6.9674,6.78415,6.60225,6.42179,6.24285,6.06551,5.88985,5.71596,5.54391,5.37381,5.20572,5.03973,4.87594,4.71441,4.55524,4.39849,4.24426,4.09261,3.94361,3.79735,3.65387,3.51325,3.37554,3.24081,3.10909,2.98044,2.85489,2.73249,2.61326,2.49723,2.38443,2.27486,2.16854,2.06547,1.96566,1.86907,1.77572,1.68558,1.59864,1.51486,1.43421,1.35667,1.28217,1.21069,1.14217,1.07655,1.01378,0.953809,0.896562,0.841978,0.789988,0.740524,0.693513,0.648882,0.606557,0.566462,0.528521,0.492658,0.458797,0.426859,0.396769,0.368451,0.34183,0.316831,0.293382,0.271409,0.250843,0.231615,0.213657,0.196904,0.181291,0.166757,0.153242,0.140688,0.12904,0.118243,0.108247,0.0990011,0.0904591,0.0825757,0.0753078
0.252525,10.6456,10.4489,10.2525,10.0565,9.86088,9.6657,9.47099,9.27681,9.08318,8.89017,8.69782,8.50618,8.3153,8.12526,7.9361,7.74788,7.56068,7.37456,7.1896,7.00585,6.8234,6.64232,6.46269,6.28458,6.10808,5.93326,5.76021,5.58901,5.41974,5.25247,5.0873,4.92429,4.76354,4.60511,4.44909,4.29554,4.14454,3.99616,3.85046,3.70751,3.56736,3.43008,3.29571,3.1643,3.03589,2.91053,2.78825,2.66908,2.55304,2.44016,2.33045,2.22391,2.12056,2.0204,1.9234,1.82956,1.73888,1.65133,1.56688,1.48551,1.40718,1.33185,1.25948,1.19002,1.12343,1.05964,0.99861,0.940273,0.884569,0.831434,0.780801,0.732603,0.68677,0.643232,0.601916,0.562751,0.525662,0.490576,0.45742,0.426121,0.396605,0.368799,0.342633,0.318035,0.294935,0.273264,0.252956,0.233945,0.216165,0.199556,0.184055,0.169604,0.156145,0.143624,0.131987,0.121183,0.111162,0.101877,0.0932838,0.0853378
0.262626,10.6731,10.4768,10.2808,10.0852,9.89003,9.69532,9.5011,9.30742,9.11434,8.92188,8.73011,8.53907,8.34883,8.15943,7.97094,7.78342,7.59693,7.41155,7.22732,7.04434,6.86267,6.68238,6.50354,6.32624,6.15055,5.97654,5.8043,5.6339,5.46542,5.29894,5.13454,4.97229,4.81227,4.65455,4.49921,4.34631,4.19592,4.04812,3.90295,3.76049,3.62079,3.4839,3.34987,3.21875,3.09057,2.96539,2.84322,2.72409,2.60804,2.49508,2.38523,2.27849,2.17487,2.07437,1.97698,1.88268,1.79148,1.70335,1.61827,1.5362,1.45713,1.381,1.30779,1.23744,1.16992,1.10516,1.04313,0.983749,0.926976,0.872746,0.820996,0.771662,0.724677,0.679974,0.637484,0.597139,0.558868,0.522602,0.488268,0.455797,0.425119,0.396163,0.36886,0.343141,0.318939,0.296187,0.27482,0.254772,0.235982,0.218389,0.201931,0.186551,0.172193,0.158803,0.146326,0.134713,0.123914,0.113882,0.104572,0.0959397
0.272727,10.7008,10.5048,10.3092,10.1141,9.91934,9.72509,9.53137,9.3382,9.14564,8.95374,8.76255,8.57211,8.38248,8.19373,8.0059,7.81906,7.63326,7.44859,7.2651,7.08286,6.90194,6.72241,6.54434,6.36782,6.1929,6.01967,5.84821,5.67858,5.51086,5.34513,5.18146,5.01993,4.86061,4.70356,4.54886,4.39658,4.24677,4.09951,3.95485,3.81285,3.67357,3.53705,3.40334,3.27248,3.14452,3.01949,2.89743,2.77835,2.66228,2.54924,2.43925,2.33231,2.22844,2.12762,2.02985,1.93512,1.84342,1.75474,1.66905,1.58633,1.50654,1.42966,1.35564,1.28445,1.21604,1.15036,1.08736,1.02699,0.969195,0.913917,0.861097,0.810672,0.762581,0.716759,0.673141,0.63166,0.592249,0.554841,0.519368,0.485762,0.453956,0.423881,0.395472,0.368661,0.343383,0.319573,0.297167,0.276102,0.256317,0.237753,0.22035,0.204051,0.1888,0.174545,0.161231,0.14881,0.137232,0.12645,0.116418,0.107094
0.282828,10.7286,10.533,10.3378,10.1431,9.9488,9.75502,9.56178,9.36912,9.17709,8.98574,8.79512,8.60527,8.41626,8.22813,8.04095,7.85477,7.66966,7.48568,7.3029,7.12138,6.94119,6.7624,6.58508,6.4093,6.23513,6.06265,5.89193,5.72304,5.55605,5.39104,5.22807,5.06722,4.90856,4.75215,4.59807,4.44637,4.29711,4.15036,4.00618,3.86462,3.72573,3.58955,3.45614,3.32554,3.19778,3.0729,2.95092,2.83188,2.71579,2.60268,2.49255,2.38543,2.2813,2.18018,2.08205,1.9869,1.89473,1.80552,1.71926,1.63591,1.55545,1.47784,1.40306,1.33106,1.26179,1.19523,1.13131,1.06999,1.01122,0.954939,0.901092,0.849622,0.800468,0.753569,0.708864,0.666287,0.625776,0.587265,0.550689,0.515984,0.483083,0.451922,0.422435,0.394559,0.36823,0.343385,0.319961,0.297898,0.277135,0.257614,0.239278,0.222069,0.205934,0.19082,0.176674,0.163447,0.15109,0.139556,0.1288,0.118779
0.292929,10.7565,10.5613,10.3665,10.1722,9.97839,9.78508,9.59232,9.40017,9.20867,9.01787,8.82781,8.63854,8.45013,8.26262,8.07607,7.89055,7.7061,7.5228,7.34071,7.15989,6.98041,6.80233,6.62573,6.45067,6.27723,6.10547,5.93546,5.76728,5.60099,5.43666,5.27437,5.11417,4.95614,4.80034,4.64684,4.49569,4.34696,4.2007,4.05697,3.91581,3.77729,3.64145,3.50832,3.37795,3.25038,3.12563,3.00374,2.88473,2.76862,2.65543,2.54518,2.43786,2.3335,2.23208,2.13361,2.03806,1.94544,1.85573,1.76891,1.68496,1.60386,1.52556,1.45005,1.37727,1.3072,1.23979,1.17499,1.11276,1.05305,0.995807,0.940974,0.888499,0.838323,0.790387,0.744634,0.701,0.659426,0.619849,0.582205,0.546434,0.51247,0.480253,0.449718,0.420803,0.393448,0.36759,0.343169,0.320126,0.298402,0.27794,0.258683,0.240576,0.223566,0.2076,0.192627,0.178597,0.165463,0.153178,0.141697,0.130977
0.30303,10.7845,10.5897,10.3954,10.2015,10.0081,9.81526,9.62299,9.43135,9.24037,9.0501,8.8606,8.67191,8.48409,8.29719,8.11126,7.92637,7.74258,7.55994,7.37852,7.19838,7.01958,6.8422,6.6663,6.49194,6.31919,6.14812,5.9788,5.8113,5.64568,5.48201,5.32036,5.16078,5.00336,4.84814,4.69519,4.54457,4.39633,4.25053,4.10723,3.96647,3.82829,3.69276,3.55989,3.42975,3.30235,3.17773,3.05591,2.93693,2.8208,2.70754,2.59715,2.48966,2.38507,2.28337,2.18457,2.08864,1.99558,1.90539,1.81805,1.73352,1.6518,1.57284,1.49662,1.42311,1.35226,1.28404,1.2184,1.1553,1.09469,1.03652,0.980736,0.927293,0.876133,0.827199,0.780434,0.735781,0.693179,0.652569,0.613892,0.577086,0.542091,0.508846,0.47729,0.447363,0.419006,0.392158,0.366761,0.342758,0.32009,0.298701,0.278537,0.259544,0.241668,0.224858,0.209063,0.194236,0.180328,0.167293,0.155087,0.143666
0.313131,10.8127,10.6183,10.4244,10.2309,10.038,9.84557,9.65378,9.46263,9.27217,9.08243,8.89348,8.70536,8.51812,8.33181,8.1465,7.96223,7.77907,7.59708,7.41631,7.23683,7.05871,6.88199,6.70676,6.53308,6.361,6.1906,6.02195,5.8551,5.69012,5.52708,5.36604,5.20707,5.05022,4.89555,4.74313,4.59301,4.44524,4.29988,4.15699,4.01659,3.87875,3.74351,3.6109,3.48096,3.35372,3.22922,3.10747,2.98851,2.87236,2.75902,2.64852,2.54085,2.43604,2.33407,2.23495,2.13865,2.04518,1.95453,1.86668,1.7816,1.69929,1.6197,1.54281,1.46858,1.39699,1.32799,1.26154,1.1976,1.13612,1.07706,1.02037,0.965998,0.913889,0.863992,0.816251,0.770612,0.727016,0.685407,0.645727,0.607918,0.57192,0.537676,0.505126,0.474213,0.444877,0.417061,0.390709,0.365763,0.342168,0.319869,0.298812,0.278944,0.260212,0.242568,0.225959,0.21034,0.195662,0.18188,0.16895,0.156828
0.323232,10.8409,10.647,10.4534,10.2604,10.0679,9.87597,9.68466,9.49401,9.30406,9.11485,8.92644,8.73888,8.55221,8.36649,8.18177,7.99812,7.81558,7.63421,7.45408,7.27525,7.09777,6.92171,6.74713,6.57409,6.40267,6.23291,6.06489,5.89867,5.73432,5.57188,5.41143,5.25303,5.09673,4.94259,4.79067,4.64103,4.49371,4.34877,4.20626,4.06622,3.9287,3.79373,3.66135,3.53161,3.40452,3.28013,3.15845,3.03951,2.92333,2.80992,2.69929,2.59146,2.48643,2.3842,2.28477,2.18813,2.09426,2.00316,1.91483,1.82922,1.74634,1.66614,1.58861,1.5137,1.44139,1.37164,1.30442,1.23967,1.17736,1.11745,1.05988,1.00461,0.951583,0.900756,0.852072,0.805479,0.760921,0.718344,0.677692,0.638909,0.601937,0.56672,0.533203,0.501326,0.471036,0.442274,0.414986,0.389117,0.364612,0.341418,0.319482,0.298751,0.279176,0.260705,0.243291,0.226886,0.211443,0.196918,0.183266,0.170444
0.333333,10.8693,10.6757,10.4826,10.29,10.0979,9.90648,9.71564,9.52548,9.33603,9.14735,8.95947,8.77246,8.58635,8.40121,8.21708,8.03402,7.85208,7.67133,7.49182,7.31361,7.13676,6.96133,6.78738,6.61498,6.44418,6.27505,6.10764,5.94203,5.77826,5.61641,5.45652,5.29867,5.1429,4.98927,4.83783,4.68865,4.54176,4.39722,4.25507,4.11537,3.97814,3.84343,3.71128,3.58172,3.45478,3.33049,3.20887,3.08994,2.97373,2.86025,2.74951,2.64152,2.53628,2.4338,2.33407,2.23709,2.14284,2.05132,1.96251,1.87641,1.79297,1.71219,1.63404,1.55848,1.48548,1.41502,1.34704,1.28152,1.21841,1.15767,1.09925,1.04311,0.989206,0.93748,0.887885,0.840369,0.79488,0.751365,0.709769,0.67004,0.632121,0.595959,0.561497,0.528682,0.497459,0.467773,0.439569,0.412795,0.387398,0.363324,0.340523,0.318943,0.298534,0.279248,0.261036,0.243852,0.22765,0.212386,0.198015,0.184496
0.343434,10.8978,10.7046,10.5119,10.3197,10.1281,9.93707,9.7467,9.55703,9.36808,9.17991,8.99256,8.80609,8.62053,8.43595,8.2524,8.06992,7.88857,7.70842,7.52951,7.35191,7.17567,7.00086,6.82752,6.65573,6.48554,6.317,6.15019,5.98516,5.82197,5.66067,5.50133,5.344,5.18874,5.03559,4.88462,4.73587,4.58939,4.44523,4.30344,4.16405,4.0271,3.89265,3.76071,3.63132,3.50451,3.38032,3.25875,3.13984,3.0236,2.91005,2.79919,2.69105,2.58561,2.48288,2.38287,2.28556,2.19094,2.09901,2.00976,1.92316,1.83921,1.75787,1.67911,1.60292,1.52927,1.45811,1.38941,1.32314,1.25926,1.19772,1.13849,1.08151,1.02675,0.974159,0.923681,0.875272,0.82888,0.784454,0.741943,0.701294,0.662455,0.625371,0.589991,0.55626,0.524126,0.493536,0.464436,0.436776,0.410502,0.385564,0.361912,0.339495,0.318265,0.298174,0.279174,0.261219,0.244264,0.228265,0.213179,0.198965
0.353535,10.9263,10.7335,10.5412,10.3495,10.1583,9.96774,9.77784,9.58864,9.40019,9.21253,9.0257,8.83976,8.65474,8.47072,8.28772,8.10581,7.92505,7.74548,7.56716,7.39015,7.21451,7.04028,6.86754,6.69634,6.52673,6.35878,6.19254,6.02807,5.86543,5.70468,5.54586,5.38903,5.23425,5.08157,4.93104,4.78271,4.63662,4.49283,4.35137,4.21228,4.07561,3.94139,3.80965,3.68043,3.55375,3.42964,3.30813,3.18923,3.07296,2.95934,2.84837,2.74007,2.63443,2.53148,2.43119,2.33357,2.23859,2.14627,2.05658,1.96952,1.88505,1.80317,1.72384,1.64705,1.57275,1.50092,1.43153,1.36454,1.29991,1.23761,1.17759,1.1198,1.06422,1.01078,0.959452,0.910177,0.862909,0.817601,0.7742,0.732658,0.692922,0.654941,0.618665,0.584041,0.551017,0.519543,0.489566,0.461037,0.433904,0.408118,0.383629,0.360389,0.338349,0.317463,0.297683,0.278965,0.261264,0.244537,0.228741,0.213835
0.363636,10.9549,10.7625,10.5707,10.3793,10.1886,9.99848,9.80904,9.62032,9.43236,9.24519,9.05888,8.87346,8.68898,8.50549,8.32305,8.1417,7.9615,7.7825,7.60475,7.42832,7.25325,7.07961,6.90744,6.73681,6.56777,6.40038,6.2347,6.07077,5.90866,5.74842,5.59011,5.43377,5.27945,5.12722,4.97712,4.82918,4.68347,4.54003,4.39888,4.26009,4.12367,3.98967,3.85813,3.72906,3.60251,3.47848,3.35702,3.23812,3.12182,3.00813,2.89705,2.7886,2.68278,2.5796,2.47904,2.38112,2.2858,2.1931,2.10299,2.01547,1.93052,1.84812,1.76824,1.69086,1.61595,1.54348,1.47341,1.40573,1.34038,1.27733,1.21655,1.15798,1.1016,1.04735,0.995189,0.945075,0.896958,0.850792,0.806527,0.764116,0.723508,0.684654,0.647503,0.612007,0.578115,0.545776,0.514941,0.485561,0.457585,0.430966,0.405655,0.381604,0.358766,0.337095,0.316546,0.297073,0.278634,0.261184,0.244683,0.229089
0.373737,10.9837,10.7916,10.6002,10.4092,10.2189,10.0293,9.8403,9.65205,9.46457,9.2779,9.09209,8.90718,8.72322,8.54027,8.35836,8.17756,7.99791,7.81946,7.64228,7.46641,7.2919,7.11882,6.94721,6.77714,6.60865,6.4418,6.27665,6.11325,5.95165,5.79191,5.63408,5.47821,5.32435,5.17254,5.02285,4.8753,4.72995,4.58683,4.446,4.30748,4.17131,4.03753,3.90616,3.77724,3.6508,3.52686,3.40543,3.28654,3.17021,3.05645,2.94527,2.83667,2.73067,2.62726,2.52645,2.42823,2.33259,2.23951,2.14901,2.06105,1.97563,1.89272,1.81231,1.73436,1.65886,1.58577,1.51506,1.4467,1.38065,1.31689,1.25537,1.19605,1.13889,1.08385,1.03089,0.979959,0.931017,0.884018,0.838913,0.795656,0.754199,0.714493,0.676491,0.640144,0.605402,0.572218,0.540543,0.510328,0.481526,0.454089,0.427969,0.403121,0.379497,0.357053,0.335744,0.315525,0.296355,0.278189,0.260988,0.244711
0.383838,11.0124,10.8208,10.6297,10.4392,10.2494,10.0601,9.87162,9.68383,9.49682,9.31064,9.12532,8.94092,8.75748,8.57504,8.39366,8.21339,8.03428,7.85638,7.67974,7.50441,7.33046,7.15792,6.98685,6.81732,6.64936,6.48304,6.31841,6.15551,5.99441,5.83516,5.67779,5.52237,5.36894,5.21755,5.06824,4.92107,4.77606,4.63327,4.49272,4.35447,4.21853,4.08495,3.95376,3.82499,3.69865,3.57478,3.45339,3.33451,3.21815,3.10432,2.99303,2.8843,2.77812,2.6745,2.57344,2.47493,2.37897,2.28554,2.19465,2.10627,2.02039,1.937,1.85607,1.77758,1.7015,1.6278,1.55647,1.48746,1.42074,1.35628,1.29404,1.23399,1.17608,1.12028,1.06654,1.01482,0.965079,0.917269,0.871347,0.827267,0.784983,0.744448,0.705614,0.668436,0.632865,0.598854,0.566356,0.535324,0.505711,0.477471,0.450557,0.424924,0.400526,0.37732,0.35526,0.334305,0.314411,0.295537,0.277642,0.260686
0.393939,11.0413,10.85,10.6594,10.4693,10.2798,10.0911,9.90298,9.71565,9.52911,9.34341,9.15858,8.97467,8.79173,8.60981,8.42895,8.2492,8.07061,7.89324,7.71713,7.54234,7.36891,7.1969,7.02637,6.85735,6.68991,6.5241,6.35997,6.19757,6.03695,5.87815,5.72124,5.56625,5.41324,5.26225,5.11332,4.9665,4.82182,4.67933,4.53907,4.40107,4.26536,4.13198,4.00095,3.87231,3.74608,3.62227,3.50092,3.38204,3.26565,3.15175,3.04036,2.93149,2.82514,2.72131,2.62001,2.52123,2.42496,2.33119,2.23992,2.15113,2.06481,1.98095,1.89952,1.8205,1.74387,1.66959,1.59765,1.52801,1.46064,1.39551,1.33258,1.27182,1.21318,1.15664,1.10214,1.04966,0.999135,0.950538,0.903821,0.85894,0.815849,0.774505,0.73486,0.69687,0.660488,0.625668,0.592365,0.560532,0.530124,0.501096,0.473401,0.446996,0.421836,0.397878,0.375079,0.353395,0.332786,0.313211,0.294628,0.276999
0.40404,11.0702,10.8793,10.6891,10.4994,10.3104,10.122,9.93438,9.7475,9.56143,9.37619,9.19184,9.00842,8.82598,8.64455,8.4642,8.28496,8.10689,7.93004,7.75445,7.58017,7.40726,7.23577,7.06575,6.89724,6.7303,6.56499,6.40134,6.23941,6.07925,5.92091,5.76443,5.60987,5.45726,5.30665,5.15808,5.0116,4.86724,4.72505,4.58505,4.44729,4.3118,4.17861,4.04774,3.91923,3.79309,3.66935,3.54804,3.42916,3.31273,3.19876,3.08727,2.97827,2.87175,2.76772,2.66619,2.56714,2.47057,2.37647,2.28483,2.19565,2.10891,2.02459,1.94268,1.86315,1.78598,1.71114,1.63861,1.56837,1.50036,1.43458,1.37098,1.30953,1.25019,1.19292,1.13769,1.08446,1.03318,0.983817,0.936326,0.890664,0.846788,0.804654,0.764217,0.725434,0.688259,0.652649,0.618557,0.585939,0.554751,0.524948,0.496487,0.469323,0.443413,0.418714,0.395185,0.372782,0.351467,0.331197,0.311933,0.293637
0.414141,11.0992,10.9087,10.7188,10.5295,10.3409,10.153,9.96581,9.77938,9.59376,9.40899,9.22511,9.04217,8.86021,8.67928,8.49942,8.32069,8.14312,7.96677,7.79168,7.61791,7.44551,7.27452,7.10499,6.93698,6.77053,6.60569,6.44252,6.28105,6.12134,5.96343,5.80738,5.65321,5.50099,5.35075,5.20254,5.05638,4.91233,4.77042,4.63069,4.49316,4.35787,4.22486,4.09414,3.96575,3.83971,3.71603,3.59474,3.47586,3.3594,3.24537,3.13378,3.02465,2.91797,2.81375,2.71198,2.61268,2.51582,2.42139,2.3294,2.23984,2.15269,2.06793,1.98555,1.90553,1.82784,1.75245,1.67936,1.60852,1.5399,1.47349,1.40924,1.34712,1.28709,1.22912,1.17318,1.11922,1.06721,1.0171,0.968854,0.922432,0.877789,0.834885,0.793675,0.754117,0.716167,0.679782,0.644917,0.61153,0.579577,0.549015,0.5198,0.491889,0.465241,0.439813,0.415563,0.392452,0.370437,0.349481,0.329543,0.310585
0.424242,11.1282,10.9381,10.7486,10.5597,10.3715,10.184,9.99727,9.81128,9.62611,9.4418,9.25838,9.07591,8.89443,8.71398,8.53461,8.35636,8.17928,8.00343,7.82884,7.65556,7.48365,7.31315,7.14411,6.97657,6.8106,6.64623,6.48351,6.32248,6.16321,6.00572,5.85007,5.6963,5.54445,5.39457,5.24669,5.10086,4.9571,4.81546,4.67598,4.53868,4.40359,4.27074,4.14017,4.0119,3.88594,3.76232,3.64106,3.52218,3.40568,3.29159,3.17991,3.07064,2.96381,2.85939,2.75741,2.65785,2.56071,2.46598,2.37365,2.28371,2.19616,2.11098,2.02814,1.94764,1.86945,1.79354,1.71989,1.64847,1.57927,1.51224,1.44735,1.38458,1.32389,1.26525,1.20861,1.15395,1.10121,1.05038,1.0014,0.954235,0.908845,0.865188,0.823223,0.782908,0.7442,0.707057,0.671436,0.637295,0.604591,0.573282,0.543327,0.514682,0.487307,0.46116,0.436201,0.412389,0.389685,0.36805,0.347445,0.327832
0.434343,11.1572,10.9675,10.7784,10.59,10.4022,10.2151,10.0288,9.8432,9.65847,9.4746,9.29165,9.10964,8.92863,8.74865,8.56975,8.39198,8.21539,8.04002,7.86591,7.69311,7.52168,7.35166,7.18309,7.01602,6.8505,6.68658,6.52431,6.36372,6.20486,6.04778,5.89253,5.73914,5.58765,5.43811,5.29056,5.14503,5.00156,4.86018,4.72094,4.58385,4.44895,4.31627,4.18584,4.05768,3.9318,3.80824,3.687,3.56812,3.45159,3.33743,3.22566,3.11627,3.00928,2.90468,2.80248,2.70268,2.60527,2.51023,2.41757,2.32728,2.23934,2.15374,2.07047,1.9895,1.91081,1.83439,1.76021,1.68824,1.61846,1.55083,1.48533,1.42193,1.36059,1.30129,1.24397,1.18862,1.13519,1.08365,1.03395,0.986067,0.939947,0.895556,0.852853,0.811798,0.772348,0.734462,0.6981,0.66322,0.62978,0.597739,0.567056,0.537689,0.509599,0.482744,0.457085,0.432583,0.409198,0.386891,0.365626,0.345364
0.444444,11.1863,10.997,10.8083,10.6202,10.4328,10.2462,10.0603,9.87513,9.69083,9.50741,9.3249,9.14335,8.9628,8.78328,8.60485,8.42756,8.25143,8.07653,7.90289,7.73057,7.5596,7.39004,7.22193,7.05532,6.89025,6.72677,6.56492,6.40475,6.2463,6.08962,5.93475,5.78172,5.63059,5.48138,5.33414,5.18891,5.04571,4.90459,4.76557,4.6287,4.49398,4.36146,4.23116,4.1031,3.97731,3.85379,3.73258,3.61369,3.49713,3.38291,3.27104,3.16153,3.05439,2.94962,2.84721,2.74717,2.64949,2.55416,2.46118,2.37054,2.28222,2.19623,2.11253,2.03111,1.95195,1.87503,1.80033,1.72782,1.65747,1.58927,1.52317,1.45916,1.39719,1.33724,1.27927,1.22325,1.16914,1.11691,1.06651,1.01792,0.971089,0.925981,0.882557,0.840777,0.800601,0.761989,0.724901,0.689296,0.655134,0.622373,0.590975,0.560899,0.532104,0.504553,0.478204,0.45302,0.428962,0.405993,0.384074,0.36317
0.454545,11.2155,11.0265,10.8382,10.6505,10.4635,10.2773,10.0918,9.90706,9.7232,9.54021,9.35815,9.17704,8.99694,8.81788,8.63991,8.46307,8.28741,8.11296,7.93979,7.76792,7.59741,7.4283,7.26064,7.09447,6.92983,6.76678,6.60535,6.44559,6.28754,6.13124,5.97673,5.82406,5.67327,5.52438,5.37745,5.2325,5.08957,4.94869,4.8099,4.67322,4.53868,4.40632,4.27614,4.14818,4.02246,3.899,3.77781,3.65891,3.54232,3.42804,3.31608,3.20645,3.09916,2.99421,2.8916,2.79133,2.6934,2.59779,2.50449,2.41351,2.32483,2.23844,2.15433,2.07247,1.99285,1.91545,1.84024,1.76721,1.69632,1.62755,1.56088,1.49626,1.43369,1.37311,1.3145,1.25783,1.20306,1.15015,1.09907,1.04979,1.00226,0.956455,0.912326,0.869838,0.828951,0.789628,0.751828,0.715512,0.680641,0.647174,0.615074,0.584299,0.554812,0.526574,0.499546,0.473689,0.448968,0.425343,0.402779,0.381239
0.464646,11.2446,11.0561,10.8681,10.6808,10.4942,10.3084,10.1233,9.939,9.75556,9.57301,9.39137,9.21071,9.03105,8.85243,8.67491,8.49852,8.32331,8.14932,7.97659,7.80517,7.63511,7.46644,7.29921,7.13347,6.96926,6.80662,6.6456,6.48623,6.32857,6.17264,6.01849,5.86617,5.7157,5.56713,5.42049,5.27582,5.13314,4.9925,4.85392,4.71743,4.58307,4.45085,4.32079,4.19293,4.06729,3.94387,3.8227,3.70379,3.58717,3.47282,3.36078,3.25104,3.1436,3.03848,2.93568,2.83518,2.737,2.64111,2.54751,2.4562,2.36717,2.2804,2.19588,2.1136,2.03353,1.95566,1.87996,1.80642,1.735,1.66568,1.59844,1.53325,1.47008,1.40889,1.34966,1.29235,1.23693,1.18337,1.13163,1.08167,1.03347,0.986972,0.942153,0.898972,0.85739,0.81737,0.778873,0.74186,0.706292,0.672133,0.639341,0.607881,0.577712,0.548797,0.521099,0.49458,0.469203,0.444931,0.421729,0.39956
0.474747,11.2738,11.0856,10.8981,10.7112,10.525,10.3395,10.1548,9.97094,9.78792,9.60578,9.42458,9.24434,9.06512,8.88694,8.70986,8.53391,8.35914,8.18559,8.0133,7.84232,7.67269,7.50445,7.33765,7.17233,7.00853,6.8463,6.68567,6.52669,6.36939,6.21383,6.06003,5.90804,5.75789,5.60962,5.46327,5.31886,5.17643,5.03602,4.89765,4.76135,4.62714,4.49506,4.36513,4.23736,4.11178,3.98841,3.86726,3.74835,3.63168,3.51728,3.40515,3.29529,3.18772,3.08244,2.97944,2.87872,2.7803,2.68414,2.59024,2.49861,2.40924,2.3221,2.23719,2.15449,2.07399,1.99566,1.91949,1.84545,1.77351,1.70367,1.63588,1.57012,1.50636,1.44458,1.38474,1.32681,1.27076,1.21656,1.16417,1.11356,1.06469,1.01753,0.972033,0.928174,0.885911,0.845207,0.806026,0.768329,0.732079,0.697238,0.663769,0.631633,0.600793,0.571213,0.542854,0.515681,0.489657,0.464747,0.440913,0.418122
0.484848,11.3031,11.1152,10.928,10.7415,10.5557,10.3706,10.1863,10.0029,9.82026,9.63854,9.45776,9.27795,9.09915,8.9214,8.74475,8.56923,8.3949,8.22178,8.04992,7.87937,7.71016,7.54235,7.37596,7.21105,7.04765,6.88581,6.72556,6.56695,6.41002,6.25481,6.10135,5.94968,5.79984,5.65187,5.50579,5.36164,5.21945,5.07926,4.94109,4.80497,4.67092,4.53898,4.40915,4.28148,4.15596,4.03263,3.9115,3.79258,3.67588,3.56142,3.4492,3.33924,3.23153,3.12608,3.02289,2.92197,2.8233,2.72688,2.6327,2.54076,2.45105,2.36355,2.27826,2.19517,2.11424,2.03546,1.95883,1.8843,1.81187,1.7415,1.67318,1.60687,1.54254,1.48018,1.41975,1.36122,1.30456,1.24973,1.1967,1.14545,1.09593,1.04811,1.00196,0.957435,0.914505,0.873133,0.833281,0.794913,0.757993,0.722483,0.688346,0.655546,0.624046,0.59381,0.564801,0.536984,0.510322,0.48478,0.460323,0.436916
0.494949,11.3323,11.1448,10.958,10.7719,10.5864,10.4018,10.2179,10.0348,9.85259,9.67128,9.49091,9.31152,9.13314,8.95581,8.77958,8.60449,8.43058,8.25788,8.08644,7.91631,7.74752,7.58011,7.41413,7.24962,7.08661,6.92515,6.76528,6.60704,6.45046,6.29559,6.14246,5.9911,5.84156,5.69387,5.54806,5.40416,5.26221,5.12223,4.98425,4.8483,4.71441,4.58259,4.45288,4.32529,4.19984,4.07654,3.95543,3.8365,3.71977,3.60525,3.49295,3.38287,3.27503,3.16943,3.06606,2.96493,2.86603,2.76935,2.6749,2.58265,2.49261,2.40477,2.31911,2.23562,2.15428,2.07507,1.99798,1.92298,1.85006,1.77919,1.71034,1.6435,1.57862,1.5157,1.45469,1.39556,1.3383,1.28286,1.22922,1.17734,1.12718,1.07872,1.03192,0.986751,0.943167,0.901139,0.860629,0.821603,0.784025,0.747857,0.713065,0.679613,0.647463,0.616581,0.586931,0.558478,0.531186,0.505021,0.479948,0.455933
0.505051,11.3616,11.1745,10.988,10.8022,10.6172,10.4329,10.2494,10.0667,9.8849,9.704,9.52403,9.34505,9.16708,8.99017,8.81436,8.63968,8.46618,8.2939,8.12287,7.95315,7.78476,7.61775,7.45217,7.28804,7.12542,6.96433,6.80483,6.64694,6.4907,6.33616,6.18335,6.0323,5.88305,5.73564,5.59008,5.44643,5.3047,5.16493,5.02714,4.89136,4.75761,4.62592,4.49631,4.3688,4.24341,4.12016,3.99905,3.88011,3.76335,3.64877,3.53639,3.42622,3.31824,3.21248,3.10894,3.0076,2.90848,2.81156,2.71683,2.62428,2.53393,2.44575,2.35973,2.27585,2.19411,2.11448,2.03695,1.9615,1.8881,1.81673,1.74738,1.68001,1.6146,1.55112,1.48955,1.42985,1.372,1.31596,1.26171,1.20922,1.15844,1.10936,1.06193,1.01611,0.971891,0.929219,0.888065,0.848393,0.810168,0.773355,0.737919,0.703824,0.671035,0.639517,0.609235,0.580155,0.552242,0.525462,0.49978,0.475164
0.515152,11.3909,11.2041,11.018,10.8326,10.6479,10.464,10.2809,10.0986,9.91719,9.73669,9.55712,9.37854,9.20098,9.02447,8.84907,8.6748,8.50171,8.32983,8.15921,7.98988,7.82189,7.65527,7.49007,7.32633,7.16407,7.00335,6.8442,6.68666,6.53076,6.37654,6.22404,6.07329,5.92432,5.77717,5.63187,5.48845,5.34694,5.20737,5.06976,4.93414,4.80054,4.66897,4.53946,4.41203,4.2867,4.16348,4.04239,3.92344,3.80664,3.69201,3.57955,3.46927,3.36117,3.25526,3.15154,3.05001,2.95066,2.8535,2.7585,2.66568,2.57501,2.4865,2.40012,2.31588,2.23375,2.15371,2.07575,1.99985,1.92598,1.85414,1.78429,1.7164,1.65047,1.58645,1.52433,1.46407,1.40564,1.34903,1.29419,1.24109,1.18971,1.14001,1.09196,1.04552,1.00067,0.957368,0.915581,0.875275,0.836415,0.798968,0.762898,0.728171,0.694753,0.662609,0.631705,0.602007,0.573481,0.546093,0.51981,0.494599
0.525253,11.4202,11.2338,11.048,10.863,10.6787,10.4951,10.3124,10.1305,9.94946,9.76935,9.59018,9.41199,9.23483,9.05872,8.88371,8.70984,8.53715,8.36567,8.19544,8.02651,7.8589,7.69267,7.52785,7.36447,7.20258,7.04222,6.88341,6.7262,6.57063,6.41672,6.26452,6.11406,5.96537,5.81848,5.67343,5.53023,5.38894,5.24956,5.11212,4.97666,4.8432,4.71175,4.58234,4.45499,4.32971,4.20652,4.08544,3.96648,3.84965,3.73496,3.62242,3.51204,3.40382,3.29776,3.19387,3.09214,2.99259,2.89519,2.79993,2.70683,2.61586,2.52702,2.44031,2.3557,2.27319,2.19275,2.11437,2.03803,1.96372,1.8914,1.82107,1.75269,1.68624,1.62169,1.55903,1.49822,1.43924,1.38205,1.32663,1.27295,1.22097,1.17067,1.12201,1.07497,1.0295,0.98558,0.943172,0.902243,0.86276,0.824689,0.787996,0.752648,0.718611,0.68585,0.654333,0.624025,0.594894,0.566906,0.54003,0.514231
0.535354,11.4495,11.2634,11.078,10.8933,10.7094,10.5262,10.3439,10.1623,9.9817,9.80197,9.62319,9.4454,9.26862,9.09291,8.9183,8.74482,8.57251,8.40142,8.23158,8.06303,7.8958,7.72994,7.56549,7.40248,7.24094,7.08092,6.92245,6.76557,6.61032,6.45672,6.30481,6.15463,6.00621,5.85957,5.71475,5.57178,5.43069,5.2915,5.15424,5.01893,4.8856,4.75426,4.62495,4.49767,4.37244,4.24929,4.12822,4.00925,3.89238,3.77764,3.66502,3.55454,3.4462,3.34,3.23594,3.13403,3.03426,2.93663,2.84112,2.74774,2.65648,2.56733,2.48028,2.39532,2.31243,2.23161,2.15282,2.07606,2.0013,1.92853,1.85772,1.78885,1.7219,1.65685,1.59366,1.53231,1.47278,1.41504,1.35905,1.30479,1.25223,1.20134,1.15209,1.10445,1.05838,1.01385,0.970832,0.929292,0.889196,0.850512,0.813207,0.777248,0.7426,0.709232,0.67711,0.646202,0.616474,0.587895,0.560431,0.534052
0.545455,11.4788,11.2931,11.108,10.9237,10.7401,10.5573,10.3753,10.1942,10.0139,9.83457,9.65617,9.47875,9.30237,9.12704,8.95281,8.77972,8.60779,8.43708,8.26762,8.09944,7.93259,7.7671,7.603,7.44034,7.27915,7.11947,6.96133,6.80477,6.64982,6.49652,6.3449,6.195,6.04683,5.90044,5.75586,5.6131,5.47221,5.3332,5.1961,5.06094,4.92774,4.79652,4.66729,4.54008,4.41491,4.29178,4.17072,4.05174,3.93485,3.82005,3.70736,3.59678,3.48831,3.38197,3.27775,3.17566,3.07568,2.97783,2.88208,2.78843,2.69688,2.60743,2.52005,2.43475,2.3515,2.27029,2.1911,2.11392,2.03874,1.96552,1.89425,1.8249,1.75747,1.69191,1.62821,1.56633,1.50627,1.44798,1.39144,1.33662,1.28349,1.23202,1.18219,1.13396,1.08729,1.04217,0.998555,0.956415,0.915718,0.876431,0.838524,0.801963,0.766715,0.732749,0.700031,0.668531,0.638215,0.609051,0.581008,0.554054
0.555556,11.5081,11.3228,11.1381,10.9541,10.7709,10.5884,10.4068,10.226,10.0461,9.86713,9.6891,9.51207,9.33606,9.16111,8.98725,8.81454,8.64299,8.47266,8.30356,8.13575,7.96926,7.80413,7.64038,7.47807,7.31722,7.15787,7.00005,6.8438,6.68916,6.53615,6.3848,6.23516,6.08725,5.9411,5.79674,5.6542,5.5135,5.37467,5.23773,5.10271,4.96964,4.83852,4.70938,4.58224,4.45712,4.33402,4.21297,4.09397,3.97705,3.8622,3.74943,3.63876,3.53018,3.4237,3.31932,3.21704,3.11687,3.0188,2.92281,2.8289,2.73707,2.64732,2.55962,2.47398,2.39038,2.30879,2.22922,2.15164,2.07603,2.00237,1.93065,1.86084,1.79293,1.72688,1.66268,1.60029,1.5397,1.48088,1.42379,1.36842,1.31474,1.2627,1.2123,1.16349,1.11625,1.07054,1.02634,0.983607,0.942319,0.902441,0.863941,0.826788,0.790949,0.756393,0.723089,0.691004,0.660107,0.630367,0.601752,0.574231
0.565657,11.5375,11.3524,11.1681,10.9844,10.8016,10.6195,10.4382,10.2578,10.0783,9.89965,9.72199,9.54533,9.36969,9.19511,9.02163,8.84928,8.67811,8.50814,8.33941,8.17196,8.00582,7.84104,7.67764,7.51566,7.35514,7.19611,7.03861,6.88266,6.72831,6.57559,6.42452,6.27514,6.12747,5.98155,5.83741,5.69507,5.55456,5.4159,5.27912,5.14425,5.01129,4.88027,4.75122,4.62415,4.49907,4.376,4.25496,4.13595,4.01899,3.90409,3.79125,3.68048,3.57179,3.46518,3.36064,3.25819,3.15783,3.05953,2.96331,2.86915,2.77705,2.687,2.599,2.51303,2.42908,2.34713,2.26718,2.1892,2.11318,2.0391,1.96694,1.89667,1.82829,1.76176,1.69707,1.63418,1.57307,1.51373,1.45611,1.4002,1.34597,1.29339,1.24242,1.19305,1.14523,1.09895,1.05417,1.01086,0.968995,0.928534,0.889452,0.851716,0.815296,0.78016,0.746277,0.713616,0.682146,0.651837,0.622657,0.594575
0.575758,11.5668,11.3821,11.1981,11.0148,10.8323,10.6505,10.4696,10.2895,10.1104,9.93213,9.75484,9.57854,9.40326,9.22905,9.05594,8.88395,8.71314,8.54353,8.37515,8.20806,8.04227,7.87783,7.71476,7.55312,7.39292,7.23421,7.07701,6.92136,6.7673,6.61485,6.46405,6.31492,6.16749,6.0218,5.87787,5.73573,5.59541,5.45692,5.32029,5.18554,5.05271,4.92179,4.79282,4.66581,4.54078,4.41774,4.2967,4.17768,4.06069,3.94574,3.83282,3.72196,3.61316,3.50642,3.40173,3.29911,3.19855,3.10005,3.0036,2.90919,2.81683,2.72649,2.63818,2.55189,2.4676,2.3853,2.30498,2.22661,2.15019,2.07569,2.0031,1.93239,1.86355,1.79655,1.73138,1.668,1.60639,1.54653,1.4884,1.43196,1.37719,1.32406,1.27255,1.22262,1.17425,1.12741,1.08206,1.03818,0.995741,0.954708,0.915052,0.876743,0.839749,0.804042,0.769589,0.73636,0.704325,0.673454,0.643716,0.615081
0.585859,11.5961,11.4117,11.2281,11.0451,10.8629,10.6815,10.501,10.3213,10.1425,9.96457,9.78763,9.61169,9.43678,9.26293,9.09017,8.91855,8.74809,8.57883,8.4108,8.24405,8.0786,7.9145,7.75176,7.59044,7.43056,7.27215,7.11526,6.9599,6.80612,6.65394,6.50339,6.35451,6.20732,6.06185,5.91813,5.77618,5.63604,5.49771,5.36123,5.22662,5.09389,4.96307,4.83418,4.70724,4.58225,4.45923,4.3382,4.21917,4.10215,3.98714,3.87416,3.76321,3.6543,3.54742,3.44259,3.3398,3.23906,3.14035,3.04368,2.94903,2.8564,2.76578,2.67718,2.59057,2.50595,2.42331,2.34262,2.26388,2.18706,2.11215,2.03914,1.968,1.89871,1.83126,1.76561,1.70175,1.63965,1.57929,1.52065,1.46369,1.4084,1.35474,1.30268,1.25221,1.20329,1.15589,1.10999,1.06555,1.02255,0.980956,0.940736,0.901862,0.864305,0.828034,0.793019,0.75923,0.726638,0.695212,0.664922,0.63574
0.59596,11.6254,11.4414,11.258,11.0754,10.8936,10.7125,10.5323,10.353,10.1745,9.99696,9.82038,9.6448,9.47024,9.29674,9.12433,8.95306,8.78295,8.61403,8.44635,8.27994,8.11483,7.95105,7.78864,7.62763,7.46806,7.30996,7.15335,6.99828,6.84477,6.69286,6.54256,6.39392,6.24696,6.10171,5.95819,5.81643,5.67645,5.53829,5.40195,5.26746,5.13485,5.00413,4.87532,4.74843,4.62348,4.50049,4.37946,4.26042,4.14336,4.02831,3.91526,3.80422,3.6952,3.5882,3.48322,3.38027,3.27934,3.18044,3.08354,2.98866,2.89578,2.80489,2.71599,2.62908,2.54414,2.46115,2.38011,2.301,2.2238,2.14849,2.07507,2.0035,1.93378,1.86587,1.79976,1.73543,1.67285,1.612,1.55286,1.49539,1.43958,1.3854,1.33282,1.28181,1.23236,1.18441,1.13797,1.09298,1.04942,1.00727,0.966499,0.927069,0.888956,0.85213,0.816562,0.782221,0.749078,0.717105,0.686271,0.656548
0.606061,11.6548,11.471,11.288,11.1057,10.9242,10.7435,10.5636,10.3846,10.2065,10.0293,9.85309,9.67785,9.50363,9.33048,9.15842,8.98749,8.81773,8.64915,8.48181,8.31572,8.15094,7.98748,7.82539,7.66469,7.50542,7.34762,7.1913,7.0365,6.88326,6.7316,6.58156,6.43315,6.28641,6.14137,5.99805,5.85647,5.71667,5.57866,5.44246,5.3081,5.17559,5.04496,4.91622,4.78939,4.66448,4.54152,4.4205,4.30144,4.18435,4.06925,3.95613,3.84501,3.73588,3.62876,3.52364,3.42053,3.31942,3.22032,3.12321,3.02809,2.93496,2.84381,2.75463,2.66742,2.58216,2.49884,2.41745,2.33797,2.2604,2.1847,2.11088,2.03889,1.96874,1.90039,1.83384,1.76904,1.70599,1.64466,1.58503,1.52706,1.47075,1.41605,1.36296,1.31143,1.26144,1.21296,1.16598,1.12045,1.07635,1.03366,0.992336,0.95236,0.9137,0.876327,0.840212,0.805326,0.771641,0.739127,0.707756,0.6775
0.616162,11.6841,11.5007,11.318,11.136,10.9548,10.7745,10.5949,10.4163,10.2385,10.0616,9.88574,9.71084,9.53697,9.36416,9.19244,9.02185,8.85242,8.68418,8.51716,8.35141,8.18694,8.0238,7.86202,7.70162,7.54265,7.38513,7.22909,7.07457,6.92159,6.77018,6.62038,6.4722,6.32568,6.18085,6.03772,5.89632,5.75668,5.61882,5.48276,5.34852,5.21612,5.08557,4.95691,4.83013,4.70527,4.58232,4.4613,4.34223,4.22512,4.10996,3.99678,3.88557,3.77634,3.6691,3.56384,3.46057,3.35929,3.25999,3.16268,3.06733,2.97396,2.88255,2.79309,2.70558,2.62001,2.53637,2.45464,2.37481,2.29687,2.22079,2.14657,2.07418,2.00361,1.93483,1.86783,1.80258,1.73907,1.67727,1.61716,1.5587,1.50189,1.4467,1.39309,1.34104,1.29054,1.24154,1.19402,1.14796,1.10333,1.0601,1.01824,0.977729,0.93853,0.900618,0.863965,0.828542,0.794321,0.761274,0.729373,0.698588
0.626263,11.7134,11.5303,11.3479,11.1663,10.9854,10.8054,10.6262,10.4478,10.2704,10.0939,9.91833,9.74378,9.57024,9.39777,9.22639,9.05613,8.88702,8.71911,8.55242,8.38698,8.22283,8.06,7.89852,7.73843,7.57975,7.42251,7.26674,7.11249,6.95976,6.8086,6.65903,6.51108,6.36477,6.22014,6.07719,5.93597,5.79649,5.65878,5.52285,5.38873,5.25643,5.12597,4.99738,4.87066,4.74583,4.6229,4.50189,4.38281,4.26566,4.15046,4.03721,3.92592,3.81659,3.70922,3.60383,3.50041,3.39895,3.29947,3.20195,3.10639,3.01277,2.9211,2.83138,2.74358,2.65771,2.57375,2.49169,2.41152,2.33321,2.25676,2.18215,2.10936,2.03838,1.96918,1.90175,1.83606,1.77209,1.70983,1.64924,1.59031,1.53301,1.47732,1.42322,1.37067,1.31965,1.27014,1.2221,1.17552,1.13036,1.0866,1.04422,1.00317,0.963442,0.924999,0.887815,0.851863,0.817114,0.78354,0.751114,0.719808
0.636364,11.7427,11.5599,11.3778,11.1965,11.016,10.8363,10.6574,10.4794,10.3023,10.1261,9.95088,9.77665,9.60345,9.43131,9.26026,9.09032,8.92155,8.75395,8.58758,8.42246,8.25862,8.09609,7.93491,7.7751,7.61671,7.45974,7.30425,7.15025,6.99778,6.84686,6.69752,6.54979,6.40369,6.25925,6.11649,5.97544,5.83611,5.69854,5.56274,5.42873,5.29654,5.16616,5.03764,4.91097,4.78618,4.66327,4.54227,4.42317,4.30599,4.19074,4.07743,3.96605,3.85662,3.74915,3.64362,3.54005,3.43842,3.33876,3.24104,3.14526,3.05141,2.95949,2.8695,2.78142,2.69525,2.61098,2.5286,2.44808,2.36943,2.29261,2.21762,2.14444,2.07306,2.00344,1.93559,1.86946,1.80505,1.74233,1.68129,1.62189,1.56411,1.50794,1.45334,1.40029,1.34877,1.29875,1.25021,1.20311,1.15744,1.11316,1.07025,1.02869,0.988432,0.949466,0.911759,0.875284,0.840014,0.80592,0.772977,0.741156
0.646465,11.7719,11.5895,11.4077,11.2268,11.0465,10.8672,10.6886,10.5109,10.3341,10.1583,9.98337,9.80947,9.6366,9.46478,9.29405,9.12444,8.95598,8.78871,8.62265,8.45783,8.29429,8.13206,7.97117,7.81165,7.65353,7.49684,7.34161,7.18787,7.03564,6.88496,6.73584,6.58832,6.44243,6.29818,6.1556,6.01471,5.87554,5.73811,5.60244,5.46854,5.33644,5.20615,5.07769,4.95108,4.82632,4.70343,4.58243,4.46332,4.34611,4.23081,4.11744,4.00598,3.89646,3.78886,3.68321,3.57949,3.4777,3.37785,3.27994,3.18394,3.08987,2.99771,2.90745,2.8191,2.73264,2.64807,2.56536,2.48452,2.40551,2.32834,2.25298,2.17942,2.10764,2.03762,1.96935,1.9028,1.83795,1.77479,1.71329,1.65342,1.59518,1.53853,1.48345,1.42992,1.3779,1.32739,1.27834,1.23074,1.18456,1.13977,1.09635,1.05427,1.0135,0.974014,0.935791,0.898801,0.863016,0.82841,0.794955,0.762626
0.656566,11.8012,11.619,11.4376,11.2569,11.0771,10.898,10.7197,10.5424,10.3659,10.1904,10.0158,9.84223,9.66968,9.49818,9.32777,9.15848,8.99033,8.82337,8.65761,8.4931,8.32986,8.16792,8.00732,7.84808,7.69023,7.53381,7.37884,7.22534,7.07335,6.9229,6.774,6.62669,6.481,6.33693,6.19453,6.05381,5.91479,5.77749,5.64194,5.50816,5.37615,5.24594,5.11755,4.99098,4.86626,4.74339,4.62239,4.50326,4.38602,4.27068,4.15724,4.04571,3.93609,3.82838,3.7226,3.61873,3.51679,3.41676,3.31865,3.22245,3.12815,3.03575,2.94525,2.85663,2.76988,2.68501,2.60199,2.52082,2.44148,2.36395,2.28823,2.21429,2.14213,2.07171,2.00303,1.93606,1.87079,1.80719,1.74524,1.68493,1.62622,1.56911,1.51355,1.45954,1.40704,1.35603,1.30649,1.2584,1.21171,1.16642,1.1225,1.07991,1.03863,0.99864,0.959909,0.92241,0.886117,0.851005,0.817045,0.784213
0.666667,11.8305,11.6486,11.4675,11.2871,11.1075,10.9288,10.7509,10.5738,10.3977,10.2224,10.0482,9.87494,9.7027,9.53152,9.36142,9.19244,9.0246,8.85794,8.69248,8.52827,8.36532,8.20367,8.04335,7.88438,7.72681,7.57064,7.41592,7.26267,7.11091,6.96069,6.81201,6.6649,6.5194,6.37552,6.23329,6.09273,5.95385,5.81669,5.68126,5.54758,5.41566,5.28553,5.1572,5.03068,4.90599,4.78314,4.66214,4.543,4.42574,4.31035,4.19685,4.08524,3.97553,3.86771,3.7618,3.65779,3.55569,3.45549,3.35719,3.26079,3.16627,3.07364,2.98288,2.894,2.80698,2.72181,2.63849,2.557,2.47732,2.39945,2.32337,2.24907,2.17652,2.10572,2.03663,1.96925,1.90356,1.83953,1.77715,1.71639,1.65724,1.59966,1.54364,1.48916,1.43618,1.38469,1.33467,1.28608,1.23891,1.19312,1.1487,1.10561,1.06383,1.02334,0.984107,0.946106,0.909313,0.8737,0.839242,0.805913
0.676768,11.8597,11.6781,11.4973,11.3173,11.138,10.9595,10.7819,10.6052,10.4294,10.2545,10.0805,9.90758,9.73565,9.56478,9.39499,9.22631,9.05878,8.89242,8.72726,8.56334,8.40068,8.23931,8.07926,7.92057,7.76325,7.60734,7.45287,7.29985,7.14833,6.99832,6.84986,6.70295,6.55764,6.41394,6.27187,6.13147,5.99274,5.8557,5.72039,5.58681,5.45499,5.32493,5.19666,5.07019,4.94553,4.8227,4.7017,4.58255,4.46526,4.34982,4.23626,4.12458,4.01477,3.90685,3.80082,3.69667,3.59441,3.49404,3.39556,3.29896,3.20422,3.11136,3.02036,2.93122,2.84392,2.75847,2.67485,2.59304,2.51305,2.43484,2.35841,2.28374,2.21082,2.13964,2.07016,2.00238,1.93627,1.87183,1.80902,1.74782,1.68822,1.63019,1.57372,1.51877,1.46533,1.41337,1.36286,1.31379,1.26614,1.21986,1.17495,1.13137,1.0891,1.04811,1.00838,0.969887,0.932599,0.896492,0.861542,0.827722
0.686869,11.8889,11.7076,11.5271,11.3474,11.1684,10.9903,10.813,10.6365,10.461,10.2864,10.1128,9.94016,9.76854,9.59797,9.42849,9.26011,9.09287,8.92681,8.76194,8.59831,8.43593,8.27483,8.11506,7.95663,7.79957,7.64391,7.48968,7.3369,7.1856,7.03581,6.88755,6.74084,6.59572,6.45219,6.31029,6.17003,6.03144,5.89454,5.75934,5.62586,5.49413,5.36415,5.23594,5.10951,4.98488,4.86207,4.74107,4.62191,4.50458,4.38911,4.27548,4.16372,4.05383,3.9458,3.83965,3.73536,3.63296,3.53242,3.43375,3.33696,3.24201,3.14893,3.05768,2.96829,2.88073,2.79499,2.71108,2.62897,2.54865,2.47011,2.39334,2.31832,2.24504,2.17347,2.10361,2.03544,1.96893,1.90407,1.84083,1.77921,1.71917,1.6607,1.60378,1.54837,1.49447,1.44204,1.39107,1.34153,1.29339,1.24664,1.20124,1.15718,1.11442,1.07295,1.03273,0.993747,0.955971,0.919377,0.88394,0.849635
0.69697,11.9181,11.7371,11.5569,11.3775,11.1988,11.021,10.844,10.6678,10.4926,10.3183,10.145,9.97267,9.80136,9.63109,9.46191,9.29383,9.12689,8.96111,8.79653,8.63317,8.47107,8.31025,8.15074,7.99257,7.83576,7.68035,7.52636,7.37381,7.22273,7.07315,6.92509,6.77858,6.63364,6.49028,6.34854,6.20843,6.06998,5.9332,5.79811,5.66474,5.53308,5.40317,5.27502,5.14864,5.02404,4.90124,4.78025,4.66107,4.54372,4.4282,4.31452,4.20269,4.0927,3.98457,3.8783,3.77388,3.67133,3.57063,3.47178,3.37479,3.27964,3.18634,3.09486,3.00521,2.91739,2.83138,2.74718,2.66477,2.58414,2.50528,2.42817,2.3528,2.27916,2.20723,2.13699,2.06842,2.00152,1.93625,1.8726,1.81056,1.75009,1.69119,1.63382,1.57797,1.52361,1.47073,1.41929,1.36929,1.32068,1.27345,1.22758,1.18304,1.1398,1.09785,1.05715,1.01768,0.979426,0.942351,0.906434,0.871649
0.707071,11.9473,11.7666,11.5867,11.4075,11.2292,11.0516,10.8749,10.6991,10.5242,10.3502,10.1772,10.0051,9.83411,9.66415,9.49525,9.32746,9.16081,8.99532,8.83102,8.66794,8.50611,8.34556,8.18631,8.02839,7.87184,7.71666,7.5629,7.41058,7.25972,7.11035,6.96249,6.81616,6.6714,6.52821,6.38663,6.24667,6.10835,5.97169,5.83671,5.70343,5.57186,5.44202,5.31393,5.18759,5.06302,4.94024,4.81924,4.70005,4.58267,4.46711,4.35337,4.24147,4.1314,4.02316,3.91678,3.81223,3.70953,3.60867,3.50965,3.41247,3.31712,3.22359,3.13189,3.042,2.95392,2.86764,2.78315,2.70045,2.61951,2.54033,2.46289,2.38718,2.31319,2.2409,2.17029,2.10134,2.03404,1.96838,1.90433,1.84187,1.78098,1.72165,1.66385,1.60755,1.55275,1.49942,1.44753,1.39706,1.34799,1.3003,1.25396,1.20894,1.16523,1.12281,1.08163,1.04169,1.00296,0.96541,0.929018,0.89376
0.717172,11.9764,11.796,11.6164,11.4375,11.2595,11.0822,10.9058,10.7303,10.5557,10.382,10.2093,10.0375,9.8668,9.69713,9.52852,9.36102,9.19465,9.02944,8.86542,8.70262,8.54105,8.38076,8.22177,8.0641,7.90779,7.75285,7.59932,7.44722,7.29657,7.1474,6.99974,6.8536,6.70901,6.56599,6.42456,6.28474,6.14655,6.01001,5.87514,5.74195,5.61047,5.4807,5.35266,5.22636,5.10182,4.97905,4.85806,4.73885,4.62144,4.50584,4.39205,4.28007,4.16991,4.06158,3.95508,3.8504,3.74756,3.64654,3.54735,3.44999,3.35444,3.2607,3.16877,3.07864,2.99031,2.90377,2.819,2.73601,2.65477,2.57528,2.49751,2.42147,2.34713,2.27448,2.20351,2.13419,2.06651,2.00046,1.936,1.87314,1.81184,1.75208,1.69385,1.63713,1.58189,1.52811,1.47577,1.42485,1.37533,1.32717,1.28037,1.23489,1.19072,1.14782,1.10618,1.06577,1.02657,0.988551,0.95169,0.915965
0.727273,12.0055,11.8254,11.6461,11.4675,11.2898,11.1128,10.9367,10.7615,10.5871,10.4137,10.2413,10.0699,9.89943,9.73004,9.56172,9.3945,9.22841,9.06348,8.89973,8.73719,8.57589,8.41586,8.25712,8.0997,7.94362,7.78892,7.63561,7.48373,7.33329,7.18432,7.03684,6.89089,6.74647,6.60361,6.46233,6.32265,6.18459,6.04816,5.9134,5.7803,5.6489,5.51919,5.39121,5.26495,5.14044,5.01769,4.89669,4.77747,4.66004,4.54439,4.43055,4.3185,4.20826,4.09983,3.99321,3.88841,3.78543,3.68426,3.5849,3.48735,3.39161,3.29767,3.20551,3.11515,3.02657,2.93977,2.85473,2.77145,2.68992,2.61012,2.53204,2.45567,2.38099,2.30799,2.23666,2.16697,2.09892,2.03248,1.96763,1.90436,1.84266,1.78249,1.72384,1.66669,1.61102,1.5568,1.50402,1.45266,1.40268,1.35408,1.30682,1.26089,1.21625,1.1729,1.13079,1.08992,1.05025,1.01177,0.974447,0.938259
0.737374,12.0346,11.8548,11.6758,11.4975,11.32,11.1433,10.9675,10.7926,10.6185,10.4454,10.2733,10.1021,9.93198,9.76288,9.59484,9.4279,9.26209,9.09743,8.93394,8.77167,8.61063,8.45085,8.29235,8.13518,7.97933,7.82486,7.67177,7.5201,7.36987,7.2211,7.07381,6.92803,6.78378,6.64107,6.49994,6.3604,6.22246,6.08615,5.95149,5.81849,5.68716,5.55752,5.42959,5.30338,5.17889,5.05615,4.93516,4.81592,4.69846,4.58278,4.46887,4.35676,4.24644,4.13791,4.03118,3.92626,3.82314,3.72181,3.62229,3.52457,3.42863,3.33449,3.24212,3.15152,3.0627,2.97564,2.89034,2.80678,2.72496,2.64485,2.56646,2.48977,2.41476,2.34142,2.26973,2.19968,2.13126,2.06444,1.99921,1.93555,1.87344,1.81287,1.7538,1.69623,1.64014,1.58549,1.53228,1.48048,1.43006,1.38101,1.3333,1.28692,1.24183,1.19802,1.15546,1.11413,1.07401,1.03507,0.997284,0.960639
0.747475,12.0637,11.8842,11.7054,11.5274,11.3502,11.1738,10.9983,10.8236,10.6499,10.4771,10.3052,10.1343,9.96447,9.79564,9.62789,9.46122,9.29568,9.13128,8.96807,8.80605,8.64526,8.48573,8.32748,8.17054,8.01493,7.86068,7.70781,7.55635,7.40632,7.25774,7.11063,6.96503,6.82094,6.67839,6.5374,6.39799,6.26018,6.12399,5.98942,5.85651,5.72526,5.59568,5.4678,5.34163,5.21717,5.09444,4.97345,4.8542,4.73671,4.62099,4.50703,4.39485,4.28445,4.17583,4.06899,3.96394,3.86069,3.75922,3.65953,3.56163,3.46551,3.37116,3.27858,3.18776,3.0987,3.01139,2.92583,2.84199,2.75988,2.67949,2.60079,2.52378,2.44844,2.37476,2.30273,2.23233,2.16354,2.09635,2.03074,1.9667,1.90419,1.84322,1.78375,1.72576,1.66925,1.61418,1.56054,1.50831,1.45745,1.40796,1.35982,1.31299,1.26745,1.22319,1.18018,1.1384,1.09783,1.05843,1.0202,0.983103
0.757576,12.0928,11.9135,11.735,11.5573,11.3804,11.2043,11.029,10.8547,10.6812,10.5087,10.3371,10.1665,9.99689,9.82834,9.66086,9.49446,9.32919,9.16506,9.0021,8.84034,8.6798,8.52051,8.3625,8.2058,8.05041,7.89638,7.74373,7.59247,7.44263,7.29424,7.14732,7.00188,6.85796,6.71556,6.57472,6.43544,6.29775,6.16166,6.0272,5.89437,5.76319,5.63368,5.50585,5.37971,5.25528,5.13256,5.01157,4.89231,4.7748,4.65903,4.54502,4.43277,4.32229,4.21358,4.10664,4.00147,3.89808,3.79647,3.69662,3.59855,3.50225,3.4077,3.31491,3.22387,3.13458,3.04702,2.9612,2.8771,2.79471,2.71402,2.63502,2.5577,2.48204,2.40803,2.33566,2.26491,2.19576,2.12821,2.06222,1.9978,1.93491,1.87354,1.81367,1.75528,1.69835,1.64287,1.58881,1.53614,1.48486,1.43494,1.38636,1.33909,1.29311,1.24841,1.20496,1.16273,1.12171,1.08187,1.04319,1.00565
0.767677,12.1218,11.9428,11.7646,11.5872,11.4105,11.2347,11.0597,10.8856,10.7125,10.5402,10.3689,10.1986,10.0292,9.86097,9.69375,9.52762,9.36261,9.19874,9.03604,8.87453,8.71424,8.55519,8.39742,8.24094,8.08578,7.93197,7.77952,7.62846,7.47882,7.33062,7.18387,7.0386,6.89484,6.75259,6.61188,6.47273,6.33516,6.19918,6.06481,5.93207,5.80097,5.67152,5.54374,5.41764,5.29323,5.17052,5.04953,4.93026,4.81272,4.69691,4.58285,4.47054,4.35998,4.25118,4.14413,4.03885,3.93533,3.83357,3.73357,3.63533,3.53884,3.4441,3.35111,3.25985,3.17032,3.08253,2.99645,2.91209,2.82942,2.74845,2.66915,2.59152,2.51555,2.44122,2.36851,2.29742,2.22792,2.16001,2.09366,2.02886,1.96558,1.90383,1.84356,1.78477,1.72744,1.67155,1.61707,1.56399,1.51229,1.46194,1.41292,1.36522,1.31881,1.27367,1.22978,1.18711,1.14565,1.10537,1.06625,1.02827
0.777778,12.1508,11.9721,11.7942,11.617,11.4406,11.2651,11.0904,10.9166,10.7436,10.5717,10.4006,10.2306,10.0615,9.89353,9.72657,9.56071,9.39596,9.23234,9.06989,8.90863,8.74858,8.58977,8.43223,8.27597,8.12103,7.96743,7.81519,7.66433,7.51488,7.36686,7.22029,7.07518,6.93157,6.78947,6.6489,6.50988,6.37242,6.23655,6.10227,5.96961,5.83858,5.70919,5.58146,5.4554,5.33102,5.20832,5.08733,4.96805,4.85048,4.73464,4.62052,4.50815,4.39751,4.28862,4.18147,4.07607,3.97242,3.87052,3.77037,3.67196,3.5753,3.48037,3.38717,3.2957,3.20595,3.11792,3.03159,2.94697,2.86403,2.78278,2.70319,2.62526,2.54898,2.47433,2.40129,2.32986,2.26002,2.19175,2.12504,2.05987,1.99623,1.93409,1.87343,1.81425,1.75652,1.70022,1.64534,1.59184,1.53972,1.48895,1.43951,1.39139,1.34455,1.29898,1.25465,1.21155,1.16965,1.12894,1.08938,1.05096
0.787879,12.1798,12.0013,11.8237,11.6468,11.4707,11.2954,11.121,10.9474,10.7748,10.6031,10.4323,10.2625,10.0938,9.92601,9.75932,9.59372,9.42922,9.26585,9.10365,8.94263,8.78282,8.62425,8.46693,8.3109,8.15618,8.00278,7.85074,7.70008,7.55082,7.40297,7.25657,7.11163,6.96817,6.82622,6.68578,6.54688,6.40954,6.27377,6.13959,6.00701,5.87605,5.74672,5.61903,5.49301,5.36865,5.24596,5.12497,5.00567,4.88808,4.7722,4.65804,4.5456,4.43489,4.3259,4.21866,4.11315,4.00937,3.90733,3.80703,3.70846,3.61162,3.51651,3.42311,3.33143,3.24146,3.15319,3.06662,2.98174,2.89854,2.81701,2.73714,2.65892,2.58233,2.50736,2.434,2.36224,2.29206,2.22344,2.15638,2.09085,2.02683,1.96431,1.90328,1.84371,1.78559,1.72889,1.6736,1.6197,1.56717,1.51598,1.46613,1.41758,1.37032,1.32432,1.27957,1.23604,1.19371,1.15257,1.11258,1.07373
0.79798,12.2087,12.0305,11.8531,11.6765,11.5007,11.3257,11.1515,10.9783,10.8059,10.6344,10.4639,10.2944,10.1259,9.95843,9.792,9.62664,9.4624,9.29928,9.13732,8.97654,8.81697,8.65862,8.50153,8.34572,8.19121,8.03802,7.88618,7.73571,7.58663,7.43896,7.29273,7.14795,7.00464,6.86282,6.72252,6.58374,6.44651,6.31084,6.17675,6.04425,5.91336,5.78409,5.65645,5.53046,5.40612,5.28345,5.16246,5.04315,4.92553,4.80961,4.6954,4.5829,4.47211,4.36304,4.2557,4.15007,4.04617,3.944,3.84355,3.74482,3.64781,3.55251,3.45892,3.36704,3.27685,3.18835,3.10154,3.01641,2.93295,2.85115,2.771,2.69248,2.61559,2.54032,2.46664,2.39455,2.32404,2.25508,2.18766,2.12177,2.0574,1.99451,1.9331,1.87315,1.81464,1.75755,1.70186,1.64756,1.59462,1.54303,1.49276,1.4438,1.39612,1.3497,1.30453,1.26058,1.21783,1.17625,1.13584,1.09656
0.808081,12.2376,12.0597,11.8826,11.7062,11.5307,11.3559,11.182,11.009,10.8369,10.6657,10.4955,10.3263,10.158,9.99077,9.82459,9.65949,9.4955,9.33263,9.17091,9.01036,8.85102,8.6929,8.53603,8.38043,8.22613,8.07315,7.9215,7.77122,7.62232,7.47482,7.32875,7.18413,7.04097,6.89929,6.75912,6.62046,6.48334,6.34777,6.21377,6.08135,5.95052,5.82131,5.69371,5.56776,5.44344,5.32078,5.19979,5.08047,4.96282,4.84687,4.73261,4.62005,4.50919,4.40003,4.29259,4.18686,4.08284,3.98053,3.87993,3.78105,3.68387,3.58839,3.49461,3.40252,3.31212,3.2234,3.13635,3.05097,2.96726,2.88519,2.80476,2.72596,2.64878,2.5732,2.49921,2.4268,2.35596,2.28666,2.2189,2.15266,2.08792,2.02467,1.96289,1.90257,1.84367,1.7862,1.73012,1.67542,1.62208,1.57009,1.51941,1.47004,1.42195,1.37512,1.32953,1.28516,1.24199,1.2,1.15916,1.11947
0.818182,12.2665,12.0889,11.912,11.7359,11.5606,11.3861,11.2125,11.0398,10.8679,10.697,10.527,10.358,10.19,10.023,9.85712,9.69227,9.52852,9.36589,9.2044,9.04409,8.88498,8.72708,8.57043,8.41504,8.26095,8.10816,7.95671,7.80661,7.65789,7.51056,7.36466,7.22018,7.07717,6.93563,6.79558,6.65704,6.52003,6.38455,6.25064,6.1183,5.98754,5.85838,5.73083,5.60491,5.48061,5.35797,5.23697,5.11764,4.99997,4.88398,4.76967,4.65705,4.54612,4.43688,4.32934,4.2235,4.11936,4.01692,3.91618,3.81714,3.7198,3.62414,3.53018,3.43789,3.34727,3.25833,3.17105,3.08543,3.00146,2.91913,2.83843,2.75935,2.68188,2.606,2.53171,2.45898,2.38781,2.31819,2.25009,2.1835,2.11841,2.0548,1.99266,1.93196,1.87269,1.81484,1.75837,1.70328,1.64955,1.59716,1.54608,1.49631,1.44781,1.40057,1.35457,1.30979,1.2662,1.22379,1.18254,1.14243
0.828283,12.2953,12.118,11.9414,11.7655,11.5905,11.4163,11.2429,11.0704,10.8988,10.7282,10.5585,10.3897,10.222,10.0553,9.88957,9.72497,9.56145,9.39906,9.23781,9.07773,8.91884,8.76117,8.60473,8.44955,8.29565,8.14306,7.9918,7.84189,7.69334,7.54618,7.40043,7.25611,7.11324,6.97183,6.83191,6.69348,6.55658,6.4212,6.28737,6.1551,6.02441,5.89531,5.7678,5.64191,5.51764,5.395,5.27401,5.15466,5.03697,4.92094,4.80659,4.69391,4.5829,4.47358,4.36595,4.26001,4.15575,4.05318,3.9523,3.85311,3.7556,3.65977,3.56562,3.47314,3.38231,3.29315,3.20565,3.11979,3.03557,2.95299,2.87202,2.79266,2.7149,2.63873,2.56413,2.4911,2.41961,2.34966,2.28123,2.2143,2.14886,2.0849,2.0224,1.96133,1.90169,1.84346,1.78662,1.73115,1.67703,1.62424,1.57277,1.52259,1.47369,1.42605,1.37964,1.33445,1.29046,1.24764,1.20598,1.16546
0.838384,12.3242,12.1471,11.9707,11.7951,11.6203,11.4464,11.2733,11.1011,10.9297,10.7593,10.5899,10.4214,10.2539,10.0874,9.92195,9.75759,9.59431,9.43216,9.27114,9.11128,8.95261,8.79515,8.63892,8.48395,8.33026,8.17786,8.02678,7.87705,7.72867,7.58168,7.43609,7.29192,7.14918,7.00791,6.8681,6.72979,6.59299,6.45771,6.32396,6.19177,6.06114,5.93209,5.80463,5.67877,5.55452,5.43189,5.3109,5.19154,5.07382,4.95776,4.84336,4.73062,4.61955,4.51015,4.40242,4.29637,4.192,4.08931,3.98829,3.88895,3.79128,3.69528,3.60095,3.50827,3.41725,3.32787,3.24014,3.15405,3.06959,2.98675,2.90552,2.82589,2.74785,2.67138,2.59649,2.52315,2.45135,2.38108,2.31231,2.24505,2.17928,2.11496,2.05211,1.99068,1.93068,1.87208,1.81486,1.75901,1.7045,1.65133,1.59947,1.5489,1.4996,1.45156,1.40475,1.35916,1.31476,1.27154,1.22947,1.18854
0.848485,12.3529,12.1761,12,11.8247,11.6501,11.4764,11.3036,11.1316,10.9605,10.7904,10.6212,10.4529,10.2857,10.1195,9.95426,9.79013,9.62709,9.46517,9.30437,9.14474,8.98629,8.82904,8.67302,8.51825,8.36475,8.21255,8.06165,7.91209,7.76389,7.61706,7.47162,7.32759,7.185,7.04385,6.90417,6.76597,6.62927,6.49408,6.36042,6.2283,6.09773,5.96873,5.84132,5.71549,5.59126,5.46864,5.34764,5.22827,5.11054,4.99444,4.87999,4.7672,4.65606,4.54658,4.43876,4.33261,4.22812,4.1253,4.02415,3.92466,3.82683,3.73067,3.63615,3.54329,3.45206,3.36248,3.27453,3.18821,3.10351,3.02042,2.93893,2.85903,2.78071,2.70397,2.62878,2.55514,2.48303,2.41244,2.34335,2.27576,2.20965,2.14499,2.08179,2.02001,1.95965,1.90068,1.84309,1.78687,1.73198,1.67843,1.62618,1.57522,1.52554,1.4771,1.4299,1.38391,1.33911,1.29549,1.25302,1.21168
0.858586,12.3817,12.2051,12.0292,11.8542,11.6799,11.5065,11.3339,11.1621,10.9913,10.8214,10.6524,10.4844,10.3174,10.1514,9.98649,9.8226,9.65979,9.4981,9.33753,9.17811,9.01988,8.86284,8.70703,8.55245,8.39915,8.24713,8.09641,7.94703,7.79899,7.65232,7.50703,7.36315,7.22069,7.07967,6.94011,6.80202,6.66542,6.53032,6.39674,6.26469,6.13419,6.00524,5.87786,5.75207,5.62786,5.50525,5.38425,5.26487,5.14711,5.03098,4.91649,4.80363,4.69243,4.58287,4.47496,4.36871,4.26411,4.16117,4.05988,3.96025,3.86227,3.76594,3.67125,3.5782,3.48678,3.39698,3.30882,3.22227,3.13733,3.05399,2.97225,2.89209,2.8135,2.73648,2.661,2.58706,2.51465,2.44375,2.37434,2.30643,2.23998,2.17499,2.11144,2.04931,1.98859,1.92927,1.87131,1.81472,1.75947,1.70553,1.65291,1.60157,1.55149,1.50267,1.45507,1.40869,1.3635,1.31948,1.27661,1.23488
0.868687,12.4104,12.2341,12.0585,11.8836,11.7096,11.5364,11.3641,11.1926,11.022,10.8524,10.6837,10.5159,10.3491,10.1834,10.0187,9.855,9.69242,9.53094,9.3706,9.2114,9.05337,8.89654,8.74093,8.58656,8.43344,8.2816,8.13107,7.98185,7.83398,7.68746,7.54233,7.39859,7.25626,7.11537,6.97592,6.83794,6.70144,6.56643,6.43293,6.30095,6.17051,6.04161,5.91427,5.78851,5.66432,5.54172,5.42072,5.30132,5.18354,5.06738,4.95284,4.83993,4.72866,4.61903,4.51103,4.40468,4.29997,4.19691,4.09549,3.99572,3.89758,3.80109,3.70623,3.61299,3.52138,3.43139,3.343,3.25623,3.17106,3.08748,3.00549,2.92507,2.84621,2.76891,2.69315,2.61892,2.54621,2.475,2.40529,2.33705,2.27027,2.20495,2.14106,2.07859,2.01752,1.95784,1.89953,1.84257,1.78695,1.73264,1.67964,1.62792,1.57747,1.52826,1.48028,1.43351,1.38793,1.34351,1.30026,1.25813
0.878788,12.4391,12.263,12.0877,11.9131,11.7393,11.5664,11.3943,11.223,11.0527,10.8833,10.7148,10.5473,10.3808,10.2152,10.0507,9.88732,9.72496,9.56371,9.40358,9.2446,9.08678,8.93016,8.77474,8.62056,8.46763,8.31598,8.16562,8.01657,7.86886,7.7225,7.57751,7.4339,7.29171,7.15094,7.01161,6.87373,6.73733,6.6024,6.46898,6.33707,6.20669,6.07785,5.95055,5.82481,5.70064,5.57805,5.45705,5.33765,5.21984,5.10365,4.98907,4.8761,4.76477,4.65506,4.54697,4.44053,4.33571,4.23253,4.13098,4.03107,3.93278,3.83613,3.7411,3.64768,3.55588,3.46568,3.37709,3.2901,3.2047,3.12089,3.03865,2.95797,2.87885,2.80128,2.72524,2.65072,2.57771,2.5062,2.43618,2.36762,2.30053,2.23488,2.17065,2.10784,2.04643,1.9864,1.92773,1.87041,1.81443,1.75976,1.70639,1.65429,1.60346,1.55387,1.50551,1.45836,1.41239,1.36759,1.32395,1.28143
0.888889,12.4678,12.2919,12.1168,11.9425,11.7689,11.5962,11.4244,11.2534,11.0833,10.9141,10.7459,10.5786,10.4123,10.247,10.0828,9.91956,9.75743,9.5964,9.43648,9.27771,9.1201,8.96367,8.80846,8.65446,8.50172,8.35024,8.20006,8.05118,7.90362,7.75741,7.61257,7.46911,7.32704,7.18639,7.04717,6.9094,6.77309,6.63826,6.50491,6.37307,6.24275,6.11395,5.98669,5.86098,5.73684,5.61426,5.49325,5.37383,5.25601,5.13978,5.02516,4.91214,4.80074,4.69095,4.58279,4.47624,4.37132,4.26802,4.16635,4.0663,3.96787,3.87105,3.77585,3.68226,3.59027,3.49988,3.41108,3.32388,3.23825,3.1542,3.07172,2.99079,2.91141,2.83357,2.75725,2.68245,2.60916,2.53735,2.46702,2.39816,2.33074,2.26477,2.20021,2.13707,2.07531,2.01494,1.95592,1.89825,1.84191,1.78688,1.73314,1.68067,1.62947,1.57951,1.53077,1.48324,1.43689,1.39171,1.34768,1.30478
0.89899,12.4964,12.3208,12.1459,11.9718,11.7985,11.6261,11.4545,11.2837,11.1139,10.9449,10.7769,10.6099,10.4438,10.2787,10.1147,9.95173,9.78982,9.629,9.4693,9.31073,9.15333,8.9971,8.84208,8.68827,8.53571,8.38441,8.23439,8.08568,7.93828,7.79222,7.64752,7.50419,7.36225,7.22172,7.08261,6.94494,6.80873,6.67398,6.54071,6.40894,6.27867,6.14992,6.0227,5.89703,5.7729,5.65032,5.52932,5.40989,5.29204,5.17578,5.06112,4.94805,4.83659,4.72673,4.61848,4.51184,4.40681,4.3034,4.2016,4.10141,4.00284,3.90587,3.8105,3.71674,3.62456,3.53398,3.44498,3.35756,3.27171,3.18743,3.10471,3.02353,2.9439,2.86579,2.78921,2.71413,2.64054,2.56844,2.49781,2.42864,2.36092,2.29462,2.22974,2.16627,2.10418,2.04346,1.9841,1.92608,1.86938,1.81399,1.75989,1.70707,1.6555,1.60517,1.55606,1.50815,1.46142,1.41586,1.37146,1.32818
0.909091,12.525,12.3496,12.175,12.0011,11.8281,11.6559,11.4845,11.314,11.1444,10.9757,10.8079,10.6411,10.4752,10.3104,10.1466,9.98383,9.82213,9.66153,9.50204,9.34368,9.18647,9.03044,8.8756,8.72199,8.5696,8.41848,8.26863,8.12007,7.97283,7.82692,7.68236,7.53916,7.39735,7.25694,7.11794,6.98037,6.84425,6.70958,6.57639,6.44468,6.31447,6.18577,6.05859,5.93294,5.80883,5.68626,5.56526,5.44582,5.32795,5.21166,5.09695,4.98383,4.87231,4.76237,4.65404,4.54731,4.44218,4.33866,4.23673,4.13641,4.03769,3.94057,3.84505,3.75111,3.65875,3.56798,3.47878,3.39115,3.30508,3.22058,3.13762,3.0562,2.97631,2.89795,2.82109,2.74574,2.67187,2.59948,2.52856,2.45909,2.39105,2.32444,2.25924,2.19544,2.13302,2.07197,2.01227,1.9539,1.89686,1.84111,1.78666,1.73347,1.68154,1.63084,1.58136,1.53308,1.48599,1.44006,1.39527,1.35162
0.919192,12.5535,12.3784,12.204,12.0304,11.8576,11.6856,11.5145,11.3442,11.1748,11.0063,10.8388,10.6722,10.5066,10.342,10.1784,10.0159,9.85437,9.69398,9.53469,9.37653,9.21953,9.06369,8.90904,8.75561,8.6034,8.45245,8.30276,8.15436,8.00727,7.86151,7.71708,7.57402,7.43233,7.29203,7.15314,7.01567,6.87964,6.74506,6.61194,6.4803,6.35014,6.22149,6.09435,5.96872,5.84463,5.72208,5.60107,5.48162,5.36373,5.24741,5.13266,5.01949,4.9079,4.7979,4.68949,4.58266,4.47743,4.3738,4.27175,4.1713,4.07244,3.97517,3.87948,3.78537,3.69284,3.60188,3.51248,3.42465,3.33837,3.25364,3.17045,3.08879,3.00865,2.93003,2.85291,2.77729,2.70314,2.63047,2.55925,2.48948,2.42115,2.35423,2.28871,2.22459,2.16184,2.10046,2.04042,1.98172,1.92433,1.86823,1.81343,1.75989,1.70759,1.65654,1.60669,1.55805,1.51059,1.46428,1.41913,1.3751
0.929293,12.582,12.4071,12.233,12.0596,11.887,11.7153,11.5444,11.3743,11.2052,11.0369,10.8696,10.7033,10.5379,10.3735,10.2101,10.0478,9.88653,9.72635,9.56727,9.40931,9.25249,9.09685,8.94239,8.78913,8.6371,8.48632,8.33679,8.18855,8.04161,7.89599,7.7517,7.60877,7.4672,7.32702,7.18823,7.05086,6.91492,6.78042,6.64737,6.51579,6.38569,6.25709,6.12998,6.00438,5.88031,5.75776,5.63676,5.51729,5.39938,5.28303,5.16824,5.05502,4.94338,4.8333,4.72481,4.6179,4.51257,4.40882,4.30666,4.20608,4.10708,4.00966,3.91381,3.81954,3.72683,3.63568,3.54609,3.45805,3.37156,3.28661,3.20319,3.1213,3.04092,2.96205,2.88467,2.80878,2.73436,2.66141,2.5899,2.51984,2.4512,2.38397,2.31815,2.25371,2.19064,2.12893,2.06856,2.00952,1.95179,1.89535,1.8402,1.78631,1.73366,1.68225,1.63204,1.58304,1.53521,1.48855,1.44302,1.39863
0.939394,12.6105,12.4358,12.2619,12.0888,11.9165,11.7449,11.5743,11.4045,11.2355,11.0675,10.9004,10.7343,10.5691,10.405,10.2418,10.0797,9.91862,9.75864,9.59976,9.442,9.28538,9.12992,8.97564,8.82256,8.67071,8.52009,8.37073,8.22264,8.07585,7.93037,7.78621,7.6434,7.50196,7.36189,7.22321,7.08593,6.95008,6.81566,6.68268,6.55117,6.42112,6.29256,6.16549,6.03992,5.91586,5.79333,5.67232,5.55285,5.43492,5.31853,5.2037,5.09044,4.97873,4.86859,4.76002,4.65302,4.54759,4.44373,4.34145,4.24074,4.14161,4.04404,3.94804,3.85361,3.76073,3.6694,3.57961,3.49138,3.40468,3.31951,3.23586,3.15374,3.07312,2.994,2.91636,2.84021,2.76552,2.69229,2.6205,2.55015,2.48121,2.41369,2.34755,2.2828,2.21942,2.15738,2.09669,2.03731,1.97925,1.92247,1.86697,1.81273,1.75974,1.70797,1.65742,1.60805,1.55987,1.51284,1.46695,1.42219
0.949495,12.639,12.4645,12.2908,12.1179,11.9458,11.7745,11.6041,11.4345,11.2658,11.098,10.9312,10.7652,10.6003,10.4363,10.2734,10.1115,9.95064,9.79086,9.63217,9.47461,9.31818,9.1629,9.00881,8.8559,8.70422,8.55376,8.40456,8.25663,8.10998,7.96464,7.82062,7.67793,7.5366,7.39664,7.25807,7.12089,6.98512,6.85078,6.71788,6.58642,6.45643,6.32791,6.20088,6.07534,5.9513,5.82877,5.70776,5.58828,5.47032,5.35391,5.23905,5.12573,5.01396,4.90375,4.79511,4.68802,4.58249,4.47853,4.37614,4.2753,4.17603,4.07832,3.98217,3.88757,3.79452,3.70301,3.61304,3.52461,3.4377,3.35232,3.26846,3.1861,3.10524,3.02588,2.94799,2.87158,2.79662,2.72312,2.65105,2.58041,2.51119,2.44336,2.37693,2.31186,2.24817,2.18581,2.12479,2.06509,2.0067,1.94959,1.89375,1.83917,1.78583,1.73371,1.68281,1.63309,1.58455,1.53716,1.49092,1.4458
0.959596,12.6674,12.4932,12.3197,12.147,11.9751,11.8041,11.6339,11.4645,11.296,11.1285,10.9618,10.7961,10.6314,10.4677,10.3049,10.1432,9.98257,9.823,9.66451,9.50714,9.35089,9.1958,9.04188,8.88915,8.73763,8.58734,8.43829,8.29051,8.14401,7.9988,7.85491,7.71236,7.57114,7.43129,7.29281,7.15573,7.02005,6.88579,6.75295,6.62156,6.49162,6.36315,6.23615,6.11063,5.98661,5.86409,5.74308,5.62358,5.50561,5.38917,5.27427,5.1609,5.04908,4.93881,4.83008,4.72291,4.61729,4.51322,4.41071,4.30976,4.21035,4.1125,4.0162,3.92144,3.82822,3.73654,3.64638,3.55775,3.47065,3.38506,3.30097,3.21839,3.1373,3.05769,2.97956,2.90289,2.82767,2.7539,2.68155,2.61063,2.54112,2.473,2.40627,2.3409,2.27689,2.21423,2.15289,2.09286,2.03414,1.9767,1.92053,1.86561,1.81193,1.75947,1.70821,1.65815,1.60925,1.56152,1.51492,1.46944
0.969697,12.6957,12.5218,12.3485,12.1761,12.0044,11.8336,11.6636,11.4945,11.3262,11.1589,10.9924,10.827,10.6624,10.4989,10.3364,10.1749,10.0144,9.85506,9.69677,9.53958,9.38353,9.22862,9.07487,8.92231,8.77096,8.62083,8.47193,8.3243,8.17794,8.03287,7.88911,7.74667,7.60557,7.46583,7.32745,7.19046,7.05486,6.92068,6.78791,6.65658,6.52669,6.39826,6.2713,6.14581,6.0218,5.89929,5.77828,5.65878,5.54079,5.42432,5.30938,5.19596,5.08408,4.97374,4.86494,4.75768,4.65197,4.5478,4.44518,4.3441,4.24457,4.14658,4.05013,3.95522,3.86183,3.76997,3.67964,3.59082,3.50351,3.41771,3.33341,3.2506,3.16928,3.08944,3.01106,2.93414,2.85866,2.78462,2.71201,2.64081,2.57101,2.5026,2.43557,2.36991,2.30559,2.24262,2.18097,2.12062,2.06157,2.00381,1.9473,1.89205,1.83803,1.78523,1.73363,1.68322,1.63398,1.5859,1.53895,1.49312
0.979798,12.7241,12.5503,12.3773,12.2051,12.0337,11.863,11.6933,11.5244,11.3563,11.1892,11.023,10.8577,10.6934,10.5301,10.3678,10.2065,10.0462,9.88705,9.72895,9.57195,9.41608,9.26134,9.10777,8.95538,8.80419,8.65422,8.50548,8.35799,8.21177,8.06683,7.9232,7.78088,7.6399,7.50026,7.36198,7.22508,7.08957,6.95546,6.82276,6.69149,6.56165,6.43326,6.30633,6.18087,6.05688,5.93438,5.81336,5.69385,5.57584,5.45935,5.34437,5.23091,5.11897,5.00857,4.89969,4.79235,4.68655,4.58228,4.47954,4.37835,4.27869,4.18056,4.08396,3.98889,3.89535,3.80332,3.7128,3.62379,3.53629,3.45028,3.36577,3.28275,3.2012,3.12112,3.0425,2.96533,2.8896,2.8153,2.74241,2.67094,2.60086,2.53217,2.46485,2.39889,2.33427,2.27099,2.20903,2.14837,2.089,2.03091,1.97408,1.9185,1.86414,1.81101,1.75907,1.70832,1.65874,1.6103,1.56301,1.51683
0.989899,12.7524,12.5788,12.4061,12.234,12.0628,11.8925,11.7229,11.5542,11.3864,11.2195,11.0535,10.8884,10.7243,10.5612,10.3991,10.238,10.078,9.91896,9.76105,9.60424,9.44854,9.29399,9.14059,8.98837,8.83734,8.68752,8.53893,8.39158,8.2455,8.1007,7.95719,7.81499,7.67412,7.53458,7.39641,7.25959,7.12416,6.99013,6.8575,6.72628,6.5965,6.46815,6.34125,6.21582,6.09184,5.96935,5.84833,5.72881,5.61078,5.49426,5.37924,5.26574,5.15375,5.04328,4.93433,4.82691,4.72101,4.61665,4.5138,4.41249,4.3127,4.21444,4.1177,4.02248,3.92877,3.83657,3.74588,3.65668,3.56899,3.48278,3.39806,3.31482,3.23305,3.15273,3.07388,2.99646,2.92048,2.84592,2.77277,2.70103,2.63068,2.5617,2.49409,2.42784,2.36292,2.29934,2.23707,2.1761,2.11642,2.05801,2.00085,1.94495,1.89026,1.8368,1.78452,1.73343,1.68351,1.63474,1.5871,1.54057
1,12.7806,12.6073,12.4348,12.263,12.092,11.9218,11.7525,11.584,11.4164,11.2497,11.0839,10.9191,10.7552,10.5923,10.4304,10.2695,10.1096,9.9508,9.79307,9.63644,9.48093,9.32655,9.17332,9.02126,8.87039,8.72073,8.57228,8.42508,8.27914,8.13446,7.99108,7.849,7.70823,7.5688,7.43072,7.294,7.15865,7.02469,6.89212,6.76097,6.63123,6.50293,6.37606,6.25065,6.12669,6.0042,5.88319,5.76366,5.64561,5.52906,5.41401,5.30046,5.18842,5.07788,4.96887,4.86136,4.75538,4.65091,4.54796,4.44653,4.34662,4.24822,4.15134,4.05597,3.9621,3.86974,3.77887,3.6895,3.60161,3.5152,3.43028,3.34682,3.26483,3.18429,3.10519,3.02754,2.9513,2.87649,2.80308,2.73107,2.66045,2.59119,2.5233,2.45676,2.39155,2.32767,2.26509,2.20382,2.14382,2.0851,2.02763,1.9714,1.91639,1.86259,1.80999,1.75857,1.70831,1.65919,1.61121,1.56435
